type,n,seed,distribution,repeat,method,ms
u32,10000,13579,uniform,0,ska_sort,0.139708
u32,10000,13579,uniform,0,ska_sort_copy,0.035459
u32,10000,13579,uniform,0,radixkit,0.026083
u32,10000,13579,uniform,0,adaptive,0.026333
u32,10000,13579,uniform,0,std_sort,0.169
u32,10000,13579,uniform,1,ska_sort_copy,0.03575
u32,10000,13579,uniform,1,radixkit,0.026
u32,10000,13579,uniform,1,adaptive,0.026375
u32,10000,13579,uniform,1,std_sort,0.166833
u32,10000,13579,uniform,1,ska_sort,0.13475
u32,10000,13579,uniform,2,radixkit,0.025958
u32,10000,13579,uniform,2,adaptive,0.0265
u32,10000,13579,uniform,2,std_sort,0.16625
u32,10000,13579,uniform,2,ska_sort,0.134958
u32,10000,13579,uniform,2,ska_sort_copy,0.036125
u32,10000,13579,uniform,3,adaptive,0.026209
u32,10000,13579,uniform,3,std_sort,0.164542
u32,10000,13579,uniform,3,ska_sort,0.133
u32,10000,13579,uniform,3,ska_sort_copy,0.035709
u32,10000,13579,uniform,3,radixkit,0.025916
u32,10000,13579,uniform,4,std_sort,0.164
u32,10000,13579,uniform,4,ska_sort,0.132333
u32,10000,13579,uniform,4,ska_sort_copy,0.035417
u32,10000,13579,uniform,4,radixkit,0.026125
u32,10000,13579,uniform,4,adaptive,0.026125
u32,10000,13579,uniform,5,ska_sort,0.132042
u32,10000,13579,uniform,5,ska_sort_copy,0.035625
u32,10000,13579,uniform,5,radixkit,0.026083
u32,10000,13579,uniform,5,adaptive,0.026417
u32,10000,13579,uniform,5,std_sort,0.164125
u32,10000,13579,uniform,6,ska_sort_copy,0.035583
u32,10000,13579,uniform,6,radixkit,0.04875
u32,10000,13579,uniform,6,adaptive,0.078208
u32,10000,13579,uniform,6,std_sort,0.487625
u32,10000,13579,uniform,6,ska_sort,0.400958
u32,10000,13579,uniform,7,radixkit,0.078375
u32,10000,13579,uniform,7,adaptive,0.078416
u32,10000,13579,uniform,7,std_sort,0.501292
u32,10000,13579,uniform,7,ska_sort,0.38975
u32,10000,13579,uniform,7,ska_sort_copy,0.1085
u32,10000,13579,uniform,8,adaptive,0.078083
u32,10000,13579,uniform,8,std_sort,0.547417
u32,10000,13579,uniform,8,ska_sort,0.382708
u32,10000,13579,uniform,8,ska_sort_copy,0.107
u32,10000,13579,uniform,8,radixkit,0.078584
u32,10000,13579,uniform16,0,ska_sort,0.548875
u32,10000,13579,uniform16,0,ska_sort_copy,0.232625
u32,10000,13579,uniform16,0,radixkit,0.066292
u32,10000,13579,uniform16,0,adaptive,0.067
u32,10000,13579,uniform16,0,std_sort,0.502792
u32,10000,13579,uniform16,1,ska_sort_copy,0.2325
u32,10000,13579,uniform16,1,radixkit,0.0655
u32,10000,13579,uniform16,1,adaptive,0.065542
u32,10000,13579,uniform16,1,std_sort,0.487291
u32,10000,13579,uniform16,1,ska_sort,0.52775
u32,10000,13579,uniform16,2,radixkit,0.066208
u32,10000,13579,uniform16,2,adaptive,0.066041
u32,10000,13579,uniform16,2,std_sort,0.463333
u32,10000,13579,uniform16,2,ska_sort,0.427791
u32,10000,13579,uniform16,2,ska_sort_copy,0.191916
u32,10000,13579,uniform16,3,adaptive,0.053916
u32,10000,13579,uniform16,3,std_sort,0.387167
u32,10000,13579,uniform16,3,ska_sort,0.429583
u32,10000,13579,uniform16,3,ska_sort_copy,0.192625
u32,10000,13579,uniform16,3,radixkit,0.05375
u32,10000,13579,uniform16,4,std_sort,0.38825
u32,10000,13579,uniform16,4,ska_sort,0.43
u32,10000,13579,uniform16,4,ska_sort_copy,0.19175
u32,10000,13579,uniform16,4,radixkit,0.053833
u32,10000,13579,uniform16,4,adaptive,0.054458
u32,10000,13579,uniform16,5,ska_sort,0.425667
u32,10000,13579,uniform16,5,ska_sort_copy,0.193208
u32,10000,13579,uniform16,5,radixkit,0.053792
u32,10000,13579,uniform16,5,adaptive,0.05425
u32,10000,13579,uniform16,5,std_sort,0.386041
u32,10000,13579,uniform16,6,ska_sort_copy,0.191291
u32,10000,13579,uniform16,6,radixkit,0.053791
u32,10000,13579,uniform16,6,adaptive,0.054208
u32,10000,13579,uniform16,6,std_sort,0.401125
u32,10000,13579,uniform16,6,ska_sort,0.426959
u32,10000,13579,uniform16,7,radixkit,0.05425
u32,10000,13579,uniform16,7,adaptive,0.054
u32,10000,13579,uniform16,7,std_sort,0.3825
u32,10000,13579,uniform16,7,ska_sort,0.427958
u32,10000,13579,uniform16,7,ska_sort_copy,0.192041
u32,10000,13579,uniform16,8,adaptive,0.05375
u32,10000,13579,uniform16,8,std_sort,0.382375
u32,10000,13579,uniform16,8,ska_sort,0.417209
u32,10000,13579,uniform16,8,ska_sort_copy,0.192625
u32,10000,13579,uniform16,8,radixkit,0.053875
u32,10000,13579,zeros99,0,ska_sort,0.330375
u32,10000,13579,zeros99,0,ska_sort_copy,0.250542
u32,10000,13579,zeros99,0,radixkit,0.175125
u32,10000,13579,zeros99,0,adaptive,0.010875
u32,10000,13579,zeros99,0,std_sort,0.017709
u32,10000,13579,zeros99,1,ska_sort_copy,0.229333
u32,10000,13579,zeros99,1,radixkit,0.175542
u32,10000,13579,zeros99,1,adaptive,0.008958
u32,10000,13579,zeros99,1,std_sort,0.017125
u32,10000,13579,zeros99,1,ska_sort,0.27475
u32,10000,13579,zeros99,2,radixkit,0.1745
u32,10000,13579,zeros99,2,adaptive,0.00875
u32,10000,13579,zeros99,2,std_sort,0.0165
u32,10000,13579,zeros99,2,ska_sort,0.264125
u32,10000,13579,zeros99,2,ska_sort_copy,0.232833
u32,10000,13579,zeros99,3,adaptive,0.008541
u32,10000,13579,zeros99,3,std_sort,0.0165
u32,10000,13579,zeros99,3,ska_sort,0.270417
u32,10000,13579,zeros99,3,ska_sort_copy,0.234333
u32,10000,13579,zeros99,3,radixkit,0.194584
u32,10000,13579,zeros99,4,std_sort,0.016542
u32,10000,13579,zeros99,4,ska_sort,0.266
u32,10000,13579,zeros99,4,ska_sort_copy,0.234709
u32,10000,13579,zeros99,4,radixkit,0.174
u32,10000,13579,zeros99,4,adaptive,0.0085
u32,10000,13579,zeros99,5,ska_sort,0.266708
u32,10000,13579,zeros99,5,ska_sort_copy,0.233125
u32,10000,13579,zeros99,5,radixkit,0.176166
u32,10000,13579,zeros99,5,adaptive,0.008416
u32,10000,13579,zeros99,5,std_sort,0.016417
u32,10000,13579,zeros99,6,ska_sort_copy,0.230291
u32,10000,13579,zeros99,6,radixkit,0.175125
u32,10000,13579,zeros99,6,adaptive,0.008416
u32,10000,13579,zeros99,6,std_sort,0.0165
u32,10000,13579,zeros99,6,ska_sort,0.263792
u32,10000,13579,zeros99,7,radixkit,0.174334
u32,10000,13579,zeros99,7,adaptive,0.008458
u32,10000,13579,zeros99,7,std_sort,0.016458
u32,10000,13579,zeros99,7,ska_sort,0.266625
u32,10000,13579,zeros99,7,ska_sort_copy,0.2295
u32,10000,13579,zeros99,8,adaptive,0.008459
u32,10000,13579,zeros99,8,std_sort,0.0165
u32,10000,13579,zeros99,8,ska_sort,0.264208
u32,10000,13579,zeros99,8,ska_sort_copy,0.229833
u32,10000,13579,zeros99,8,radixkit,0.1745
u32,10000,13579,equal,0,ska_sort,0.180209
u32,10000,13579,equal,0,ska_sort_copy,0.22775
u32,10000,13579,equal,0,radixkit,0.025292
u32,10000,13579,equal,0,adaptive,0.001083
u32,10000,13579,equal,0,std_sort,0.026875
u32,10000,13579,equal,1,ska_sort_copy,0.227833
u32,10000,13579,equal,1,radixkit,0.025208
u32,10000,13579,equal,1,adaptive,0.001041
u32,10000,13579,equal,1,std_sort,0.026875
u32,10000,13579,equal,1,ska_sort,0.180375
u32,10000,13579,equal,2,radixkit,0.0255
u32,10000,13579,equal,2,adaptive,0.001041
u32,10000,13579,equal,2,std_sort,0.026833
u32,10000,13579,equal,2,ska_sort,0.182666
u32,10000,13579,equal,2,ska_sort_copy,0.228083
u32,10000,13579,equal,3,adaptive,0.001041
u32,10000,13579,equal,3,std_sort,0.026792
u32,10000,13579,equal,3,ska_sort,0.180625
u32,10000,13579,equal,3,ska_sort_copy,0.228083
u32,10000,13579,equal,3,radixkit,0.02525
u32,10000,13579,equal,4,std_sort,0.02675
u32,10000,13579,equal,4,ska_sort,0.187625
u32,10000,13579,equal,4,ska_sort_copy,0.227958
u32,10000,13579,equal,4,radixkit,0.025292
u32,10000,13579,equal,4,adaptive,0.001041
u32,10000,13579,equal,5,ska_sort,0.161667
u32,10000,13579,equal,5,ska_sort_copy,0.197625
u32,10000,13579,equal,5,radixkit,0.021875
u32,10000,13579,equal,5,adaptive,0.000875
u32,10000,13579,equal,5,std_sort,0.023333
u32,10000,13579,equal,6,ska_sort_copy,0.197792
u32,10000,13579,equal,6,radixkit,0.021917
u32,10000,13579,equal,6,adaptive,0.000875
u32,10000,13579,equal,6,std_sort,0.023292
u32,10000,13579,equal,6,ska_sort,0.156333
u32,10000,13579,equal,7,radixkit,0.022125
u32,10000,13579,equal,7,adaptive,0.000875
u32,10000,13579,equal,7,std_sort,0.023291
u32,10000,13579,equal,7,ska_sort,0.156875
u32,10000,13579,equal,7,ska_sort_copy,0.199875
u32,10000,13579,equal,8,adaptive,0.000875
u32,10000,13579,equal,8,std_sort,0.02325
u32,10000,13579,equal,8,ska_sort,0.155458
u32,10000,13579,equal,8,ska_sort_copy,0.207583
u32,10000,13579,equal,8,radixkit,0.022125
u32,10000,13579,ascending,0,ska_sort,0.211
u32,10000,13579,ascending,0,ska_sort_copy,0.142834
u32,10000,13579,ascending,0,radixkit,0.041834
u32,10000,13579,ascending,0,adaptive,0.00625
u32,10000,13579,ascending,0,std_sort,0.017917
u32,10000,13579,ascending,1,ska_sort_copy,0.13625
u32,10000,13579,ascending,1,radixkit,0.042
u32,10000,13579,ascending,1,adaptive,0.006125
u32,10000,13579,ascending,1,std_sort,0.01775
u32,10000,13579,ascending,1,ska_sort,0.21225
u32,10000,13579,ascending,2,radixkit,0.041917
u32,10000,13579,ascending,2,adaptive,0.006167
u32,10000,13579,ascending,2,std_sort,0.017666
u32,10000,13579,ascending,2,ska_sort,0.216959
u32,10000,13579,ascending,2,ska_sort_copy,0.133167
u32,10000,13579,ascending,3,adaptive,0.006042
u32,10000,13579,ascending,3,std_sort,0.017583
u32,10000,13579,ascending,3,ska_sort,0.209833
u32,10000,13579,ascending,3,ska_sort_copy,0.132958
u32,10000,13579,ascending,3,radixkit,0.041791
u32,10000,13579,ascending,4,std_sort,0.017541
u32,10000,13579,ascending,4,ska_sort,0.210292
u32,10000,13579,ascending,4,ska_sort_copy,0.132958
u32,10000,13579,ascending,4,radixkit,0.041625
u32,10000,13579,ascending,4,adaptive,0.006084
u32,10000,13579,ascending,5,ska_sort,0.209
u32,10000,13579,ascending,5,ska_sort_copy,0.144875
u32,10000,13579,ascending,5,radixkit,0.066333
u32,10000,13579,ascending,5,adaptive,0.006208
u32,10000,13579,ascending,5,std_sort,0.017958
u32,10000,13579,ascending,6,ska_sort_copy,0.133208
u32,10000,13579,ascending,6,radixkit,0.042167
u32,10000,13579,ascending,6,adaptive,0.006167
u32,10000,13579,ascending,6,std_sort,0.017667
u32,10000,13579,ascending,6,ska_sort,0.209792
u32,10000,13579,ascending,7,radixkit,0.042291
u32,10000,13579,ascending,7,adaptive,0.006167
u32,10000,13579,ascending,7,std_sort,0.017667
u32,10000,13579,ascending,7,ska_sort,0.210667
u32,10000,13579,ascending,7,ska_sort_copy,0.133583
u32,10000,13579,ascending,8,adaptive,0.006083
u32,10000,13579,ascending,8,std_sort,0.017708
u32,10000,13579,ascending,8,ska_sort,0.210291
u32,10000,13579,ascending,8,ska_sort_copy,0.140041
u32,10000,13579,ascending,8,radixkit,0.042125
u32,10000,13579,descending,0,ska_sort,0.226959
u32,10000,13579,descending,0,ska_sort_copy,0.132959
u32,10000,13579,descending,0,radixkit,0.041666
u32,10000,13579,descending,0,adaptive,0.009333
u32,10000,13579,descending,0,std_sort,0.030833
u32,10000,13579,descending,1,ska_sort_copy,0.135792
u32,10000,13579,descending,1,radixkit,0.042084
u32,10000,13579,descending,1,adaptive,0.009416
u32,10000,13579,descending,1,std_sort,0.030667
u32,10000,13579,descending,1,ska_sort,0.22625
u32,10000,13579,descending,2,radixkit,0.042125
u32,10000,13579,descending,2,adaptive,0.009333
u32,10000,13579,descending,2,std_sort,0.030541
u32,10000,13579,descending,2,ska_sort,0.226958
u32,10000,13579,descending,2,ska_sort_copy,0.133167
u32,10000,13579,descending,3,adaptive,0.00925
u32,10000,13579,descending,3,std_sort,0.030416
u32,10000,13579,descending,3,ska_sort,0.226542
u32,10000,13579,descending,3,ska_sort_copy,0.132958
u32,10000,13579,descending,3,radixkit,0.042
u32,10000,13579,descending,4,std_sort,0.030542
u32,10000,13579,descending,4,ska_sort,0.226333
u32,10000,13579,descending,4,ska_sort_copy,0.133125
u32,10000,13579,descending,4,radixkit,0.041833
u32,10000,13579,descending,4,adaptive,0.00925
u32,10000,13579,descending,5,ska_sort,0.229166
u32,10000,13579,descending,5,ska_sort_copy,0.133292
u32,10000,13579,descending,5,radixkit,0.042
u32,10000,13579,descending,5,adaptive,0.00925
u32,10000,13579,descending,5,std_sort,0.030458
u32,10000,13579,descending,6,ska_sort_copy,0.142375
u32,10000,13579,descending,6,radixkit,0.044417
u32,10000,13579,descending,6,adaptive,0.009292
u32,10000,13579,descending,6,std_sort,0.0305
u32,10000,13579,descending,6,ska_sort,0.22925
u32,10000,13579,descending,7,radixkit,0.042
u32,10000,13579,descending,7,adaptive,0.009292
u32,10000,13579,descending,7,std_sort,0.030416
u32,10000,13579,descending,7,ska_sort,0.233334
u32,10000,13579,descending,7,ska_sort_copy,0.133125
u32,10000,13579,descending,8,adaptive,0.00925
u32,10000,13579,descending,8,std_sort,0.0305
u32,10000,13579,descending,8,ska_sort,0.227708
u32,10000,13579,descending,8,ska_sort_copy,0.134084
u32,10000,13579,descending,8,radixkit,0.041792
u32,10000,13579,sparse8,0,ska_sort,0.307209
u32,10000,13579,sparse8,0,ska_sort_copy,0.102834
u32,10000,13579,sparse8,0,radixkit,0.060625
u32,10000,13579,sparse8,0,adaptive,0.023375
u32,10000,13579,sparse8,0,std_sort,0.168958
u32,10000,13579,sparse8,1,ska_sort_copy,0.102959
u32,10000,13579,sparse8,1,radixkit,0.057958
u32,10000,13579,sparse8,1,adaptive,0.022167
u32,10000,13579,sparse8,1,std_sort,0.152875
u32,10000,13579,sparse8,1,ska_sort,0.29875
u32,10000,13579,sparse8,2,radixkit,0.057208
u32,10000,13579,sparse8,2,adaptive,0.02175
u32,10000,13579,sparse8,2,std_sort,0.148375
u32,10000,13579,sparse8,2,ska_sort,0.294584
u32,10000,13579,sparse8,2,ska_sort_copy,0.102667
u32,10000,13579,sparse8,3,adaptive,0.021666
u32,10000,13579,sparse8,3,std_sort,0.143833
u32,10000,13579,sparse8,3,ska_sort,0.291708
u32,10000,13579,sparse8,3,ska_sort_copy,0.102542
u32,10000,13579,sparse8,3,radixkit,0.057125
u32,10000,13579,sparse8,4,std_sort,0.141708
u32,10000,13579,sparse8,4,ska_sort,0.290292
u32,10000,13579,sparse8,4,ska_sort_copy,0.102959
u32,10000,13579,sparse8,4,radixkit,0.057583
u32,10000,13579,sparse8,4,adaptive,0.021583
u32,10000,13579,sparse8,5,ska_sort,0.288
u32,10000,13579,sparse8,5,ska_sort_copy,0.103334
u32,10000,13579,sparse8,5,radixkit,0.05725
u32,10000,13579,sparse8,5,adaptive,0.021375
u32,10000,13579,sparse8,5,std_sort,0.140458
u32,10000,13579,sparse8,6,ska_sort_copy,0.102709
u32,10000,13579,sparse8,6,radixkit,0.056916
u32,10000,13579,sparse8,6,adaptive,0.021083
u32,10000,13579,sparse8,6,std_sort,0.138834
u32,10000,13579,sparse8,6,ska_sort,0.286208
u32,10000,13579,sparse8,7,radixkit,0.057125
u32,10000,13579,sparse8,7,adaptive,0.020875
u32,10000,13579,sparse8,7,std_sort,0.13725
u32,10000,13579,sparse8,7,ska_sort,0.286167
u32,10000,13579,sparse8,7,ska_sort_copy,0.102833
u32,10000,13579,sparse8,8,adaptive,0.020834
u32,10000,13579,sparse8,8,std_sort,0.136833
u32,10000,13579,sparse8,8,ska_sort,0.285958
u32,10000,13579,sparse8,8,ska_sort_copy,0.102875
u32,10000,13579,sparse8,8,radixkit,0.057333
u32,10000,13579,nearly_sorted,0,ska_sort,0.208542
u32,10000,13579,nearly_sorted,0,ska_sort_copy,0.105584
u32,10000,13579,nearly_sorted,0,radixkit,0.033125
u32,10000,13579,nearly_sorted,0,adaptive,0.033959
u32,10000,13579,nearly_sorted,0,std_sort,0.046834
u32,10000,13579,nearly_sorted,1,ska_sort_copy,0.109125
u32,10000,13579,nearly_sorted,1,radixkit,0.033042
u32,10000,13579,nearly_sorted,1,adaptive,0.033542
u32,10000,13579,nearly_sorted,1,std_sort,0.045459
u32,10000,13579,nearly_sorted,1,ska_sort,0.18675
u32,10000,13579,nearly_sorted,2,radixkit,0.032959
u32,10000,13579,nearly_sorted,2,adaptive,0.033625
u32,10000,13579,nearly_sorted,2,std_sort,0.044875
u32,10000,13579,nearly_sorted,2,ska_sort,0.186292
u32,10000,13579,nearly_sorted,2,ska_sort_copy,0.105667
u32,10000,13579,nearly_sorted,3,adaptive,0.033875
u32,10000,13579,nearly_sorted,3,std_sort,0.044583
u32,10000,13579,nearly_sorted,3,ska_sort,0.185375
u32,10000,13579,nearly_sorted,3,ska_sort_copy,0.105208
u32,10000,13579,nearly_sorted,3,radixkit,0.033292
u32,10000,13579,nearly_sorted,4,std_sort,0.044542
u32,10000,13579,nearly_sorted,4,ska_sort,0.187166
u32,10000,13579,nearly_sorted,4,ska_sort_copy,0.105333
u32,10000,13579,nearly_sorted,4,radixkit,0.070834
u32,10000,13579,nearly_sorted,4,adaptive,0.03425
u32,10000,13579,nearly_sorted,5,ska_sort,0.188417
u32,10000,13579,nearly_sorted,5,ska_sort_copy,0.113375
u32,10000,13579,nearly_sorted,5,radixkit,0.033667
u32,10000,13579,nearly_sorted,5,adaptive,0.034166
u32,10000,13579,nearly_sorted,5,std_sort,0.050125
u32,10000,13579,nearly_sorted,6,ska_sort_copy,0.106917
u32,10000,13579,nearly_sorted,6,radixkit,0.033292
u32,10000,13579,nearly_sorted,6,adaptive,0.033833
u32,10000,13579,nearly_sorted,6,std_sort,0.0465
u32,10000,13579,nearly_sorted,6,ska_sort,0.187709
u32,10000,13579,nearly_sorted,7,radixkit,0.033375
u32,10000,13579,nearly_sorted,7,adaptive,0.033708
u32,10000,13579,nearly_sorted,7,std_sort,0.052834
u32,10000,13579,nearly_sorted,7,ska_sort,0.223666
u32,10000,13579,nearly_sorted,7,ska_sort_copy,0.1055
u32,10000,13579,nearly_sorted,8,adaptive,0.034083
u32,10000,13579,nearly_sorted,8,std_sort,0.045041
u32,10000,13579,nearly_sorted,8,ska_sort,0.186416
u32,10000,13579,nearly_sorted,8,ska_sort_copy,0.108208
u32,10000,13579,nearly_sorted,8,radixkit,0.033375
u64,10000,13579,uniform,0,ska_sort,0.186834
u64,10000,13579,uniform,0,ska_sort_copy,0.180709
u64,10000,13579,uniform,0,radixkit,0.075959
u64,10000,13579,uniform,0,adaptive,0.073042
u64,10000,13579,uniform,0,std_sort,0.24925
u64,10000,13579,uniform,1,ska_sort_copy,0.176917
u64,10000,13579,uniform,1,radixkit,0.072708
u64,10000,13579,uniform,1,adaptive,0.072833
u64,10000,13579,uniform,1,std_sort,0.246292
u64,10000,13579,uniform,1,ska_sort,0.175208
u64,10000,13579,uniform,2,radixkit,0.083708
u64,10000,13579,uniform,2,adaptive,0.072542
u64,10000,13579,uniform,2,std_sort,0.244875
u64,10000,13579,uniform,2,ska_sort,0.174625
u64,10000,13579,uniform,2,ska_sort_copy,0.184167
u64,10000,13579,uniform,3,adaptive,0.08175
u64,10000,13579,uniform,3,std_sort,0.244625
u64,10000,13579,uniform,3,ska_sort,0.172583
u64,10000,13579,uniform,3,ska_sort_copy,0.181916
u64,10000,13579,uniform,3,radixkit,0.075292
u64,10000,13579,uniform,4,std_sort,0.244375
u64,10000,13579,uniform,4,ska_sort,0.171
u64,10000,13579,uniform,4,ska_sort_copy,0.171042
u64,10000,13579,uniform,4,radixkit,0.072834
u64,10000,13579,uniform,4,adaptive,0.072417
u64,10000,13579,uniform,5,ska_sort,0.170167
u64,10000,13579,uniform,5,ska_sort_copy,0.169333
u64,10000,13579,uniform,5,radixkit,0.070959
u64,10000,13579,uniform,5,adaptive,0.066209
u64,10000,13579,uniform,5,std_sort,0.23375
u64,10000,13579,uniform,6,ska_sort_copy,0.157667
u64,10000,13579,uniform,6,radixkit,0.066709
u64,10000,13579,uniform,6,adaptive,0.066334
u64,10000,13579,uniform,6,std_sort,0.223375
u64,10000,13579,uniform,6,ska_sort,0.1545
u64,10000,13579,uniform,7,radixkit,0.066541
u64,10000,13579,uniform,7,adaptive,0.065875
u64,10000,13579,uniform,7,std_sort,0.223458
u64,10000,13579,uniform,7,ska_sort,0.154833
u64,10000,13579,uniform,7,ska_sort_copy,0.154875
u64,10000,13579,uniform,8,adaptive,0.066334
u64,10000,13579,uniform,8,std_sort,0.223667
u64,10000,13579,uniform,8,ska_sort,0.157208
u64,10000,13579,uniform,8,ska_sort_copy,0.1545
u64,10000,13579,uniform,8,radixkit,0.066333
u64,10000,13579,uniform16,0,ska_sort,0.348042
u64,10000,13579,uniform16,0,ska_sort_copy,0.349291
u64,10000,13579,uniform16,0,radixkit,0.04975
u64,10000,13579,uniform16,0,adaptive,0.049583
u64,10000,13579,uniform16,0,std_sort,0.22775
u64,10000,13579,uniform16,1,ska_sort_copy,0.347667
u64,10000,13579,uniform16,1,radixkit,0.049666
u64,10000,13579,uniform16,1,adaptive,0.049083
u64,10000,13579,uniform16,1,std_sort,0.225958
u64,10000,13579,uniform16,1,ska_sort,0.353166
u64,10000,13579,uniform16,2,radixkit,0.0495
u64,10000,13579,uniform16,2,adaptive,0.060542
u64,10000,13579,uniform16,2,std_sort,0.239375
u64,10000,13579,uniform16,2,ska_sort,0.343875
u64,10000,13579,uniform16,2,ska_sort_copy,0.356166
u64,10000,13579,uniform16,3,adaptive,0.049541
u64,10000,13579,uniform16,3,std_sort,0.22525
u64,10000,13579,uniform16,3,ska_sort,0.345834
u64,10000,13579,uniform16,3,ska_sort_copy,0.316875
u64,10000,13579,uniform16,3,radixkit,0.045709
u64,10000,13579,uniform16,4,std_sort,0.207167
u64,10000,13579,uniform16,4,ska_sort,0.445375
u64,10000,13579,uniform16,4,ska_sort_copy,0.357334
u64,10000,13579,uniform16,4,radixkit,0.047667
u64,10000,13579,uniform16,4,adaptive,0.046083
u64,10000,13579,uniform16,5,ska_sort,0.345583
u64,10000,13579,uniform16,5,ska_sort_copy,0.32425
u64,10000,13579,uniform16,5,radixkit,0.045875
u64,10000,13579,uniform16,5,adaptive,0.045625
u64,10000,13579,uniform16,5,std_sort,0.218875
u64,10000,13579,uniform16,6,ska_sort_copy,0.313167
u64,10000,13579,uniform16,6,radixkit,0.045708
u64,10000,13579,uniform16,6,adaptive,0.045583
u64,10000,13579,uniform16,6,std_sort,0.209167
u64,10000,13579,uniform16,6,ska_sort,0.318709
u64,10000,13579,uniform16,7,radixkit,0.045917
u64,10000,13579,uniform16,7,adaptive,0.045292
u64,10000,13579,uniform16,7,std_sort,0.206541
u64,10000,13579,uniform16,7,ska_sort,0.310958
u64,10000,13579,uniform16,7,ska_sort_copy,0.303791
u64,10000,13579,uniform16,8,adaptive,0.055
u64,10000,13579,uniform16,8,std_sort,0.214792
u64,10000,13579,uniform16,8,ska_sort,0.314916
u64,10000,13579,uniform16,8,ska_sort_copy,0.317042
u64,10000,13579,uniform16,8,radixkit,0.061125
u64,10000,13579,zeros99,0,ska_sort,0.21875
u64,10000,13579,zeros99,0,ska_sort_copy,0.220166
u64,10000,13579,zeros99,0,radixkit,0.00475
u64,10000,13579,zeros99,0,adaptive,0.005792
u64,10000,13579,zeros99,0,std_sort,0.01025
u64,10000,13579,zeros99,1,ska_sort_copy,0.217709
u64,10000,13579,zeros99,1,radixkit,0.004458
u64,10000,13579,zeros99,1,adaptive,0.005667
u64,10000,13579,zeros99,1,std_sort,0.010166
u64,10000,13579,zeros99,1,ska_sort,0.218875
u64,10000,13579,zeros99,2,radixkit,0.004417
u64,10000,13579,zeros99,2,adaptive,0.005625
u64,10000,13579,zeros99,2,std_sort,0.009666
u64,10000,13579,zeros99,2,ska_sort,0.222709
u64,10000,13579,zeros99,2,ska_sort_copy,0.220208
u64,10000,13579,zeros99,3,adaptive,0.005166
u64,10000,13579,zeros99,3,std_sort,0.009708
u64,10000,13579,zeros99,3,ska_sort,0.217458
u64,10000,13579,zeros99,3,ska_sort_copy,0.218
u64,10000,13579,zeros99,3,radixkit,0.004417
u64,10000,13579,zeros99,4,std_sort,0.009583
u64,10000,13579,zeros99,4,ska_sort,0.21825
u64,10000,13579,zeros99,4,ska_sort_copy,0.21625
u64,10000,13579,zeros99,4,radixkit,0.004417
u64,10000,13579,zeros99,4,adaptive,0.004375
u64,10000,13579,zeros99,5,ska_sort,0.231
u64,10000,13579,zeros99,5,ska_sort_copy,0.219209
u64,10000,13579,zeros99,5,radixkit,0.004416
u64,10000,13579,zeros99,5,adaptive,0.004458
u64,10000,13579,zeros99,5,std_sort,0.009584
u64,10000,13579,zeros99,6,ska_sort_copy,0.218042
u64,10000,13579,zeros99,6,radixkit,0.004416
u64,10000,13579,zeros99,6,adaptive,0.004375
u64,10000,13579,zeros99,6,std_sort,0.0095
u64,10000,13579,zeros99,6,ska_sort,0.219416
u64,10000,13579,zeros99,7,radixkit,0.004417
u64,10000,13579,zeros99,7,adaptive,0.004375
u64,10000,13579,zeros99,7,std_sort,0.009583
u64,10000,13579,zeros99,7,ska_sort,0.217375
u64,10000,13579,zeros99,7,ska_sort_copy,0.218583
u64,10000,13579,zeros99,8,adaptive,0.004375
u64,10000,13579,zeros99,8,std_sort,0.009542
u64,10000,13579,zeros99,8,ska_sort,0.216334
u64,10000,13579,zeros99,8,ska_sort_copy,0.219833
u64,10000,13579,zeros99,8,radixkit,0.004417
u64,10000,13579,equal,0,ska_sort,0.195708
u64,10000,13579,equal,0,ska_sort_copy,0.195792
u64,10000,13579,equal,0,radixkit,0.001875
u64,10000,13579,equal,0,adaptive,0.00125
u64,10000,13579,equal,0,std_sort,0.014458
u64,10000,13579,equal,1,ska_sort_copy,0.196209
u64,10000,13579,equal,1,radixkit,0.001875
u64,10000,13579,equal,1,adaptive,0.00125
u64,10000,13579,equal,1,std_sort,0.014458
u64,10000,13579,equal,1,ska_sort,0.195416
u64,10000,13579,equal,2,radixkit,0.001875
u64,10000,13579,equal,2,adaptive,0.00125
u64,10000,13579,equal,2,std_sort,0.014542
u64,10000,13579,equal,2,ska_sort,0.19475
u64,10000,13579,equal,2,ska_sort_copy,0.196833
u64,10000,13579,equal,3,adaptive,0.00125
u64,10000,13579,equal,3,std_sort,0.014541
u64,10000,13579,equal,3,ska_sort,0.196375
u64,10000,13579,equal,3,ska_sort_copy,0.197792
u64,10000,13579,equal,3,radixkit,0.001834
u64,10000,13579,equal,4,std_sort,0.0145
u64,10000,13579,equal,4,ska_sort,0.196708
u64,10000,13579,equal,4,ska_sort_copy,0.196083
u64,10000,13579,equal,4,radixkit,0.001875
u64,10000,13579,equal,4,adaptive,0.00125
u64,10000,13579,equal,5,ska_sort,0.196083
u64,10000,13579,equal,5,ska_sort_copy,0.197584
u64,10000,13579,equal,5,radixkit,0.001875
u64,10000,13579,equal,5,adaptive,0.001333
u64,10000,13579,equal,5,std_sort,0.014583
u64,10000,13579,equal,6,ska_sort_copy,0.208417
u64,10000,13579,equal,6,radixkit,0.001833
u64,10000,13579,equal,6,adaptive,0.00125
u64,10000,13579,equal,6,std_sort,0.014542
u64,10000,13579,equal,6,ska_sort,0.196542
u64,10000,13579,equal,7,radixkit,0.001833
u64,10000,13579,equal,7,adaptive,0.00125
u64,10000,13579,equal,7,std_sort,0.0145
u64,10000,13579,equal,7,ska_sort,0.222792
u64,10000,13579,equal,7,ska_sort_copy,0.197667
u64,10000,13579,equal,8,adaptive,0.001208
u64,10000,13579,equal,8,std_sort,0.0145
u64,10000,13579,equal,8,ska_sort,0.199792
u64,10000,13579,equal,8,ska_sort_copy,0.208459
u64,10000,13579,equal,8,radixkit,0.001875
u64,10000,13579,ascending,0,ska_sort,0.22875
u64,10000,13579,ascending,0,ska_sort_copy,0.228625
u64,10000,13579,ascending,0,radixkit,0.007208
u64,10000,13579,ascending,0,adaptive,0.007167
u64,10000,13579,ascending,0,std_sort,0.011
u64,10000,13579,ascending,1,ska_sort_copy,0.228125
u64,10000,13579,ascending,1,radixkit,0.007042
u64,10000,13579,ascending,1,adaptive,0.00725
u64,10000,13579,ascending,1,std_sort,0.011042
u64,10000,13579,ascending,1,ska_sort,0.229625
u64,10000,13579,ascending,2,radixkit,0.007167
u64,10000,13579,ascending,2,adaptive,0.007167
u64,10000,13579,ascending,2,std_sort,0.010959
u64,10000,13579,ascending,2,ska_sort,0.227542
u64,10000,13579,ascending,2,ska_sort_copy,0.232667
u64,10000,13579,ascending,3,adaptive,0.007209
u64,10000,13579,ascending,3,std_sort,0.011
u64,10000,13579,ascending,3,ska_sort,0.225709
u64,10000,13579,ascending,3,ska_sort_copy,0.21175
u64,10000,13579,ascending,3,radixkit,0.006625
u64,10000,13579,ascending,4,std_sort,0.010167
u64,10000,13579,ascending,4,ska_sort,0.214459
u64,10000,13579,ascending,4,ska_sort_copy,0.231417
u64,10000,13579,ascending,4,radixkit,0.006833
u64,10000,13579,ascending,4,adaptive,0.006833
u64,10000,13579,ascending,5,ska_sort,0.222625
u64,10000,13579,ascending,5,ska_sort_copy,0.213917
u64,10000,13579,ascending,5,radixkit,0.00675
u64,10000,13579,ascending,5,adaptive,0.006708
u64,10000,13579,ascending,5,std_sort,0.0105
u64,10000,13579,ascending,6,ska_sort_copy,0.212208
u64,10000,13579,ascending,6,radixkit,0.006666
u64,10000,13579,ascending,6,adaptive,0.006666
u64,10000,13579,ascending,6,std_sort,0.010208
u64,10000,13579,ascending,6,ska_sort,0.211542
u64,10000,13579,ascending,7,radixkit,0.006667
u64,10000,13579,ascending,7,adaptive,0.006708
u64,10000,13579,ascending,7,std_sort,0.010333
u64,10000,13579,ascending,7,ska_sort,0.210542
u64,10000,13579,ascending,7,ska_sort_copy,0.21275
u64,10000,13579,ascending,8,adaptive,0.006709
u64,10000,13579,ascending,8,std_sort,0.010125
u64,10000,13579,ascending,8,ska_sort,0.212583
u64,10000,13579,ascending,8,ska_sort_copy,0.213167
u64,10000,13579,ascending,8,radixkit,0.006666
u64,10000,13579,descending,0,ska_sort,0.222333
u64,10000,13579,descending,0,ska_sort_copy,0.22175
u64,10000,13579,descending,0,radixkit,0.008459
u64,10000,13579,descending,0,adaptive,0.008708
u64,10000,13579,descending,0,std_sort,0.018708
u64,10000,13579,descending,1,ska_sort_copy,0.225667
u64,10000,13579,descending,1,radixkit,0.008625
u64,10000,13579,descending,1,adaptive,0.008833
u64,10000,13579,descending,1,std_sort,0.018083
u64,10000,13579,descending,1,ska_sort,0.220792
u64,10000,13579,descending,2,radixkit,0.0085
u64,10000,13579,descending,2,adaptive,0.0085
u64,10000,13579,descending,2,std_sort,0.017875
u64,10000,13579,descending,2,ska_sort,0.229125
u64,10000,13579,descending,2,ska_sort_copy,0.223042
u64,10000,13579,descending,3,adaptive,0.008667
u64,10000,13579,descending,3,std_sort,0.017917
u64,10000,13579,descending,3,ska_sort,0.232125
u64,10000,13579,descending,3,ska_sort_copy,0.221
u64,10000,13579,descending,3,radixkit,0.0085
u64,10000,13579,descending,4,std_sort,0.017875
u64,10000,13579,descending,4,ska_sort,0.221542
u64,10000,13579,descending,4,ska_sort_copy,0.222542
u64,10000,13579,descending,4,radixkit,0.008542
u64,10000,13579,descending,4,adaptive,0.008542
u64,10000,13579,descending,5,ska_sort,0.222042
u64,10000,13579,descending,5,ska_sort_copy,0.221416
u64,10000,13579,descending,5,radixkit,0.008417
u64,10000,13579,descending,5,adaptive,0.008584
u64,10000,13579,descending,5,std_sort,0.017916
u64,10000,13579,descending,6,ska_sort_copy,0.221333
u64,10000,13579,descending,6,radixkit,0.008458
u64,10000,13579,descending,6,adaptive,0.0085
u64,10000,13579,descending,6,std_sort,0.01775
u64,10000,13579,descending,6,ska_sort,0.221792
u64,10000,13579,descending,7,radixkit,0.008459
u64,10000,13579,descending,7,adaptive,0.008542
u64,10000,13579,descending,7,std_sort,0.01775
u64,10000,13579,descending,7,ska_sort,0.220625
u64,10000,13579,descending,7,ska_sort_copy,0.221208
u64,10000,13579,descending,8,adaptive,0.0085
u64,10000,13579,descending,8,std_sort,0.017959
u64,10000,13579,descending,8,ska_sort,0.22225
u64,10000,13579,descending,8,ska_sort_copy,0.240583
u64,10000,13579,descending,8,radixkit,0.008417
u64,10000,13579,sparse8,0,ska_sort,0.443875
u64,10000,13579,sparse8,0,ska_sort_copy,0.443083
u64,10000,13579,sparse8,0,radixkit,0.135375
u64,10000,13579,sparse8,0,adaptive,0.027834
u64,10000,13579,sparse8,0,std_sort,0.119042
u64,10000,13579,sparse8,1,ska_sort_copy,0.451583
u64,10000,13579,sparse8,1,radixkit,0.135541
u64,10000,13579,sparse8,1,adaptive,0.027791
u64,10000,13579,sparse8,1,std_sort,0.117541
u64,10000,13579,sparse8,1,ska_sort,0.434875
u64,10000,13579,sparse8,2,radixkit,0.130709
u64,10000,13579,sparse8,2,adaptive,0.0265
u64,10000,13579,sparse8,2,std_sort,0.108792
u64,10000,13579,sparse8,2,ska_sort,0.418
u64,10000,13579,sparse8,2,ska_sort_copy,0.412833
u64,10000,13579,sparse8,3,adaptive,0.026375
u64,10000,13579,sparse8,3,std_sort,0.10675
u64,10000,13579,sparse8,3,ska_sort,0.417666
u64,10000,13579,sparse8,3,ska_sort_copy,0.419083
u64,10000,13579,sparse8,3,radixkit,0.130667
u64,10000,13579,sparse8,4,std_sort,0.105917
u64,10000,13579,sparse8,4,ska_sort,0.413542
u64,10000,13579,sparse8,4,ska_sort_copy,0.402041
u64,10000,13579,sparse8,4,radixkit,0.131208
u64,10000,13579,sparse8,4,adaptive,0.0265
u64,10000,13579,sparse8,5,ska_sort,0.399083
u64,10000,13579,sparse8,5,ska_sort_copy,0.398291
u64,10000,13579,sparse8,5,radixkit,0.138375
u64,10000,13579,sparse8,5,adaptive,0.026333
u64,10000,13579,sparse8,5,std_sort,0.105292
u64,10000,13579,sparse8,6,ska_sort_copy,0.397542
u64,10000,13579,sparse8,6,radixkit,0.130833
u64,10000,13579,sparse8,6,adaptive,0.026333
u64,10000,13579,sparse8,6,std_sort,0.117792
u64,10000,13579,sparse8,6,ska_sort,0.62
u64,10000,13579,sparse8,7,radixkit,0.137125
u64,10000,13579,sparse8,7,adaptive,0.027
u64,10000,13579,sparse8,7,std_sort,0.104959
u64,10000,13579,sparse8,7,ska_sort,0.404833
u64,10000,13579,sparse8,7,ska_sort_copy,0.396166
u64,10000,13579,sparse8,8,adaptive,0.026208
u64,10000,13579,sparse8,8,std_sort,0.108042
u64,10000,13579,sparse8,8,ska_sort,0.40375
u64,10000,13579,sparse8,8,ska_sort_copy,0.3935
u64,10000,13579,sparse8,8,radixkit,0.130041
u64,10000,13579,nearly_sorted,0,ska_sort,0.217417
u64,10000,13579,nearly_sorted,0,ska_sort_copy,0.21625
u64,10000,13579,nearly_sorted,0,radixkit,0.038709
u64,10000,13579,nearly_sorted,0,adaptive,0.038959
u64,10000,13579,nearly_sorted,0,std_sort,0.034375
u64,10000,13579,nearly_sorted,1,ska_sort_copy,0.224417
u64,10000,13579,nearly_sorted,1,radixkit,0.03875
u64,10000,13579,nearly_sorted,1,adaptive,0.038959
u64,10000,13579,nearly_sorted,1,std_sort,0.051084
u64,10000,13579,nearly_sorted,1,ska_sort,0.219042
u64,10000,13579,nearly_sorted,2,radixkit,0.038708
u64,10000,13579,nearly_sorted,2,adaptive,0.038791
u64,10000,13579,nearly_sorted,2,std_sort,0.033166
u64,10000,13579,nearly_sorted,2,ska_sort,0.226583
u64,10000,13579,nearly_sorted,2,ska_sort_copy,0.214667
u64,10000,13579,nearly_sorted,3,adaptive,0.038833
u64,10000,13579,nearly_sorted,3,std_sort,0.032916
u64,10000,13579,nearly_sorted,3,ska_sort,0.215333
u64,10000,13579,nearly_sorted,3,ska_sort_copy,0.218958
u64,10000,13579,nearly_sorted,3,radixkit,0.038708
u64,10000,13579,nearly_sorted,4,std_sort,0.03275
u64,10000,13579,nearly_sorted,4,ska_sort,0.214958
u64,10000,13579,nearly_sorted,4,ska_sort_copy,0.215417
u64,10000,13579,nearly_sorted,4,radixkit,0.038625
u64,10000,13579,nearly_sorted,4,adaptive,0.038667
u64,10000,13579,nearly_sorted,5,ska_sort,0.22025
u64,10000,13579,nearly_sorted,5,ska_sort_copy,0.216667
u64,10000,13579,nearly_sorted,5,radixkit,0.038584
u64,10000,13579,nearly_sorted,5,adaptive,0.038667
u64,10000,13579,nearly_sorted,5,std_sort,0.032417
u64,10000,13579,nearly_sorted,6,ska_sort_copy,0.216375
u64,10000,13579,nearly_sorted,6,radixkit,0.038625
u64,10000,13579,nearly_sorted,6,adaptive,0.038875
u64,10000,13579,nearly_sorted,6,std_sort,0.032875
u64,10000,13579,nearly_sorted,6,ska_sort,0.2225
u64,10000,13579,nearly_sorted,7,radixkit,0.038542
u64,10000,13579,nearly_sorted,7,adaptive,0.038791
u64,10000,13579,nearly_sorted,7,std_sort,0.032458
u64,10000,13579,nearly_sorted,7,ska_sort,0.216875
u64,10000,13579,nearly_sorted,7,ska_sort_copy,0.217
u64,10000,13579,nearly_sorted,8,adaptive,0.039042
u64,10000,13579,nearly_sorted,8,std_sort,0.032292
u64,10000,13579,nearly_sorted,8,ska_sort,0.2145
u64,10000,13579,nearly_sorted,8,ska_sort_copy,0.217208
u64,10000,13579,nearly_sorted,8,radixkit,0.038625
kv32,10000,13579,uniform,0,ska_sort,0.146875
kv32,10000,13579,uniform,0,ska_sort_copy,0.037958
kv32,10000,13579,uniform,0,radixkit,0.037083
kv32,10000,13579,uniform,0,std_sort,0.347667
kv32,10000,13579,uniform,1,ska_sort_copy,0.03725
kv32,10000,13579,uniform,1,radixkit,0.0365
kv32,10000,13579,uniform,1,std_sort,0.335375
kv32,10000,13579,uniform,1,ska_sort,0.140709
kv32,10000,13579,uniform,2,radixkit,0.036666
kv32,10000,13579,uniform,2,std_sort,0.332
kv32,10000,13579,uniform,2,ska_sort,0.138625
kv32,10000,13579,uniform,2,ska_sort_copy,0.037
kv32,10000,13579,uniform,3,std_sort,0.33075
kv32,10000,13579,uniform,3,ska_sort,0.137458
kv32,10000,13579,uniform,3,ska_sort_copy,0.0375
kv32,10000,13579,uniform,3,radixkit,0.036375
kv32,10000,13579,uniform,4,ska_sort,0.134459
kv32,10000,13579,uniform,4,ska_sort_copy,0.037
kv32,10000,13579,uniform,4,radixkit,0.036584
kv32,10000,13579,uniform,4,std_sort,0.332
kv32,10000,13579,uniform,5,ska_sort_copy,0.036917
kv32,10000,13579,uniform,5,radixkit,0.036708
kv32,10000,13579,uniform,5,std_sort,0.342042
kv32,10000,13579,uniform,5,ska_sort,0.134
kv32,10000,13579,uniform,6,radixkit,0.036208
kv32,10000,13579,uniform,6,std_sort,0.331208
kv32,10000,13579,uniform,6,ska_sort,0.133708
kv32,10000,13579,uniform,6,ska_sort_copy,0.037166
kv32,10000,13579,uniform,7,std_sort,0.344208
kv32,10000,13579,uniform,7,ska_sort,0.133375
kv32,10000,13579,uniform,7,ska_sort_copy,0.037333
kv32,10000,13579,uniform,7,radixkit,0.0365
kv32,10000,13579,uniform,8,ska_sort,0.131166
kv32,10000,13579,uniform,8,ska_sort_copy,0.03775
kv32,10000,13579,uniform,8,radixkit,0.036417
kv32,10000,13579,uniform,8,std_sort,0.3295
kv32,10000,13579,uniform16,0,ska_sort,0.216792
kv32,10000,13579,uniform16,0,ska_sort_copy,0.082834
kv32,10000,13579,uniform16,0,radixkit,0.029791
kv32,10000,13579,uniform16,0,std_sort,0.399167
kv32,10000,13579,uniform16,1,ska_sort_copy,0.078125
kv32,10000,13579,uniform16,1,radixkit,0.027834
kv32,10000,13579,uniform16,1,std_sort,0.360166
kv32,10000,13579,uniform16,1,ska_sort,0.196542
kv32,10000,13579,uniform16,2,radixkit,0.027833
kv32,10000,13579,uniform16,2,std_sort,0.3535
kv32,10000,13579,uniform16,2,ska_sort,0.190917
kv32,10000,13579,uniform16,2,ska_sort_copy,0.07675
kv32,10000,13579,uniform16,3,std_sort,0.337375
kv32,10000,13579,uniform16,3,ska_sort,0.198417
kv32,10000,13579,uniform16,3,ska_sort_copy,0.077
kv32,10000,13579,uniform16,3,radixkit,0.027666
kv32,10000,13579,uniform16,4,ska_sort,0.187292
kv32,10000,13579,uniform16,4,ska_sort_copy,0.080167
kv32,10000,13579,uniform16,4,radixkit,0.027667
kv32,10000,13579,uniform16,4,std_sort,0.363625
kv32,10000,13579,uniform16,5,ska_sort_copy,0.076708
kv32,10000,13579,uniform16,5,radixkit,0.02775
kv32,10000,13579,uniform16,5,std_sort,0.3315
kv32,10000,13579,uniform16,5,ska_sort,0.176917
kv32,10000,13579,uniform16,6,radixkit,0.027959
kv32,10000,13579,uniform16,6,std_sort,0.325709
kv32,10000,13579,uniform16,6,ska_sort,0.1755
kv32,10000,13579,uniform16,6,ska_sort_copy,0.077042
kv32,10000,13579,uniform16,7,std_sort,0.324834
kv32,10000,13579,uniform16,7,ska_sort,0.174959
kv32,10000,13579,uniform16,7,ska_sort_copy,0.07675
kv32,10000,13579,uniform16,7,radixkit,0.027542
kv32,10000,13579,uniform16,8,ska_sort,0.174958
kv32,10000,13579,uniform16,8,ska_sort_copy,0.076959
kv32,10000,13579,uniform16,8,radixkit,0.02775
kv32,10000,13579,uniform16,8,std_sort,0.32625
kv32,10000,13579,zeros99,0,ska_sort,0.135209
kv32,10000,13579,zeros99,0,ska_sort_copy,0.119292
kv32,10000,13579,zeros99,0,radixkit,0.080542
kv32,10000,13579,zeros99,0,std_sort,0.28375
kv32,10000,13579,zeros99,1,ska_sort_copy,0.106
kv32,10000,13579,zeros99,1,radixkit,0.080375
kv32,10000,13579,zeros99,1,std_sort,0.2775
kv32,10000,13579,zeros99,1,ska_sort,0.1265
kv32,10000,13579,zeros99,2,radixkit,0.080416
kv32,10000,13579,zeros99,2,std_sort,0.277625
kv32,10000,13579,zeros99,2,ska_sort,0.12625
kv32,10000,13579,zeros99,2,ska_sort_copy,0.105958
kv32,10000,13579,zeros99,3,std_sort,0.277083
kv32,10000,13579,zeros99,3,ska_sort,0.127125
kv32,10000,13579,zeros99,3,ska_sort_copy,0.108125
kv32,10000,13579,zeros99,3,radixkit,0.080292
kv32,10000,13579,zeros99,4,ska_sort,0.1265
kv32,10000,13579,zeros99,4,ska_sort_copy,0.106
kv32,10000,13579,zeros99,4,radixkit,0.08025
kv32,10000,13579,zeros99,4,std_sort,0.277084
kv32,10000,13579,zeros99,5,ska_sort_copy,0.105959
kv32,10000,13579,zeros99,5,radixkit,0.080292
kv32,10000,13579,zeros99,5,std_sort,0.277042
kv32,10000,13579,zeros99,5,ska_sort,0.1255
kv32,10000,13579,zeros99,6,radixkit,0.080333
kv32,10000,13579,zeros99,6,std_sort,0.277167
kv32,10000,13579,zeros99,6,ska_sort,0.127042
kv32,10000,13579,zeros99,6,ska_sort_copy,0.105958
kv32,10000,13579,zeros99,7,std_sort,0.277792
kv32,10000,13579,zeros99,7,ska_sort,0.126667
kv32,10000,13579,zeros99,7,ska_sort_copy,0.105958
kv32,10000,13579,zeros99,7,radixkit,0.080334
kv32,10000,13579,zeros99,8,ska_sort,0.125875
kv32,10000,13579,zeros99,8,ska_sort_copy,0.120042
kv32,10000,13579,zeros99,8,radixkit,0.080416
kv32,10000,13579,zeros99,8,std_sort,0.279875
kv32,10000,13579,equal,0,ska_sort,0.084542
kv32,10000,13579,equal,0,ska_sort_copy,0.104875
kv32,10000,13579,equal,0,radixkit,0.012041
kv32,10000,13579,equal,0,std_sort,0.00675
kv32,10000,13579,equal,1,ska_sort_copy,0.104875
kv32,10000,13579,equal,1,radixkit,0.012084
kv32,10000,13579,equal,1,std_sort,0.00675
kv32,10000,13579,equal,1,ska_sort,0.084
kv32,10000,13579,equal,2,radixkit,0.012166
kv32,10000,13579,equal,2,std_sort,0.006792
kv32,10000,13579,equal,2,ska_sort,0.083917
kv32,10000,13579,equal,2,ska_sort_copy,0.104958
kv32,10000,13579,equal,3,std_sort,0.00675
kv32,10000,13579,equal,3,ska_sort,0.084125
kv32,10000,13579,equal,3,ska_sort_copy,0.104875
kv32,10000,13579,equal,3,radixkit,0.012083
kv32,10000,13579,equal,4,ska_sort,0.08525
kv32,10000,13579,equal,4,ska_sort_copy,0.107584
kv32,10000,13579,equal,4,radixkit,0.012084
kv32,10000,13579,equal,4,std_sort,0.006708
kv32,10000,13579,equal,5,ska_sort_copy,0.112333
kv32,10000,13579,equal,5,radixkit,0.013167
kv32,10000,13579,equal,5,std_sort,0.007417
kv32,10000,13579,equal,5,ska_sort,0.086791
kv32,10000,13579,equal,6,radixkit,0.012166
kv32,10000,13579,equal,6,std_sort,0.00675
kv32,10000,13579,equal,6,ska_sort,0.084625
kv32,10000,13579,equal,6,ska_sort_copy,0.105
kv32,10000,13579,equal,7,std_sort,0.006709
kv32,10000,13579,equal,7,ska_sort,0.084917
kv32,10000,13579,equal,7,ska_sort_copy,0.106917
kv32,10000,13579,equal,7,radixkit,0.013167
kv32,10000,13579,equal,8,ska_sort,0.090042
kv32,10000,13579,equal,8,ska_sort_copy,0.167208
kv32,10000,13579,equal,8,radixkit,0.01975
kv32,10000,13579,equal,8,std_sort,0.007708
kv32,10000,13579,ascending,0,ska_sort,0.1225
kv32,10000,13579,ascending,0,ska_sort_copy,0.090459
kv32,10000,13579,ascending,0,radixkit,0.03375
kv32,10000,13579,ascending,0,std_sort,0.0075
kv32,10000,13579,ascending,1,ska_sort_copy,0.089458
kv32,10000,13579,ascending,1,radixkit,0.034625
kv32,10000,13579,ascending,1,std_sort,0.007334
kv32,10000,13579,ascending,1,ska_sort,0.15875
kv32,10000,13579,ascending,2,radixkit,0.035125
kv32,10000,13579,ascending,2,std_sort,0.007166
kv32,10000,13579,ascending,2,ska_sort,0.117708
kv32,10000,13579,ascending,2,ska_sort_copy,0.089125
kv32,10000,13579,ascending,3,std_sort,0.007541
kv32,10000,13579,ascending,3,ska_sort,0.119875
kv32,10000,13579,ascending,3,ska_sort_copy,0.084083
kv32,10000,13579,ascending,3,radixkit,0.032708
kv32,10000,13579,ascending,4,ska_sort,0.137666
kv32,10000,13579,ascending,4,ska_sort_copy,0.098666
kv32,10000,13579,ascending,4,radixkit,0.03275
kv32,10000,13579,ascending,4,std_sort,0.006959
kv32,10000,13579,ascending,5,ska_sort_copy,0.085625
kv32,10000,13579,ascending,5,radixkit,0.0325
kv32,10000,13579,ascending,5,std_sort,0.006833
kv32,10000,13579,ascending,5,ska_sort,0.123625
kv32,10000,13579,ascending,6,radixkit,0.033417
kv32,10000,13579,ascending,6,std_sort,0.007125
kv32,10000,13579,ascending,6,ska_sort,0.114542
kv32,10000,13579,ascending,6,ska_sort_copy,0.085375
kv32,10000,13579,ascending,7,std_sort,0.006792
kv32,10000,13579,ascending,7,ska_sort,0.114333
kv32,10000,13579,ascending,7,ska_sort_copy,0.084
kv32,10000,13579,ascending,7,radixkit,0.032792
kv32,10000,13579,ascending,8,ska_sort,0.114875
kv32,10000,13579,ascending,8,ska_sort_copy,0.084709
kv32,10000,13579,ascending,8,radixkit,0.032959
kv32,10000,13579,ascending,8,std_sort,0.006791
kv32,10000,13579,descending,0,ska_sort,0.127166
kv32,10000,13579,descending,0,ska_sort_copy,0.084041
kv32,10000,13579,descending,0,radixkit,0.032875
kv32,10000,13579,descending,0,std_sort,0.011042
kv32,10000,13579,descending,1,ska_sort_copy,0.08375
kv32,10000,13579,descending,1,radixkit,0.032792
kv32,10000,13579,descending,1,std_sort,0.010917
kv32,10000,13579,descending,1,ska_sort,0.127458
kv32,10000,13579,descending,2,radixkit,0.03275
kv32,10000,13579,descending,2,std_sort,0.010916
kv32,10000,13579,descending,2,ska_sort,0.126792
kv32,10000,13579,descending,2,ska_sort_copy,0.084958
kv32,10000,13579,descending,3,std_sort,0.011083
kv32,10000,13579,descending,3,ska_sort,0.127042
kv32,10000,13579,descending,3,ska_sort_copy,0.084083
kv32,10000,13579,descending,3,radixkit,0.032791
kv32,10000,13579,descending,4,ska_sort,0.127167
kv32,10000,13579,descending,4,ska_sort_copy,0.084625
kv32,10000,13579,descending,4,radixkit,0.03275
kv32,10000,13579,descending,4,std_sort,0.010834
kv32,10000,13579,descending,5,ska_sort_copy,0.085541
kv32,10000,13579,descending,5,radixkit,0.032833
kv32,10000,13579,descending,5,std_sort,0.010958
kv32,10000,13579,descending,5,ska_sort,0.126375
kv32,10000,13579,descending,6,radixkit,0.033
kv32,10000,13579,descending,6,std_sort,0.010959
kv32,10000,13579,descending,6,ska_sort,0.127042
kv32,10000,13579,descending,6,ska_sort_copy,0.084292
kv32,10000,13579,descending,7,std_sort,0.011667
kv32,10000,13579,descending,7,ska_sort,0.130792
kv32,10000,13579,descending,7,ska_sort_copy,0.083958
kv32,10000,13579,descending,7,radixkit,0.03275
kv32,10000,13579,descending,8,ska_sort,0.129875
kv32,10000,13579,descending,8,ska_sort_copy,0.084959
kv32,10000,13579,descending,8,radixkit,0.032708
kv32,10000,13579,descending,8,std_sort,0.010875
kv32,10000,13579,sparse8,0,ska_sort,0.193667
kv32,10000,13579,sparse8,0,ska_sort_copy,0.06875
kv32,10000,13579,sparse8,0,radixkit,0.040291
kv32,10000,13579,sparse8,0,std_sort,0.225375
kv32,10000,13579,sparse8,1,ska_sort_copy,0.068584
kv32,10000,13579,sparse8,1,radixkit,0.04025
kv32,10000,13579,sparse8,1,std_sort,0.22075
kv32,10000,13579,sparse8,1,ska_sort,0.192667
kv32,10000,13579,sparse8,2,radixkit,0.040625
kv32,10000,13579,sparse8,2,std_sort,0.216292
kv32,10000,13579,sparse8,2,ska_sort,0.187917
kv32,10000,13579,sparse8,2,ska_sort_copy,0.068917
kv32,10000,13579,sparse8,3,std_sort,0.214958
kv32,10000,13579,sparse8,3,ska_sort,0.185792
kv32,10000,13579,sparse8,3,ska_sort_copy,0.068417
kv32,10000,13579,sparse8,3,radixkit,0.04025
kv32,10000,13579,sparse8,4,ska_sort,0.184458
kv32,10000,13579,sparse8,4,ska_sort_copy,0.068958
kv32,10000,13579,sparse8,4,radixkit,0.040209
kv32,10000,13579,sparse8,4,std_sort,0.213875
kv32,10000,13579,sparse8,5,ska_sort_copy,0.068583
kv32,10000,13579,sparse8,5,radixkit,0.040291
kv32,10000,13579,sparse8,5,std_sort,0.2135
kv32,10000,13579,sparse8,5,ska_sort,0.184083
kv32,10000,13579,sparse8,6,radixkit,0.040333
kv32,10000,13579,sparse8,6,std_sort,0.212083
kv32,10000,13579,sparse8,6,ska_sort,0.183083
kv32,10000,13579,sparse8,6,ska_sort_copy,0.069041
kv32,10000,13579,sparse8,7,std_sort,0.237
kv32,10000,13579,sparse8,7,ska_sort,0.18325
kv32,10000,13579,sparse8,7,ska_sort_copy,0.068708
kv32,10000,13579,sparse8,7,radixkit,0.0405
kv32,10000,13579,sparse8,8,ska_sort,0.18275
kv32,10000,13579,sparse8,8,ska_sort_copy,0.069334
kv32,10000,13579,sparse8,8,radixkit,0.0405
kv32,10000,13579,sparse8,8,std_sort,0.214166
kv32,10000,13579,nearly_sorted,0,ska_sort,0.134208
kv32,10000,13579,nearly_sorted,0,ska_sort_copy,0.085667
kv32,10000,13579,nearly_sorted,0,radixkit,0.032916
kv32,10000,13579,nearly_sorted,0,std_sort,0.030667
kv32,10000,13579,nearly_sorted,1,ska_sort_copy,0.08525
kv32,10000,13579,nearly_sorted,1,radixkit,0.0325
kv32,10000,13579,nearly_sorted,1,std_sort,0.030792
kv32,10000,13579,nearly_sorted,1,ska_sort,0.131542
kv32,10000,13579,nearly_sorted,2,radixkit,0.032667
kv32,10000,13579,nearly_sorted,2,std_sort,0.030416
kv32,10000,13579,nearly_sorted,2,ska_sort,0.135084
kv32,10000,13579,nearly_sorted,2,ska_sort_copy,0.085292
kv32,10000,13579,nearly_sorted,3,std_sort,0.030167
kv32,10000,13579,nearly_sorted,3,ska_sort,0.13125
kv32,10000,13579,nearly_sorted,3,ska_sort_copy,0.084
kv32,10000,13579,nearly_sorted,3,radixkit,0.032667
kv32,10000,13579,nearly_sorted,4,ska_sort,0.130666
kv32,10000,13579,nearly_sorted,4,ska_sort_copy,0.085
kv32,10000,13579,nearly_sorted,4,radixkit,0.03375
kv32,10000,13579,nearly_sorted,4,std_sort,0.045292
kv32,10000,13579,nearly_sorted,5,ska_sort_copy,0.089666
kv32,10000,13579,nearly_sorted,5,radixkit,0.168209
kv32,10000,13579,nearly_sorted,5,std_sort,0.040833
kv32,10000,13579,nearly_sorted,5,ska_sort,0.154542
kv32,10000,13579,nearly_sorted,6,radixkit,0.044833
kv32,10000,13579,nearly_sorted,6,std_sort,0.0325
kv32,10000,13579,nearly_sorted,6,ska_sort,0.138625
kv32,10000,13579,nearly_sorted,6,ska_sort_copy,0.088666
kv32,10000,13579,nearly_sorted,7,std_sort,0.032
kv32,10000,13579,nearly_sorted,7,ska_sort,0.139209
kv32,10000,13579,nearly_sorted,7,ska_sort_copy,0.088583
kv32,10000,13579,nearly_sorted,7,radixkit,0.032791
kv32,10000,13579,nearly_sorted,8,ska_sort,0.143041
kv32,10000,13579,nearly_sorted,8,ska_sort_copy,0.086208
kv32,10000,13579,nearly_sorted,8,radixkit,0.032625
kv32,10000,13579,nearly_sorted,8,std_sort,0.031125
kv64,10000,13579,uniform,0,ska_sort,0.135166
kv64,10000,13579,uniform,0,ska_sort_copy,0.130458
kv64,10000,13579,uniform,0,radixkit,0.067417
kv64,10000,13579,uniform,0,std_sort,0.3375
kv64,10000,13579,uniform,1,ska_sort_copy,0.131584
kv64,10000,13579,uniform,1,radixkit,0.067208
kv64,10000,13579,uniform,1,std_sort,0.331958
kv64,10000,13579,uniform,1,ska_sort,0.131125
kv64,10000,13579,uniform,2,radixkit,0.067416
kv64,10000,13579,uniform,2,std_sort,0.329833
kv64,10000,13579,uniform,2,ska_sort,0.130917
kv64,10000,13579,uniform,2,ska_sort_copy,0.129125
kv64,10000,13579,uniform,3,std_sort,0.330083
kv64,10000,13579,uniform,3,ska_sort,0.129167
kv64,10000,13579,uniform,3,ska_sort_copy,0.13
kv64,10000,13579,uniform,3,radixkit,0.067
kv64,10000,13579,uniform,4,ska_sort,0.12525
kv64,10000,13579,uniform,4,ska_sort_copy,0.124708
kv64,10000,13579,uniform,4,radixkit,0.067542
kv64,10000,13579,uniform,4,std_sort,0.33225
kv64,10000,13579,uniform,5,ska_sort_copy,0.127333
kv64,10000,13579,uniform,5,radixkit,0.067125
kv64,10000,13579,uniform,5,std_sort,0.329209
kv64,10000,13579,uniform,5,ska_sort,0.133
kv64,10000,13579,uniform,6,radixkit,0.074208
kv64,10000,13579,uniform,6,std_sort,0.331584
kv64,10000,13579,uniform,6,ska_sort,0.127333
kv64,10000,13579,uniform,6,ska_sort_copy,0.125875
kv64,10000,13579,uniform,7,std_sort,0.329208
kv64,10000,13579,uniform,7,ska_sort,0.127125
kv64,10000,13579,uniform,7,ska_sort_copy,0.125417
kv64,10000,13579,uniform,7,radixkit,0.067666
kv64,10000,13579,uniform,8,ska_sort,0.124084
kv64,10000,13579,uniform,8,ska_sort_copy,0.123375
kv64,10000,13579,uniform,8,radixkit,0.067375
kv64,10000,13579,uniform,8,std_sort,0.331625
kv64,10000,13579,uniform16,0,ska_sort,0.265334
kv64,10000,13579,uniform16,0,ska_sort_copy,0.263667
kv64,10000,13579,uniform16,0,radixkit,0.041833
kv64,10000,13579,uniform16,0,std_sort,0.343917
kv64,10000,13579,uniform16,1,ska_sort_copy,0.266375
kv64,10000,13579,uniform16,1,radixkit,0.041833
kv64,10000,13579,uniform16,1,std_sort,0.339334
kv64,10000,13579,uniform16,1,ska_sort,0.265542
kv64,10000,13579,uniform16,2,radixkit,0.04225
kv64,10000,13579,uniform16,2,std_sort,0.353542
kv64,10000,13579,uniform16,2,ska_sort,0.277583
kv64,10000,13579,uniform16,2,ska_sort_copy,0.265041
kv64,10000,13579,uniform16,3,std_sort,0.341291
kv64,10000,13579,uniform16,3,ska_sort,0.266333
kv64,10000,13579,uniform16,3,ska_sort_copy,0.263792
kv64,10000,13579,uniform16,3,radixkit,0.04175
kv64,10000,13579,uniform16,4,ska_sort,0.263042
kv64,10000,13579,uniform16,4,ska_sort_copy,0.262292
kv64,10000,13579,uniform16,4,radixkit,0.041875
kv64,10000,13579,uniform16,4,std_sort,0.427667
kv64,10000,13579,uniform16,5,ska_sort_copy,0.403625
kv64,10000,13579,uniform16,5,radixkit,0.045917
kv64,10000,13579,uniform16,5,std_sort,0.369167
kv64,10000,13579,uniform16,5,ska_sort,0.347917
kv64,10000,13579,uniform16,6,radixkit,0.047792
kv64,10000,13579,uniform16,6,std_sort,0.374666
kv64,10000,13579,uniform16,6,ska_sort,0.284584
kv64,10000,13579,uniform16,6,ska_sort_copy,0.2725
kv64,10000,13579,uniform16,7,std_sort,0.367375
kv64,10000,13579,uniform16,7,ska_sort,0.292916
kv64,10000,13579,uniform16,7,ska_sort_copy,0.266875
kv64,10000,13579,uniform16,7,radixkit,0.042333
kv64,10000,13579,uniform16,8,ska_sort,0.28875
kv64,10000,13579,uniform16,8,ska_sort_copy,0.262542
kv64,10000,13579,uniform16,8,radixkit,0.042292
kv64,10000,13579,uniform16,8,std_sort,0.348459
kv64,10000,13579,zeros99,0,ska_sort,0.189917
kv64,10000,13579,zeros99,0,ska_sort_copy,0.19075
kv64,10000,13579,zeros99,0,radixkit,0.004333
kv64,10000,13579,zeros99,0,std_sort,0.278292
kv64,10000,13579,zeros99,1,ska_sort_copy,0.189875
kv64,10000,13579,zeros99,1,radixkit,0.004083
kv64,10000,13579,zeros99,1,std_sort,0.277542
kv64,10000,13579,zeros99,1,ska_sort,0.189209
kv64,10000,13579,zeros99,2,radixkit,0.004041
kv64,10000,13579,zeros99,2,std_sort,0.277459
kv64,10000,13579,zeros99,2,ska_sort,0.189375
kv64,10000,13579,zeros99,2,ska_sort_copy,0.191166
kv64,10000,13579,zeros99,3,std_sort,0.300208
kv64,10000,13579,zeros99,3,ska_sort,0.192417
kv64,10000,13579,zeros99,3,ska_sort_copy,0.192958
kv64,10000,13579,zeros99,3,radixkit,0.003916
kv64,10000,13579,zeros99,4,ska_sort,0.188834
kv64,10000,13579,zeros99,4,ska_sort_copy,0.189125
kv64,10000,13579,zeros99,4,radixkit,0.003875
kv64,10000,13579,zeros99,4,std_sort,0.278375
kv64,10000,13579,zeros99,5,ska_sort_copy,0.188542
kv64,10000,13579,zeros99,5,radixkit,0.003958
kv64,10000,13579,zeros99,5,std_sort,0.2805
kv64,10000,13579,zeros99,5,ska_sort,0.1895
kv64,10000,13579,zeros99,6,radixkit,0.003917
kv64,10000,13579,zeros99,6,std_sort,0.277375
kv64,10000,13579,zeros99,6,ska_sort,0.188875
kv64,10000,13579,zeros99,6,ska_sort_copy,0.189375
kv64,10000,13579,zeros99,7,std_sort,0.277708
kv64,10000,13579,zeros99,7,ska_sort,0.189583
kv64,10000,13579,zeros99,7,ska_sort_copy,0.190416
kv64,10000,13579,zeros99,7,radixkit,0.003917
kv64,10000,13579,zeros99,8,ska_sort,0.1885
kv64,10000,13579,zeros99,8,ska_sort_copy,0.188125
kv64,10000,13579,zeros99,8,radixkit,0.003875
kv64,10000,13579,zeros99,8,std_sort,0.277375
kv64,10000,13579,equal,0,ska_sort,0.169292
kv64,10000,13579,equal,0,ska_sort_copy,0.169834
kv64,10000,13579,equal,0,radixkit,0.001958
kv64,10000,13579,equal,0,std_sort,0.009458
kv64,10000,13579,equal,1,ska_sort_copy,0.169458
kv64,10000,13579,equal,1,radixkit,0.001916
kv64,10000,13579,equal,1,std_sort,0.009459
kv64,10000,13579,equal,1,ska_sort,0.175375
kv64,10000,13579,equal,2,radixkit,0.001958
kv64,10000,13579,equal,2,std_sort,0.009458
kv64,10000,13579,equal,2,ska_sort,0.173208
kv64,10000,13579,equal,2,ska_sort_copy,0.181375
kv64,10000,13579,equal,3,std_sort,0.009458
kv64,10000,13579,equal,3,ska_sort,0.168708
kv64,10000,13579,equal,3,ska_sort_copy,0.172208
kv64,10000,13579,equal,3,radixkit,0.002
kv64,10000,13579,equal,4,ska_sort,0.168416
kv64,10000,13579,equal,4,ska_sort_copy,0.170292
kv64,10000,13579,equal,4,radixkit,0.001917
kv64,10000,13579,equal,4,std_sort,0.009458
kv64,10000,13579,equal,5,ska_sort_copy,0.169625
kv64,10000,13579,equal,5,radixkit,0.001958
kv64,10000,13579,equal,5,std_sort,0.009459
kv64,10000,13579,equal,5,ska_sort,0.169166
kv64,10000,13579,equal,6,radixkit,0.001958
kv64,10000,13579,equal,6,std_sort,0.009417
kv64,10000,13579,equal,6,ska_sort,0.168916
kv64,10000,13579,equal,6,ska_sort_copy,0.168666
kv64,10000,13579,equal,7,std_sort,0.009458
kv64,10000,13579,equal,7,ska_sort,0.192875
kv64,10000,13579,equal,7,ska_sort_copy,0.2655
kv64,10000,13579,equal,7,radixkit,0.003792
kv64,10000,13579,equal,8,ska_sort,0.198417
kv64,10000,13579,equal,8,ska_sort_copy,0.204167
kv64,10000,13579,equal,8,radixkit,0.002
kv64,10000,13579,equal,8,std_sort,0.01
kv64,10000,13579,ascending,0,ska_sort,0.200458
kv64,10000,13579,ascending,0,ska_sort_copy,0.198333
kv64,10000,13579,ascending,0,radixkit,0.006166
kv64,10000,13579,ascending,0,std_sort,0.009625
kv64,10000,13579,ascending,1,ska_sort_copy,0.216292
kv64,10000,13579,ascending,1,radixkit,0.00625
kv64,10000,13579,ascending,1,std_sort,0.0095
kv64,10000,13579,ascending,1,ska_sort,0.198541
kv64,10000,13579,ascending,2,radixkit,0.006125
kv64,10000,13579,ascending,2,std_sort,0.0095
kv64,10000,13579,ascending,2,ska_sort,0.203916
kv64,10000,13579,ascending,2,ska_sort_copy,0.198584
kv64,10000,13579,ascending,3,std_sort,0.009542
kv64,10000,13579,ascending,3,ska_sort,0.197625
kv64,10000,13579,ascending,3,ska_sort_copy,0.220833
kv64,10000,13579,ascending,3,radixkit,0.006167
kv64,10000,13579,ascending,4,ska_sort,0.199334
kv64,10000,13579,ascending,4,ska_sort_copy,0.207959
kv64,10000,13579,ascending,4,radixkit,0.006209
kv64,10000,13579,ascending,4,std_sort,0.009541
kv64,10000,13579,ascending,5,ska_sort_copy,0.199
kv64,10000,13579,ascending,5,radixkit,0.006167
kv64,10000,13579,ascending,5,std_sort,0.009541
kv64,10000,13579,ascending,5,ska_sort,0.197291
kv64,10000,13579,ascending,6,radixkit,0.006125
kv64,10000,13579,ascending,6,std_sort,0.0095
kv64,10000,13579,ascending,6,ska_sort,0.200958
kv64,10000,13579,ascending,6,ska_sort_copy,0.197708
kv64,10000,13579,ascending,7,std_sort,0.0095
kv64,10000,13579,ascending,7,ska_sort,0.198
kv64,10000,13579,ascending,7,ska_sort_copy,0.200458
kv64,10000,13579,ascending,7,radixkit,0.006209
kv64,10000,13579,ascending,8,ska_sort,0.197833
kv64,10000,13579,ascending,8,ska_sort_copy,0.198375
kv64,10000,13579,ascending,8,radixkit,0.006167
kv64,10000,13579,ascending,8,std_sort,0.009541
kv64,10000,13579,descending,0,ska_sort,0.2115
kv64,10000,13579,descending,0,ska_sort_copy,0.210916
kv64,10000,13579,descending,0,radixkit,0.008667
kv64,10000,13579,descending,0,std_sort,0.013583
kv64,10000,13579,descending,1,ska_sort_copy,0.211
kv64,10000,13579,descending,1,radixkit,0.008666
kv64,10000,13579,descending,1,std_sort,0.013625
kv64,10000,13579,descending,1,ska_sort,0.210333
kv64,10000,13579,descending,2,radixkit,0.008709
kv64,10000,13579,descending,2,std_sort,0.013583
kv64,10000,13579,descending,2,ska_sort,0.223083
kv64,10000,13579,descending,2,ska_sort_copy,0.215542
kv64,10000,13579,descending,3,std_sort,0.013583
kv64,10000,13579,descending,3,ska_sort,0.210625
kv64,10000,13579,descending,3,ska_sort_copy,0.21025
kv64,10000,13579,descending,3,radixkit,0.008709
kv64,10000,13579,descending,4,ska_sort,0.210708
kv64,10000,13579,descending,4,ska_sort_copy,0.210167
kv64,10000,13579,descending,4,radixkit,0.00875
kv64,10000,13579,descending,4,std_sort,0.013584
kv64,10000,13579,descending,5,ska_sort_copy,0.212458
kv64,10000,13579,descending,5,radixkit,0.008667
kv64,10000,13579,descending,5,std_sort,0.013584
kv64,10000,13579,descending,5,ska_sort,0.21
kv64,10000,13579,descending,6,radixkit,0.00875
kv64,10000,13579,descending,6,std_sort,0.013625
kv64,10000,13579,descending,6,ska_sort,0.211292
kv64,10000,13579,descending,6,ska_sort_copy,0.211084
kv64,10000,13579,descending,7,std_sort,0.013708
kv64,10000,13579,descending,7,ska_sort,0.209583
kv64,10000,13579,descending,7,ska_sort_copy,0.211
kv64,10000,13579,descending,7,radixkit,0.008792
kv64,10000,13579,descending,8,ska_sort,0.210666
kv64,10000,13579,descending,8,ska_sort_copy,0.210291
kv64,10000,13579,descending,8,radixkit,0.008791
kv64,10000,13579,descending,8,std_sort,0.013875
kv64,10000,13579,sparse8,0,ska_sort,0.422958
kv64,10000,13579,sparse8,0,ska_sort_copy,0.428125
kv64,10000,13579,sparse8,0,radixkit,0.129375
kv64,10000,13579,sparse8,0,std_sort,0.244
kv64,10000,13579,sparse8,1,ska_sort_copy,0.417083
kv64,10000,13579,sparse8,1,radixkit,0.140459
kv64,10000,13579,sparse8,1,std_sort,0.226917
kv64,10000,13579,sparse8,1,ska_sort,0.414
kv64,10000,13579,sparse8,2,radixkit,0.13
kv64,10000,13579,sparse8,2,std_sort,0.233542
kv64,10000,13579,sparse8,2,ska_sort,0.416292
kv64,10000,13579,sparse8,2,ska_sort_copy,0.439125
kv64,10000,13579,sparse8,3,std_sort,0.327917
kv64,10000,13579,sparse8,3,ska_sort,0.474667
kv64,10000,13579,sparse8,3,ska_sort_copy,0.413917
kv64,10000,13579,sparse8,3,radixkit,0.131
kv64,10000,13579,sparse8,4,ska_sort,0.421583
kv64,10000,13579,sparse8,4,ska_sort_copy,0.407792
kv64,10000,13579,sparse8,4,radixkit,0.129084
kv64,10000,13579,sparse8,4,std_sort,0.229333
kv64,10000,13579,sparse8,5,ska_sort_copy,0.429583
kv64,10000,13579,sparse8,5,radixkit,0.128792
kv64,10000,13579,sparse8,5,std_sort,0.226292
kv64,10000,13579,sparse8,5,ska_sort,0.446041
kv64,10000,13579,sparse8,6,radixkit,0.14075
kv64,10000,13579,sparse8,6,std_sort,0.2255
kv64,10000,13579,sparse8,6,ska_sort,0.410541
kv64,10000,13579,sparse8,6,ska_sort_copy,0.408833
kv64,10000,13579,sparse8,7,std_sort,0.226
kv64,10000,13579,sparse8,7,ska_sort,0.410666
kv64,10000,13579,sparse8,7,ska_sort_copy,0.409
kv64,10000,13579,sparse8,7,radixkit,0.128792
kv64,10000,13579,sparse8,8,ska_sort,0.408084
kv64,10000,13579,sparse8,8,ska_sort_copy,0.407667
kv64,10000,13579,sparse8,8,radixkit,0.141209
kv64,10000,13579,sparse8,8,std_sort,0.230208
kv64,10000,13579,nearly_sorted,0,ska_sort,0.215792
kv64,10000,13579,nearly_sorted,0,ska_sort_copy,0.215291
kv64,10000,13579,nearly_sorted,0,radixkit,0.046958
kv64,10000,13579,nearly_sorted,0,std_sort,0.0335
kv64,10000,13579,nearly_sorted,1,ska_sort_copy,0.216292
kv64,10000,13579,nearly_sorted,1,radixkit,0.047125
kv64,10000,13579,nearly_sorted,1,std_sort,0.033041
kv64,10000,13579,nearly_sorted,1,ska_sort,0.215292
kv64,10000,13579,nearly_sorted,2,radixkit,0.047
kv64,10000,13579,nearly_sorted,2,std_sort,0.032792
kv64,10000,13579,nearly_sorted,2,ska_sort,0.218334
kv64,10000,13579,nearly_sorted,2,ska_sort_copy,0.214792
kv64,10000,13579,nearly_sorted,3,std_sort,0.0325
kv64,10000,13579,nearly_sorted,3,ska_sort,0.215291
kv64,10000,13579,nearly_sorted,3,ska_sort_copy,0.216125
kv64,10000,13579,nearly_sorted,3,radixkit,0.046959
kv64,10000,13579,nearly_sorted,4,ska_sort,0.21525
kv64,10000,13579,nearly_sorted,4,ska_sort_copy,0.215916
kv64,10000,13579,nearly_sorted,4,radixkit,0.046833
kv64,10000,13579,nearly_sorted,4,std_sort,0.032458
kv64,10000,13579,nearly_sorted,5,ska_sort_copy,0.215416
kv64,10000,13579,nearly_sorted,5,radixkit,0.046958
kv64,10000,13579,nearly_sorted,5,std_sort,0.032459
kv64,10000,13579,nearly_sorted,5,ska_sort,0.215042
kv64,10000,13579,nearly_sorted,6,radixkit,0.046958
kv64,10000,13579,nearly_sorted,6,std_sort,0.0325
kv64,10000,13579,nearly_sorted,6,ska_sort,0.215875
kv64,10000,13579,nearly_sorted,6,ska_sort_copy,0.215083
kv64,10000,13579,nearly_sorted,7,std_sort,0.032375
kv64,10000,13579,nearly_sorted,7,ska_sort,0.215375
kv64,10000,13579,nearly_sorted,7,ska_sort_copy,0.2155
kv64,10000,13579,nearly_sorted,7,radixkit,0.047042
kv64,10000,13579,nearly_sorted,8,ska_sort,0.224334
kv64,10000,13579,nearly_sorted,8,ska_sort_copy,0.216375
kv64,10000,13579,nearly_sorted,8,radixkit,0.0505
kv64,10000,13579,nearly_sorted,8,std_sort,0.032541
u32,10000,24680,uniform,0,ska_sort,0.145625
u32,10000,24680,uniform,0,ska_sort_copy,0.03625
u32,10000,24680,uniform,0,radixkit,0.027458
u32,10000,24680,uniform,0,adaptive,0.028083
u32,10000,24680,uniform,0,std_sort,0.176583
u32,10000,24680,uniform,1,ska_sort_copy,0.035208
u32,10000,24680,uniform,1,radixkit,0.026584
u32,10000,24680,uniform,1,adaptive,0.02675
u32,10000,24680,uniform,1,std_sort,0.166958
u32,10000,24680,uniform,1,ska_sort,0.135834
u32,10000,24680,uniform,2,radixkit,0.026875
u32,10000,24680,uniform,2,adaptive,0.03
u32,10000,24680,uniform,2,std_sort,0.161917
u32,10000,24680,uniform,2,ska_sort,0.132875
u32,10000,24680,uniform,2,ska_sort_copy,0.035083
u32,10000,24680,uniform,3,adaptive,0.026667
u32,10000,24680,uniform,3,std_sort,0.162958
u32,10000,24680,uniform,3,ska_sort,0.130833
u32,10000,24680,uniform,3,ska_sort_copy,0.034042
u32,10000,24680,uniform,3,radixkit,0.0265
u32,10000,24680,uniform,4,std_sort,0.158834
u32,10000,24680,uniform,4,ska_sort,0.129625
u32,10000,24680,uniform,4,ska_sort_copy,0.034625
u32,10000,24680,uniform,4,radixkit,0.026417
u32,10000,24680,uniform,4,adaptive,0.026542
u32,10000,24680,uniform,5,ska_sort,0.128792
u32,10000,24680,uniform,5,ska_sort_copy,0.03475
u32,10000,24680,uniform,5,radixkit,0.026458
u32,10000,24680,uniform,5,adaptive,0.026667
u32,10000,24680,uniform,5,std_sort,0.158291
u32,10000,24680,uniform,6,ska_sort_copy,0.034958
u32,10000,24680,uniform,6,radixkit,0.026667
u32,10000,24680,uniform,6,adaptive,0.02675
u32,10000,24680,uniform,6,std_sort,0.178125
u32,10000,24680,uniform,6,ska_sort,0.152291
u32,10000,24680,uniform,7,radixkit,0.026875
u32,10000,24680,uniform,7,adaptive,0.027708
u32,10000,24680,uniform,7,std_sort,0.18325
u32,10000,24680,uniform,7,ska_sort,0.153166
u32,10000,24680,uniform,7,ska_sort_copy,0.036667
u32,10000,24680,uniform,8,adaptive,0.027667
u32,10000,24680,uniform,8,std_sort,0.176292
u32,10000,24680,uniform,8,ska_sort,0.14975
u32,10000,24680,uniform,8,ska_sort_copy,0.036458
u32,10000,24680,uniform,8,radixkit,0.027417
u32,10000,24680,uniform16,0,ska_sort,0.191208
u32,10000,24680,uniform16,0,ska_sort_copy,0.101833
u32,10000,24680,uniform16,0,radixkit,0.022542
u32,10000,24680,uniform16,0,adaptive,0.0225
u32,10000,24680,uniform16,0,std_sort,0.195042
u32,10000,24680,uniform16,1,ska_sort_copy,0.079625
u32,10000,24680,uniform16,1,radixkit,0.022375
u32,10000,24680,uniform16,1,adaptive,0.0225
u32,10000,24680,uniform16,1,std_sort,0.176958
u32,10000,24680,uniform16,1,ska_sort,0.241083
u32,10000,24680,uniform16,2,radixkit,0.024083
u32,10000,24680,uniform16,2,adaptive,0.023584
u32,10000,24680,uniform16,2,std_sort,0.186667
u32,10000,24680,uniform16,2,ska_sort,0.185625
u32,10000,24680,uniform16,2,ska_sort_copy,0.0815
u32,10000,24680,uniform16,3,adaptive,0.0235
u32,10000,24680,uniform16,3,std_sort,0.174875
u32,10000,24680,uniform16,3,ska_sort,0.18075
u32,10000,24680,uniform16,3,ska_sort_copy,0.0825
u32,10000,24680,uniform16,3,radixkit,0.022417
u32,10000,24680,uniform16,4,std_sort,0.165792
u32,10000,24680,uniform16,4,ska_sort,0.180292
u32,10000,24680,uniform16,4,ska_sort_copy,0.079416
u32,10000,24680,uniform16,4,radixkit,0.022458
u32,10000,24680,uniform16,4,adaptive,0.022833
u32,10000,24680,uniform16,5,ska_sort,0.176
u32,10000,24680,uniform16,5,ska_sort_copy,0.079083
u32,10000,24680,uniform16,5,radixkit,0.022291
u32,10000,24680,uniform16,5,adaptive,0.022458
u32,10000,24680,uniform16,5,std_sort,0.164042
u32,10000,24680,uniform16,6,ska_sort_copy,0.079083
u32,10000,24680,uniform16,6,radixkit,0.022209
u32,10000,24680,uniform16,6,adaptive,0.022542
u32,10000,24680,uniform16,6,std_sort,0.163208
u32,10000,24680,uniform16,6,ska_sort,0.172125
u32,10000,24680,uniform16,7,radixkit,0.022459
u32,10000,24680,uniform16,7,adaptive,0.022417
u32,10000,24680,uniform16,7,std_sort,0.161208
u32,10000,24680,uniform16,7,ska_sort,0.171291
u32,10000,24680,uniform16,7,ska_sort_copy,0.0795
u32,10000,24680,uniform16,8,adaptive,0.022458
u32,10000,24680,uniform16,8,std_sort,0.160625
u32,10000,24680,uniform16,8,ska_sort,0.17075
u32,10000,24680,uniform16,8,ska_sort_copy,0.079291
u32,10000,24680,uniform16,8,radixkit,0.022208
u32,10000,24680,zeros99,0,ska_sort,0.113
u32,10000,24680,zeros99,0,ska_sort_copy,0.115208
u32,10000,24680,zeros99,0,radixkit,0.088375
u32,10000,24680,zeros99,0,adaptive,0.004416
u32,10000,24680,zeros99,0,std_sort,0.008708
u32,10000,24680,zeros99,1,ska_sort_copy,0.11525
u32,10000,24680,zeros99,1,radixkit,0.084875
u32,10000,24680,zeros99,1,adaptive,0.004167
u32,10000,24680,zeros99,1,std_sort,0.008125
u32,10000,24680,zeros99,1,ska_sort,0.107792
u32,10000,24680,zeros99,2,radixkit,0.084666
u32,10000,24680,zeros99,2,adaptive,0.004208
u32,10000,24680,zeros99,2,std_sort,0.008416
u32,10000,24680,zeros99,2,ska_sort,0.110334
u32,10000,24680,zeros99,2,ska_sort_copy,0.111333
u32,10000,24680,zeros99,3,adaptive,0.004084
u32,10000,24680,zeros99,3,std_sort,0.007958
u32,10000,24680,zeros99,3,ska_sort,0.109083
u32,10000,24680,zeros99,3,ska_sort_copy,0.116083
u32,10000,24680,zeros99,3,radixkit,0.085875
u32,10000,24680,zeros99,4,std_sort,0.008
u32,10000,24680,zeros99,4,ska_sort,0.107625
u32,10000,24680,zeros99,4,ska_sort_copy,0.1115
u32,10000,24680,zeros99,4,radixkit,0.086542
u32,10000,24680,zeros99,4,adaptive,0.006125
u32,10000,24680,zeros99,5,ska_sort,0.117708
u32,10000,24680,zeros99,5,ska_sort_copy,0.115583
u32,10000,24680,zeros99,5,radixkit,0.087625
u32,10000,24680,zeros99,5,adaptive,0.006
u32,10000,24680,zeros99,5,std_sort,0.009708
u32,10000,24680,zeros99,6,ska_sort_copy,0.115375
u32,10000,24680,zeros99,6,radixkit,0.088167
u32,10000,24680,zeros99,6,adaptive,0.004542
u32,10000,24680,zeros99,6,std_sort,0.008792
u32,10000,24680,zeros99,6,ska_sort,0.112333
u32,10000,24680,zeros99,7,radixkit,0.0885
u32,10000,24680,zeros99,7,adaptive,0.004375
u32,10000,24680,zeros99,7,std_sort,0.020917
u32,10000,24680,zeros99,7,ska_sort,0.113375
u32,10000,24680,zeros99,7,ska_sort_copy,0.115209
u32,10000,24680,zeros99,8,adaptive,0.004334
u32,10000,24680,zeros99,8,std_sort,0.008291
u32,10000,24680,zeros99,8,ska_sort,0.132416
u32,10000,24680,zeros99,8,ska_sort_copy,0.120666
u32,10000,24680,zeros99,8,radixkit,0.0885
u32,10000,24680,equal,0,ska_sort,0.108584
u32,10000,24680,equal,0,ska_sort_copy,0.114709
u32,10000,24680,equal,0,radixkit,0.012709
u32,10000,24680,equal,0,adaptive,0.000625
u32,10000,24680,equal,0,std_sort,0.013709
u32,10000,24680,equal,1,ska_sort_copy,0.110458
u32,10000,24680,equal,1,radixkit,0.01225
u32,10000,24680,equal,1,adaptive,0.0005
u32,10000,24680,equal,1,std_sort,0.013042
u32,10000,24680,equal,1,ska_sort,0.097583
u32,10000,24680,equal,2,radixkit,0.012291
u32,10000,24680,equal,2,adaptive,0.000458
u32,10000,24680,equal,2,std_sort,0.013166
u32,10000,24680,equal,2,ska_sort,0.087458
u32,10000,24680,equal,2,ska_sort_copy,0.110625
u32,10000,24680,equal,3,adaptive,0.0005
u32,10000,24680,equal,3,std_sort,0.013042
u32,10000,24680,equal,3,ska_sort,0.087708
u32,10000,24680,equal,3,ska_sort_copy,0.115666
u32,10000,24680,equal,3,radixkit,0.012667
u32,10000,24680,equal,4,std_sort,0.013
u32,10000,24680,equal,4,ska_sort,0.097917
u32,10000,24680,equal,4,ska_sort_copy,0.112541
u32,10000,24680,equal,4,radixkit,0.01225
u32,10000,24680,equal,4,adaptive,0.0005
u32,10000,24680,equal,5,ska_sort,0.086458
u32,10000,24680,equal,5,ska_sort_copy,0.110625
u32,10000,24680,equal,5,radixkit,0.012167
u32,10000,24680,equal,5,adaptive,0.000458
u32,10000,24680,equal,5,std_sort,0.013
u32,10000,24680,equal,6,ska_sort_copy,0.1105
u32,10000,24680,equal,6,radixkit,0.012167
u32,10000,24680,equal,6,adaptive,0.0005
u32,10000,24680,equal,6,std_sort,0.012958
u32,10000,24680,equal,6,ska_sort,0.08725
u32,10000,24680,equal,7,radixkit,0.012292
u32,10000,24680,equal,7,adaptive,0.0005
u32,10000,24680,equal,7,std_sort,0.013625
u32,10000,24680,equal,7,ska_sort,0.089167
u32,10000,24680,equal,7,ska_sort_copy,0.11475
u32,10000,24680,equal,8,adaptive,0.000584
u32,10000,24680,equal,8,std_sort,0.0135
u32,10000,24680,equal,8,ska_sort,0.087666
u32,10000,24680,equal,8,ska_sort_copy,0.110542
u32,10000,24680,equal,8,radixkit,0.012208
u32,10000,24680,ascending,0,ska_sort,0.120459
u32,10000,24680,ascending,0,ska_sort_copy,0.078666
u32,10000,24680,ascending,0,radixkit,0.024375
u32,10000,24680,ascending,0,adaptive,0.003458
u32,10000,24680,ascending,0,std_sort,0.009959
u32,10000,24680,ascending,1,ska_sort_copy,0.0765
u32,10000,24680,ascending,1,radixkit,0.023459
u32,10000,24680,ascending,1,adaptive,0.003375
u32,10000,24680,ascending,1,std_sort,0.009791
u32,10000,24680,ascending,1,ska_sort,0.117416
u32,10000,24680,ascending,2,radixkit,0.023416
u32,10000,24680,ascending,2,adaptive,0.003375
u32,10000,24680,ascending,2,std_sort,0.009834
u32,10000,24680,ascending,2,ska_sort,0.11725
u32,10000,24680,ascending,2,ska_sort_copy,0.074333
u32,10000,24680,ascending,3,adaptive,0.003375
u32,10000,24680,ascending,3,std_sort,0.009833
u32,10000,24680,ascending,3,ska_sort,0.12
u32,10000,24680,ascending,3,ska_sort_copy,0.076625
u32,10000,24680,ascending,3,radixkit,0.023334
u32,10000,24680,ascending,4,std_sort,0.009792
u32,10000,24680,ascending,4,ska_sort,0.116333
u32,10000,24680,ascending,4,ska_sort_copy,0.074167
u32,10000,24680,ascending,4,radixkit,0.023375
u32,10000,24680,ascending,4,adaptive,0.003375
u32,10000,24680,ascending,5,ska_sort,0.1175
u32,10000,24680,ascending,5,ska_sort_copy,0.077708
u32,10000,24680,ascending,5,radixkit,0.023
u32,10000,24680,ascending,5,adaptive,0.003375
u32,10000,24680,ascending,5,std_sort,0.009667
u32,10000,24680,ascending,6,ska_sort_copy,0.073041
u32,10000,24680,ascending,6,radixkit,0.023
u32,10000,24680,ascending,6,adaptive,0.003333
u32,10000,24680,ascending,6,std_sort,0.009667
u32,10000,24680,ascending,6,ska_sort,0.114708
u32,10000,24680,ascending,7,radixkit,0.022958
u32,10000,24680,ascending,7,adaptive,0.003333
u32,10000,24680,ascending,7,std_sort,0.009708
u32,10000,24680,ascending,7,ska_sort,0.114917
u32,10000,24680,ascending,7,ska_sort_copy,0.073584
u32,10000,24680,ascending,8,adaptive,0.003334
u32,10000,24680,ascending,8,std_sort,0.009666
u32,10000,24680,ascending,8,ska_sort,0.115459
u32,10000,24680,ascending,8,ska_sort_copy,0.073042
u32,10000,24680,ascending,8,radixkit,0.023
u32,10000,24680,descending,0,ska_sort,0.124875
u32,10000,24680,descending,0,ska_sort_copy,0.076916
u32,10000,24680,descending,0,radixkit,0.02375
u32,10000,24680,descending,0,adaptive,0.005209
u32,10000,24680,descending,0,std_sort,0.017541
u32,10000,24680,descending,1,ska_sort_copy,0.07325
u32,10000,24680,descending,1,radixkit,0.023041
u32,10000,24680,descending,1,adaptive,0.005333
u32,10000,24680,descending,1,std_sort,0.016958
u32,10000,24680,descending,1,ska_sort,0.128958
u32,10000,24680,descending,2,radixkit,0.023125
u32,10000,24680,descending,2,adaptive,0.005167
u32,10000,24680,descending,2,std_sort,0.016834
u32,10000,24680,descending,2,ska_sort,0.13025
u32,10000,24680,descending,2,ska_sort_copy,0.074292
u32,10000,24680,descending,3,adaptive,0.005167
u32,10000,24680,descending,3,std_sort,0.017
u32,10000,24680,descending,3,ska_sort,0.126167
u32,10000,24680,descending,3,ska_sort_copy,0.076583
u32,10000,24680,descending,3,radixkit,0.0235
u32,10000,24680,descending,4,std_sort,0.016958
u32,10000,24680,descending,4,ska_sort,0.126792
u32,10000,24680,descending,4,ska_sort_copy,0.074334
u32,10000,24680,descending,4,radixkit,0.023541
u32,10000,24680,descending,4,adaptive,0.005125
u32,10000,24680,descending,5,ska_sort,0.125875
u32,10000,24680,descending,5,ska_sort_copy,0.074292
u32,10000,24680,descending,5,radixkit,0.023625
u32,10000,24680,descending,5,adaptive,0.005166
u32,10000,24680,descending,5,std_sort,0.017
u32,10000,24680,descending,6,ska_sort_copy,0.074292
u32,10000,24680,descending,6,radixkit,0.023375
u32,10000,24680,descending,6,adaptive,0.005208
u32,10000,24680,descending,6,std_sort,0.017
u32,10000,24680,descending,6,ska_sort,0.1265
u32,10000,24680,descending,7,radixkit,0.024542
u32,10000,24680,descending,7,adaptive,0.005125
u32,10000,24680,descending,7,std_sort,0.017042
u32,10000,24680,descending,7,ska_sort,0.125666
u32,10000,24680,descending,7,ska_sort_copy,0.074375
u32,10000,24680,descending,8,adaptive,0.005167
u32,10000,24680,descending,8,std_sort,0.016959
u32,10000,24680,descending,8,ska_sort,0.127792
u32,10000,24680,descending,8,ska_sort_copy,0.07425
u32,10000,24680,descending,8,radixkit,0.0235
u32,10000,24680,sparse8,0,ska_sort,0.19075
u32,10000,24680,sparse8,0,ska_sort_copy,0.06425
u32,10000,24680,sparse8,0,radixkit,0.035417
u32,10000,24680,sparse8,0,adaptive,0.014417
u32,10000,24680,sparse8,0,std_sort,0.106
u32,10000,24680,sparse8,1,ska_sort_copy,0.06375
u32,10000,24680,sparse8,1,radixkit,0.0355
u32,10000,24680,sparse8,1,adaptive,0.013666
u32,10000,24680,sparse8,1,std_sort,0.098333
u32,10000,24680,sparse8,1,ska_sort,0.187
u32,10000,24680,sparse8,2,radixkit,0.0355
u32,10000,24680,sparse8,2,adaptive,0.013875
u32,10000,24680,sparse8,2,std_sort,0.09825
u32,10000,24680,sparse8,2,ska_sort,0.188042
u32,10000,24680,sparse8,2,ska_sort_copy,0.06375
u32,10000,24680,sparse8,3,adaptive,0.013417
u32,10000,24680,sparse8,3,std_sort,0.093375
u32,10000,24680,sparse8,3,ska_sort,0.184708
u32,10000,24680,sparse8,3,ska_sort_copy,0.064333
u32,10000,24680,sparse8,3,radixkit,0.0355
u32,10000,24680,sparse8,4,std_sort,0.092083
u32,10000,24680,sparse8,4,ska_sort,0.183458
u32,10000,24680,sparse8,4,ska_sort_copy,0.063833
u32,10000,24680,sparse8,4,radixkit,0.035875
u32,10000,24680,sparse8,4,adaptive,0.013417
u32,10000,24680,sparse8,5,ska_sort,0.183083
u32,10000,24680,sparse8,5,ska_sort_copy,0.06375
u32,10000,24680,sparse8,5,radixkit,0.035833
u32,10000,24680,sparse8,5,adaptive,0.01325
u32,10000,24680,sparse8,5,std_sort,0.091625
u32,10000,24680,sparse8,6,ska_sort_copy,0.063833
u32,10000,24680,sparse8,6,radixkit,0.035375
u32,10000,24680,sparse8,6,adaptive,0.013167
u32,10000,24680,sparse8,6,std_sort,0.090625
u32,10000,24680,sparse8,6,ska_sort,0.182292
u32,10000,24680,sparse8,7,radixkit,0.035875
u32,10000,24680,sparse8,7,adaptive,0.013209
u32,10000,24680,sparse8,7,std_sort,0.092417
u32,10000,24680,sparse8,7,ska_sort,0.182333
u32,10000,24680,sparse8,7,ska_sort_copy,0.0635
u32,10000,24680,sparse8,8,adaptive,0.013042
u32,10000,24680,sparse8,8,std_sort,0.089791
u32,10000,24680,sparse8,8,ska_sort,0.18175
u32,10000,24680,sparse8,8,ska_sort_copy,0.063834
u32,10000,24680,sparse8,8,radixkit,0.035333
u32,10000,24680,nearly_sorted,0,ska_sort,0.129542
u32,10000,24680,nearly_sorted,0,ska_sort_copy,0.073167
u32,10000,24680,nearly_sorted,0,radixkit,0.023041
u32,10000,24680,nearly_sorted,0,adaptive,0.023416
u32,10000,24680,nearly_sorted,0,std_sort,0.035417
u32,10000,24680,nearly_sorted,1,ska_sort_copy,0.072917
u32,10000,24680,nearly_sorted,1,radixkit,0.022834
u32,10000,24680,nearly_sorted,1,adaptive,0.023291
u32,10000,24680,nearly_sorted,1,std_sort,0.034208
u32,10000,24680,nearly_sorted,1,ska_sort,0.129458
u32,10000,24680,nearly_sorted,2,radixkit,0.023
u32,10000,24680,nearly_sorted,2,adaptive,0.023375
u32,10000,24680,nearly_sorted,2,std_sort,0.033834
u32,10000,24680,nearly_sorted,2,ska_sort,0.129958
u32,10000,24680,nearly_sorted,2,ska_sort_copy,0.073166
u32,10000,24680,nearly_sorted,3,adaptive,0.023417
u32,10000,24680,nearly_sorted,3,std_sort,0.0335
u32,10000,24680,nearly_sorted,3,ska_sort,0.134417
u32,10000,24680,nearly_sorted,3,ska_sort_copy,0.075583
u32,10000,24680,nearly_sorted,3,radixkit,0.023042
u32,10000,24680,nearly_sorted,4,std_sort,0.033167
u32,10000,24680,nearly_sorted,4,ska_sort,0.130667
u32,10000,24680,nearly_sorted,4,ska_sort_copy,0.073083
u32,10000,24680,nearly_sorted,4,radixkit,0.023208
u32,10000,24680,nearly_sorted,4,adaptive,0.023292
u32,10000,24680,nearly_sorted,5,ska_sort,0.139666
u32,10000,24680,nearly_sorted,5,ska_sort_copy,0.073167
u32,10000,24680,nearly_sorted,5,radixkit,0.023
u32,10000,24680,nearly_sorted,5,adaptive,0.02325
u32,10000,24680,nearly_sorted,5,std_sort,0.033042
u32,10000,24680,nearly_sorted,6,ska_sort_copy,0.073209
u32,10000,24680,nearly_sorted,6,radixkit,0.023583
u32,10000,24680,nearly_sorted,6,adaptive,0.023667
u32,10000,24680,nearly_sorted,6,std_sort,0.034959
u32,10000,24680,nearly_sorted,6,ska_sort,0.135458
u32,10000,24680,nearly_sorted,7,radixkit,0.023417
u32,10000,24680,nearly_sorted,7,adaptive,0.023583
u32,10000,24680,nearly_sorted,7,std_sort,0.033834
u32,10000,24680,nearly_sorted,7,ska_sort,0.149
u32,10000,24680,nearly_sorted,7,ska_sort_copy,0.074333
u32,10000,24680,nearly_sorted,8,adaptive,0.023625
u32,10000,24680,nearly_sorted,8,std_sort,0.033667
u32,10000,24680,nearly_sorted,8,ska_sort,0.132083
u32,10000,24680,nearly_sorted,8,ska_sort_copy,0.077417
u32,10000,24680,nearly_sorted,8,radixkit,0.023417
u64,10000,24680,uniform,0,ska_sort,0.153291
u64,10000,24680,uniform,0,ska_sort_copy,0.143375
u64,10000,24680,uniform,0,radixkit,0.053666
u64,10000,24680,uniform,0,adaptive,0.053625
u64,10000,24680,uniform,0,std_sort,0.189209
u64,10000,24680,uniform,1,ska_sort_copy,0.137209
u64,10000,24680,uniform,1,radixkit,0.051917
u64,10000,24680,uniform,1,adaptive,0.051459
u64,10000,24680,uniform,1,std_sort,0.1905
u64,10000,24680,uniform,1,ska_sort,0.142666
u64,10000,24680,uniform,2,radixkit,0.05025
u64,10000,24680,uniform,2,adaptive,0.050041
u64,10000,24680,uniform,2,std_sort,0.172458
u64,10000,24680,uniform,2,ska_sort,0.138375
u64,10000,24680,uniform,2,ska_sort_copy,0.138917
u64,10000,24680,uniform,3,adaptive,0.050084
u64,10000,24680,uniform,3,std_sort,0.171792
u64,10000,24680,uniform,3,ska_sort,0.126375
u64,10000,24680,uniform,3,ska_sort_copy,0.125958
u64,10000,24680,uniform,3,radixkit,0.05
u64,10000,24680,uniform,4,std_sort,0.171667
u64,10000,24680,uniform,4,ska_sort,0.125083
u64,10000,24680,uniform,4,ska_sort_copy,0.127959
u64,10000,24680,uniform,4,radixkit,0.050541
u64,10000,24680,uniform,4,adaptive,0.050292
u64,10000,24680,uniform,5,ska_sort,0.124583
u64,10000,24680,uniform,5,ska_sort_copy,0.123917
u64,10000,24680,uniform,5,radixkit,0.050084
u64,10000,24680,uniform,5,adaptive,0.050042
u64,10000,24680,uniform,5,std_sort,0.171417
u64,10000,24680,uniform,6,ska_sort_copy,0.128083
u64,10000,24680,uniform,6,radixkit,0.050542
u64,10000,24680,uniform,6,adaptive,0.050167
u64,10000,24680,uniform,6,std_sort,0.173792
u64,10000,24680,uniform,6,ska_sort,0.12475
u64,10000,24680,uniform,7,radixkit,0.050375
u64,10000,24680,uniform,7,adaptive,0.050417
u64,10000,24680,uniform,7,std_sort,0.169
u64,10000,24680,uniform,7,ska_sort,0.121958
u64,10000,24680,uniform,7,ska_sort_copy,0.11975
u64,10000,24680,uniform,8,adaptive,0.05025
u64,10000,24680,uniform,8,std_sort,0.169625
u64,10000,24680,uniform,8,ska_sort,0.1145
u64,10000,24680,uniform,8,ska_sort_copy,0.113292
u64,10000,24680,uniform,8,radixkit,0.050125
u64,10000,24680,uniform16,0,ska_sort,0.266667
u64,10000,24680,uniform16,0,ska_sort_copy,0.266458
u64,10000,24680,uniform16,0,radixkit,0.038167
u64,10000,24680,uniform16,0,adaptive,0.038291
u64,10000,24680,uniform16,0,std_sort,0.172458
u64,10000,24680,uniform16,1,ska_sort_copy,0.265041
u64,10000,24680,uniform16,1,radixkit,0.038292
u64,10000,24680,uniform16,1,adaptive,0.038125
u64,10000,24680,uniform16,1,std_sort,0.210834
u64,10000,24680,uniform16,1,ska_sort,0.275459
u64,10000,24680,uniform16,2,radixkit,0.052584
u64,10000,24680,uniform16,2,adaptive,0.03875
u64,10000,24680,uniform16,2,std_sort,0.187291
u64,10000,24680,uniform16,2,ska_sort,0.278541
u64,10000,24680,uniform16,2,ska_sort_copy,0.269667
u64,10000,24680,uniform16,3,adaptive,0.037958
u64,10000,24680,uniform16,3,std_sort,0.172625
u64,10000,24680,uniform16,3,ska_sort,0.263375
u64,10000,24680,uniform16,3,ska_sort_copy,0.275833
u64,10000,24680,uniform16,3,radixkit,0.037709
u64,10000,24680,uniform16,4,std_sort,0.17175
u64,10000,24680,uniform16,4,ska_sort,0.258958
u64,10000,24680,uniform16,4,ska_sort_copy,0.259542
u64,10000,24680,uniform16,4,radixkit,0.037542
u64,10000,24680,uniform16,4,adaptive,0.037625
u64,10000,24680,uniform16,5,ska_sort,0.25875
u64,10000,24680,uniform16,5,ska_sort_copy,0.255875
u64,10000,24680,uniform16,5,radixkit,0.037583
u64,10000,24680,uniform16,5,adaptive,0.037292
u64,10000,24680,uniform16,5,std_sort,0.171708
u64,10000,24680,uniform16,6,ska_sort_copy,0.262
u64,10000,24680,uniform16,6,radixkit,0.037958
u64,10000,24680,uniform16,6,adaptive,0.037708
u64,10000,24680,uniform16,6,std_sort,0.172125
u64,10000,24680,uniform16,6,ska_sort,0.257792
u64,10000,24680,uniform16,7,radixkit,0.037792
u64,10000,24680,uniform16,7,adaptive,0.037833
u64,10000,24680,uniform16,7,std_sort,0.168416
u64,10000,24680,uniform16,7,ska_sort,0.252833
u64,10000,24680,uniform16,7,ska_sort_copy,0.251875
u64,10000,24680,uniform16,8,adaptive,0.037834
u64,10000,24680,uniform16,8,std_sort,0.1665
u64,10000,24680,uniform16,8,ska_sort,0.246542
u64,10000,24680,uniform16,8,ska_sort_copy,0.242875
u64,10000,24680,uniform16,8,radixkit,0.037666
u64,10000,24680,zeros99,0,ska_sort,0.219833
u64,10000,24680,zeros99,0,ska_sort_copy,0.216417
u64,10000,24680,zeros99,0,radixkit,0.004167
u64,10000,24680,zeros99,0,adaptive,0.005125
u64,10000,24680,zeros99,0,std_sort,0.009083
u64,10000,24680,zeros99,1,ska_sort_copy,0.21525
u64,10000,24680,zeros99,1,radixkit,0.004
u64,10000,24680,zeros99,1,adaptive,0.005125
u64,10000,24680,zeros99,1,std_sort,0.009334
u64,10000,24680,zeros99,1,ska_sort,0.219208
u64,10000,24680,zeros99,2,radixkit,0.003959
u64,10000,24680,zeros99,2,adaptive,0.004958
u64,10000,24680,zeros99,2,std_sort,0.008667
u64,10000,24680,zeros99,2,ska_sort,0.220291
u64,10000,24680,zeros99,2,ska_sort_copy,0.22175
u64,10000,24680,zeros99,3,adaptive,0.005166
u64,10000,24680,zeros99,3,std_sort,0.008792
u64,10000,24680,zeros99,3,ska_sort,0.218959
u64,10000,24680,zeros99,3,ska_sort_copy,0.220791
u64,10000,24680,zeros99,3,radixkit,0.004042
u64,10000,24680,zeros99,4,std_sort,0.008875
u64,10000,24680,zeros99,4,ska_sort,0.222667
u64,10000,24680,zeros99,4,ska_sort_copy,0.215166
u64,10000,24680,zeros99,4,radixkit,0.004083
u64,10000,24680,zeros99,4,adaptive,0.004916
u64,10000,24680,zeros99,5,ska_sort,0.218833
u64,10000,24680,zeros99,5,ska_sort_copy,0.217125
u64,10000,24680,zeros99,5,radixkit,0.004042
u64,10000,24680,zeros99,5,adaptive,0.005125
u64,10000,24680,zeros99,5,std_sort,0.008834
u64,10000,24680,zeros99,6,ska_sort_copy,0.231875
u64,10000,24680,zeros99,6,radixkit,0.004167
u64,10000,24680,zeros99,6,adaptive,0.005
u64,10000,24680,zeros99,6,std_sort,0.008541
u64,10000,24680,zeros99,6,ska_sort,0.229625
u64,10000,24680,zeros99,7,radixkit,0.003917
u64,10000,24680,zeros99,7,adaptive,0.005042
u64,10000,24680,zeros99,7,std_sort,0.0085
u64,10000,24680,zeros99,7,ska_sort,0.215917
u64,10000,24680,zeros99,7,ska_sort_copy,0.222625
u64,10000,24680,zeros99,8,adaptive,0.005
u64,10000,24680,zeros99,8,std_sort,0.008542
u64,10000,24680,zeros99,8,ska_sort,0.217083
u64,10000,24680,zeros99,8,ska_sort_copy,0.221791
u64,10000,24680,zeros99,8,radixkit,0.004083
u64,10000,24680,equal,0,ska_sort,0.175333
u64,10000,24680,equal,0,ska_sort_copy,0.175166
u64,10000,24680,equal,0,radixkit,0.001666
u64,10000,24680,equal,0,adaptive,0.001125
u64,10000,24680,equal,0,std_sort,0.013042
u64,10000,24680,equal,1,ska_sort_copy,0.176458
u64,10000,24680,equal,1,radixkit,0.001667
u64,10000,24680,equal,1,adaptive,0.001125
u64,10000,24680,equal,1,std_sort,0.012958
u64,10000,24680,equal,1,ska_sort,0.172916
u64,10000,24680,equal,2,radixkit,0.001666
u64,10000,24680,equal,2,adaptive,0.001125
u64,10000,24680,equal,2,std_sort,0.013042
u64,10000,24680,equal,2,ska_sort,0.178875
u64,10000,24680,equal,2,ska_sort_copy,0.180208
u64,10000,24680,equal,3,adaptive,0.001083
u64,10000,24680,equal,3,std_sort,0.012958
u64,10000,24680,equal,3,ska_sort,0.175875
u64,10000,24680,equal,3,ska_sort_copy,0.174959
u64,10000,24680,equal,3,radixkit,0.001667
u64,10000,24680,equal,4,std_sort,0.012959
u64,10000,24680,equal,4,ska_sort,0.175875
u64,10000,24680,equal,4,ska_sort_copy,0.175875
u64,10000,24680,equal,4,radixkit,0.001666
u64,10000,24680,equal,4,adaptive,0.001083
u64,10000,24680,equal,5,ska_sort,0.176208
u64,10000,24680,equal,5,ska_sort_copy,0.173917
u64,10000,24680,equal,5,radixkit,0.001667
u64,10000,24680,equal,5,adaptive,0.001125
u64,10000,24680,equal,5,std_sort,0.012958
u64,10000,24680,equal,6,ska_sort_copy,0.174583
u64,10000,24680,equal,6,radixkit,0.001666
u64,10000,24680,equal,6,adaptive,0.001125
u64,10000,24680,equal,6,std_sort,0.012958
u64,10000,24680,equal,6,ska_sort,0.183
u64,10000,24680,equal,7,radixkit,0.001667
u64,10000,24680,equal,7,adaptive,0.00125
u64,10000,24680,equal,7,std_sort,0.013042
u64,10000,24680,equal,7,ska_sort,0.1905
u64,10000,24680,equal,7,ska_sort_copy,0.185166
u64,10000,24680,equal,8,adaptive,0.001375
u64,10000,24680,equal,8,std_sort,0.013916
u64,10000,24680,equal,8,ska_sort,0.182583
u64,10000,24680,equal,8,ska_sort_copy,0.183125
u64,10000,24680,equal,8,radixkit,0.002125
u64,10000,24680,ascending,0,ska_sort,0.20525
u64,10000,24680,ascending,0,ska_sort_copy,0.205125
u64,10000,24680,ascending,0,radixkit,0.006333
u64,10000,24680,ascending,0,adaptive,0.006417
u64,10000,24680,ascending,0,std_sort,0.009917
u64,10000,24680,ascending,1,ska_sort_copy,0.206417
u64,10000,24680,ascending,1,radixkit,0.006458
u64,10000,24680,ascending,1,adaptive,0.006458
u64,10000,24680,ascending,1,std_sort,0.009917
u64,10000,24680,ascending,1,ska_sort,0.216833
u64,10000,24680,ascending,2,radixkit,0.006417
u64,10000,24680,ascending,2,adaptive,0.006459
u64,10000,24680,ascending,2,std_sort,0.010083
u64,10000,24680,ascending,2,ska_sort,0.20225
u64,10000,24680,ascending,2,ska_sort_copy,0.231208
u64,10000,24680,ascending,3,adaptive,0.006625
u64,10000,24680,ascending,3,std_sort,0.01025
u64,10000,24680,ascending,3,ska_sort,0.204333
u64,10000,24680,ascending,3,ska_sort_copy,0.212791
u64,10000,24680,ascending,3,radixkit,0.00625
u64,10000,24680,ascending,4,std_sort,0.009708
u64,10000,24680,ascending,4,ska_sort,0.202
u64,10000,24680,ascending,4,ska_sort_copy,0.201792
u64,10000,24680,ascending,4,radixkit,0.006333
u64,10000,24680,ascending,4,adaptive,0.006333
u64,10000,24680,ascending,5,ska_sort,0.203417
u64,10000,24680,ascending,5,ska_sort_copy,0.218292
u64,10000,24680,ascending,5,radixkit,0.006292
u64,10000,24680,ascending,5,adaptive,0.006292
u64,10000,24680,ascending,5,std_sort,0.009709
u64,10000,24680,ascending,6,ska_sort_copy,0.20525
u64,10000,24680,ascending,6,radixkit,0.006292
u64,10000,24680,ascending,6,adaptive,0.006333
u64,10000,24680,ascending,6,std_sort,0.009667
u64,10000,24680,ascending,6,ska_sort,0.199833
u64,10000,24680,ascending,7,radixkit,0.006334
u64,10000,24680,ascending,7,adaptive,0.006333
u64,10000,24680,ascending,7,std_sort,0.009667
u64,10000,24680,ascending,7,ska_sort,0.201917
u64,10000,24680,ascending,7,ska_sort_copy,0.200792
u64,10000,24680,ascending,8,adaptive,0.006333
u64,10000,24680,ascending,8,std_sort,0.009667
u64,10000,24680,ascending,8,ska_sort,0.202541
u64,10000,24680,ascending,8,ska_sort_copy,0.201709
u64,10000,24680,ascending,8,radixkit,0.00625
u64,10000,24680,descending,0,ska_sort,0.210875
u64,10000,24680,descending,0,ska_sort_copy,0.216125
u64,10000,24680,descending,0,radixkit,0.008083
u64,10000,24680,descending,0,adaptive,0.008209
u64,10000,24680,descending,0,std_sort,0.016959
u64,10000,24680,descending,1,ska_sort_copy,0.21475
u64,10000,24680,descending,1,radixkit,0.008167
u64,10000,24680,descending,1,adaptive,0.008333
u64,10000,24680,descending,1,std_sort,0.017375
u64,10000,24680,descending,1,ska_sort,0.210292
u64,10000,24680,descending,2,radixkit,0.008042
u64,10000,24680,descending,2,adaptive,0.008084
u64,10000,24680,descending,2,std_sort,0.016959
u64,10000,24680,descending,2,ska_sort,0.21175
u64,10000,24680,descending,2,ska_sort_copy,0.211375
u64,10000,24680,descending,3,adaptive,0.008125
u64,10000,24680,descending,3,std_sort,0.017042
u64,10000,24680,descending,3,ska_sort,0.218875
u64,10000,24680,descending,3,ska_sort_copy,0.21325
u64,10000,24680,descending,3,radixkit,0.008042
u64,10000,24680,descending,4,std_sort,0.016875
u64,10000,24680,descending,4,ska_sort,0.212833
u64,10000,24680,descending,4,ska_sort_copy,0.213709
u64,10000,24680,descending,4,radixkit,0.008084
u64,10000,24680,descending,4,adaptive,0.008167
u64,10000,24680,descending,5,ska_sort,0.209375
u64,10000,24680,descending,5,ska_sort_copy,0.209917
u64,10000,24680,descending,5,radixkit,0.007958
u64,10000,24680,descending,5,adaptive,0.008083
u64,10000,24680,descending,5,std_sort,0.017
u64,10000,24680,descending,6,ska_sort_copy,0.2285
u64,10000,24680,descending,6,radixkit,0.008709
u64,10000,24680,descending,6,adaptive,0.008625
u64,10000,24680,descending,6,std_sort,0.018125
u64,10000,24680,descending,6,ska_sort,0.216667
u64,10000,24680,descending,7,radixkit,0.008125
u64,10000,24680,descending,7,adaptive,0.008209
u64,10000,24680,descending,7,std_sort,0.017292
u64,10000,24680,descending,7,ska_sort,0.214375
u64,10000,24680,descending,7,ska_sort_copy,0.212959
u64,10000,24680,descending,8,adaptive,0.008291
u64,10000,24680,descending,8,std_sort,0.017292
u64,10000,24680,descending,8,ska_sort,0.226917
u64,10000,24680,descending,8,ska_sort_copy,0.219459
u64,10000,24680,descending,8,radixkit,0.008709
u64,10000,24680,sparse8,0,ska_sort,0.426375
u64,10000,24680,sparse8,0,ska_sort_copy,0.41125
u64,10000,24680,sparse8,0,radixkit,0.132542
u64,10000,24680,sparse8,0,adaptive,0.0265
u64,10000,24680,sparse8,0,std_sort,0.114417
u64,10000,24680,sparse8,1,ska_sort_copy,0.40575
u64,10000,24680,sparse8,1,radixkit,0.126041
u64,10000,24680,sparse8,1,adaptive,0.025542
u64,10000,24680,sparse8,1,std_sort,0.107709
u64,10000,24680,sparse8,1,ska_sort,0.396167
u64,10000,24680,sparse8,2,radixkit,0.126875
u64,10000,24680,sparse8,2,adaptive,0.025417
u64,10000,24680,sparse8,2,std_sort,0.105041
u64,10000,24680,sparse8,2,ska_sort,0.391167
u64,10000,24680,sparse8,2,ska_sort_copy,0.397917
u64,10000,24680,sparse8,3,adaptive,0.025375
u64,10000,24680,sparse8,3,std_sort,0.104042
u64,10000,24680,sparse8,3,ska_sort,0.389541
u64,10000,24680,sparse8,3,ska_sort_copy,0.391333
u64,10000,24680,sparse8,3,radixkit,0.142833
u64,10000,24680,sparse8,4,std_sort,0.106292
u64,10000,24680,sparse8,4,ska_sort,0.398208
u64,10000,24680,sparse8,4,ska_sort_copy,0.399875
u64,10000,24680,sparse8,4,radixkit,0.129916
u64,10000,24680,sparse8,4,adaptive,0.026166
u64,10000,24680,sparse8,5,ska_sort,0.395958
u64,10000,24680,sparse8,5,ska_sort_copy,0.398167
u64,10000,24680,sparse8,5,radixkit,0.148
u64,10000,24680,sparse8,5,adaptive,0.037209
u64,10000,24680,sparse8,5,std_sort,0.115083
u64,10000,24680,sparse8,6,ska_sort_copy,0.458375
u64,10000,24680,sparse8,6,radixkit,0.131167
u64,10000,24680,sparse8,6,adaptive,0.025917
u64,10000,24680,sparse8,6,std_sort,0.108292
u64,10000,24680,sparse8,6,ska_sort,0.431208
u64,10000,24680,sparse8,7,radixkit,0.127042
u64,10000,24680,sparse8,7,adaptive,0.025583
u64,10000,24680,sparse8,7,std_sort,0.103708
u64,10000,24680,sparse8,7,ska_sort,0.437541
u64,10000,24680,sparse8,7,ska_sort_copy,0.410625
u64,10000,24680,sparse8,8,adaptive,0.026
u64,10000,24680,sparse8,8,std_sort,0.104125
u64,10000,24680,sparse8,8,ska_sort,0.404916
u64,10000,24680,sparse8,8,ska_sort_copy,0.416209
u64,10000,24680,sparse8,8,radixkit,0.129042
u64,10000,24680,nearly_sorted,0,ska_sort,0.217417
u64,10000,24680,nearly_sorted,0,ska_sort_copy,0.217
u64,10000,24680,nearly_sorted,0,radixkit,0.038583
u64,10000,24680,nearly_sorted,0,adaptive,0.038709
u64,10000,24680,nearly_sorted,0,std_sort,0.037291
u64,10000,24680,nearly_sorted,1,ska_sort_copy,0.21725
u64,10000,24680,nearly_sorted,1,radixkit,0.038667
u64,10000,24680,nearly_sorted,1,adaptive,0.038833
u64,10000,24680,nearly_sorted,1,std_sort,0.036291
u64,10000,24680,nearly_sorted,1,ska_sort,0.219
u64,10000,24680,nearly_sorted,2,radixkit,0.038458
u64,10000,24680,nearly_sorted,2,adaptive,0.038708
u64,10000,24680,nearly_sorted,2,std_sort,0.035917
u64,10000,24680,nearly_sorted,2,ska_sort,0.215875
u64,10000,24680,nearly_sorted,2,ska_sort_copy,0.215292
u64,10000,24680,nearly_sorted,3,adaptive,0.039708
u64,10000,24680,nearly_sorted,3,std_sort,0.036959
u64,10000,24680,nearly_sorted,3,ska_sort,0.217459
u64,10000,24680,nearly_sorted,3,ska_sort_copy,0.216875
u64,10000,24680,nearly_sorted,3,radixkit,0.0385
u64,10000,24680,nearly_sorted,4,std_sort,0.035416
u64,10000,24680,nearly_sorted,4,ska_sort,0.21675
u64,10000,24680,nearly_sorted,4,ska_sort_copy,0.24225
u64,10000,24680,nearly_sorted,4,radixkit,0.040416
u64,10000,24680,nearly_sorted,4,adaptive,0.040541
u64,10000,24680,nearly_sorted,5,ska_sort,0.219625
u64,10000,24680,nearly_sorted,5,ska_sort_copy,0.224584
u64,10000,24680,nearly_sorted,5,radixkit,0.03925
u64,10000,24680,nearly_sorted,5,adaptive,0.039875
u64,10000,24680,nearly_sorted,5,std_sort,0.041542
u64,10000,24680,nearly_sorted,6,ska_sort_copy,0.222459
u64,10000,24680,nearly_sorted,6,radixkit,0.040125
u64,10000,24680,nearly_sorted,6,adaptive,0.040917
u64,10000,24680,nearly_sorted,6,std_sort,0.039042
u64,10000,24680,nearly_sorted,6,ska_sort,0.239666
u64,10000,24680,nearly_sorted,7,radixkit,0.041333
u64,10000,24680,nearly_sorted,7,adaptive,0.041167
u64,10000,24680,nearly_sorted,7,std_sort,0.039416
u64,10000,24680,nearly_sorted,7,ska_sort,0.223375
u64,10000,24680,nearly_sorted,7,ska_sort_copy,0.22425
u64,10000,24680,nearly_sorted,8,adaptive,0.0405
u64,10000,24680,nearly_sorted,8,std_sort,0.038708
u64,10000,24680,nearly_sorted,8,ska_sort,0.221709
u64,10000,24680,nearly_sorted,8,ska_sort_copy,0.224709
u64,10000,24680,nearly_sorted,8,radixkit,0.038625
kv32,10000,24680,uniform,0,ska_sort,0.145292
kv32,10000,24680,uniform,0,ska_sort_copy,0.037208
kv32,10000,24680,uniform,0,radixkit,0.036291
kv32,10000,24680,uniform,0,std_sort,0.35
kv32,10000,24680,uniform,1,ska_sort_copy,0.036792
kv32,10000,24680,uniform,1,radixkit,0.036625
kv32,10000,24680,uniform,1,std_sort,0.342708
kv32,10000,24680,uniform,1,ska_sort,0.142792
kv32,10000,24680,uniform,2,radixkit,0.036291
kv32,10000,24680,uniform,2,std_sort,0.351083
kv32,10000,24680,uniform,2,ska_sort,0.142875
kv32,10000,24680,uniform,2,ska_sort_copy,0.037333
kv32,10000,24680,uniform,3,std_sort,0.362167
kv32,10000,24680,uniform,3,ska_sort,0.140916
kv32,10000,24680,uniform,3,ska_sort_copy,0.037208
kv32,10000,24680,uniform,3,radixkit,0.036042
kv32,10000,24680,uniform,4,ska_sort,0.138584
kv32,10000,24680,uniform,4,ska_sort_copy,0.037167
kv32,10000,24680,uniform,4,radixkit,0.036
kv32,10000,24680,uniform,4,std_sort,0.341292
kv32,10000,24680,uniform,5,ska_sort_copy,0.036917
kv32,10000,24680,uniform,5,radixkit,0.036041
kv32,10000,24680,uniform,5,std_sort,0.341041
kv32,10000,24680,uniform,5,ska_sort,0.151625
kv32,10000,24680,uniform,6,radixkit,0.0375
kv32,10000,24680,uniform,6,std_sort,0.352208
kv32,10000,24680,uniform,6,ska_sort,0.143375
kv32,10000,24680,uniform,6,ska_sort_copy,0.040334
kv32,10000,24680,uniform,7,std_sort,0.351
kv32,10000,24680,uniform,7,ska_sort,0.146334
kv32,10000,24680,uniform,7,ska_sort_copy,0.038292
kv32,10000,24680,uniform,7,radixkit,0.037583
kv32,10000,24680,uniform,8,ska_sort,0.141542
kv32,10000,24680,uniform,8,ska_sort_copy,0.038458
kv32,10000,24680,uniform,8,radixkit,0.037958
kv32,10000,24680,uniform,8,std_sort,0.354292
kv32,10000,24680,uniform16,0,ska_sort,0.191666
kv32,10000,24680,uniform16,0,ska_sort_copy,0.078541
kv32,10000,24680,uniform16,0,radixkit,0.02825
kv32,10000,24680,uniform16,0,std_sort,0.376208
kv32,10000,24680,uniform16,1,ska_sort_copy,0.078125
kv32,10000,24680,uniform16,1,radixkit,0.028416
kv32,10000,24680,uniform16,1,std_sort,0.349084
kv32,10000,24680,uniform16,1,ska_sort,0.193792
kv32,10000,24680,uniform16,2,radixkit,0.028167
kv32,10000,24680,uniform16,2,std_sort,0.341458
kv32,10000,24680,uniform16,2,ska_sort,0.188959
kv32,10000,24680,uniform16,2,ska_sort_copy,0.078417
kv32,10000,24680,uniform16,3,std_sort,0.3385
kv32,10000,24680,uniform16,3,ska_sort,0.186583
kv32,10000,24680,uniform16,3,ska_sort_copy,0.078375
kv32,10000,24680,uniform16,3,radixkit,0.028167
kv32,10000,24680,uniform16,4,ska_sort,0.181958
kv32,10000,24680,uniform16,4,ska_sort_copy,0.078375
kv32,10000,24680,uniform16,4,radixkit,0.027917
kv32,10000,24680,uniform16,4,std_sort,0.340916
kv32,10000,24680,uniform16,5,ska_sort_copy,0.078459
kv32,10000,24680,uniform16,5,radixkit,0.0285
kv32,10000,24680,uniform16,5,std_sort,0.334625
kv32,10000,24680,uniform16,5,ska_sort,0.17925
kv32,10000,24680,uniform16,6,radixkit,0.028
kv32,10000,24680,uniform16,6,std_sort,0.332833
kv32,10000,24680,uniform16,6,ska_sort,0.178625
kv32,10000,24680,uniform16,6,ska_sort_copy,0.078334
kv32,10000,24680,uniform16,7,std_sort,0.33575
kv32,10000,24680,uniform16,7,ska_sort,0.180375
kv32,10000,24680,uniform16,7,ska_sort_copy,0.078459
kv32,10000,24680,uniform16,7,radixkit,0.027959
kv32,10000,24680,uniform16,8,ska_sort,0.17575
kv32,10000,24680,uniform16,8,ska_sort_copy,0.078416
kv32,10000,24680,uniform16,8,radixkit,0.028542
kv32,10000,24680,uniform16,8,std_sort,0.388667
kv32,10000,24680,zeros99,0,ska_sort,0.1185
kv32,10000,24680,zeros99,0,ska_sort_copy,0.1125
kv32,10000,24680,zeros99,0,radixkit,0.084541
kv32,10000,24680,zeros99,0,std_sort,0.298084
kv32,10000,24680,zeros99,1,ska_sort_copy,0.114416
kv32,10000,24680,zeros99,1,radixkit,0.091
kv32,10000,24680,zeros99,1,std_sort,0.287542
kv32,10000,24680,zeros99,1,ska_sort,0.108042
kv32,10000,24680,zeros99,2,radixkit,0.081917
kv32,10000,24680,zeros99,2,std_sort,0.293958
kv32,10000,24680,zeros99,2,ska_sort,0.108125
kv32,10000,24680,zeros99,2,ska_sort_copy,0.108042
kv32,10000,24680,zeros99,3,std_sort,0.283166
kv32,10000,24680,zeros99,3,ska_sort,0.107209
kv32,10000,24680,zeros99,3,ska_sort_copy,0.107875
kv32,10000,24680,zeros99,3,radixkit,0.081834
kv32,10000,24680,zeros99,4,ska_sort,0.106708
kv32,10000,24680,zeros99,4,ska_sort_copy,0.10775
kv32,10000,24680,zeros99,4,radixkit,0.081916
kv32,10000,24680,zeros99,4,std_sort,0.282083
kv32,10000,24680,zeros99,5,ska_sort_copy,0.105875
kv32,10000,24680,zeros99,5,radixkit,0.08025
kv32,10000,24680,zeros99,5,std_sort,0.2805
kv32,10000,24680,zeros99,5,ska_sort,0.105375
kv32,10000,24680,zeros99,6,radixkit,0.080375
kv32,10000,24680,zeros99,6,std_sort,0.2775
kv32,10000,24680,zeros99,6,ska_sort,0.105
kv32,10000,24680,zeros99,6,ska_sort_copy,0.105958
kv32,10000,24680,zeros99,7,std_sort,0.277625
kv32,10000,24680,zeros99,7,ska_sort,0.105
kv32,10000,24680,zeros99,7,ska_sort_copy,0.105875
kv32,10000,24680,zeros99,7,radixkit,0.08025
kv32,10000,24680,zeros99,8,ska_sort,0.1055
kv32,10000,24680,zeros99,8,ska_sort_copy,0.106042
kv32,10000,24680,zeros99,8,radixkit,0.082875
kv32,10000,24680,zeros99,8,std_sort,0.297958
kv32,10000,24680,equal,0,ska_sort,0.087875
kv32,10000,24680,equal,0,ska_sort_copy,0.108625
kv32,10000,24680,equal,0,radixkit,0.012625
kv32,10000,24680,equal,0,std_sort,0.007084
kv32,10000,24680,equal,1,ska_sort_copy,0.1085
kv32,10000,24680,equal,1,radixkit,0.012542
kv32,10000,24680,equal,1,std_sort,0.007041
kv32,10000,24680,equal,1,ska_sort,0.087542
kv32,10000,24680,equal,2,radixkit,0.0125
kv32,10000,24680,equal,2,std_sort,0.007
kv32,10000,24680,equal,2,ska_sort,0.088333
kv32,10000,24680,equal,2,ska_sort_copy,0.108417
kv32,10000,24680,equal,3,std_sort,0.006958
kv32,10000,24680,equal,3,ska_sort,0.087792
kv32,10000,24680,equal,3,ska_sort_copy,0.108458
kv32,10000,24680,equal,3,radixkit,0.015583
kv32,10000,24680,equal,4,ska_sort,0.087625
kv32,10000,24680,equal,4,ska_sort_copy,0.10875
kv32,10000,24680,equal,4,radixkit,0.012208
kv32,10000,24680,equal,4,std_sort,0.007167
kv32,10000,24680,equal,5,ska_sort_copy,0.119625
kv32,10000,24680,equal,5,radixkit,0.012583
kv32,10000,24680,equal,5,std_sort,0.007208
kv32,10000,24680,equal,5,ska_sort,0.091375
kv32,10000,24680,equal,6,radixkit,0.012125
kv32,10000,24680,equal,6,std_sort,0.006708
kv32,10000,24680,equal,6,ska_sort,0.084875
kv32,10000,24680,equal,6,ska_sort_copy,0.11475
kv32,10000,24680,equal,7,std_sort,0.006708
kv32,10000,24680,equal,7,ska_sort,0.084375
kv32,10000,24680,equal,7,ska_sort_copy,0.104792
kv32,10000,24680,equal,7,radixkit,0.012125
kv32,10000,24680,equal,8,ska_sort,0.084208
kv32,10000,24680,equal,8,ska_sort_copy,0.104667
kv32,10000,24680,equal,8,radixkit,0.012084
kv32,10000,24680,equal,8,std_sort,0.006708
kv32,10000,24680,ascending,0,ska_sort,0.113709
kv32,10000,24680,ascending,0,ska_sort_copy,0.08425
kv32,10000,24680,ascending,0,radixkit,0.032666
kv32,10000,24680,ascending,0,std_sort,0.007
kv32,10000,24680,ascending,1,ska_sort_copy,0.083792
kv32,10000,24680,ascending,1,radixkit,0.032375
kv32,10000,24680,ascending,1,std_sort,0.006916
kv32,10000,24680,ascending,1,ska_sort,0.113667
kv32,10000,24680,ascending,2,radixkit,0.032542
kv32,10000,24680,ascending,2,std_sort,0.006834
kv32,10000,24680,ascending,2,ska_sort,0.114083
kv32,10000,24680,ascending,2,ska_sort_copy,0.084125
kv32,10000,24680,ascending,3,std_sort,0.006833
kv32,10000,24680,ascending,3,ska_sort,0.114083
kv32,10000,24680,ascending,3,ska_sort_copy,0.086042
kv32,10000,24680,ascending,3,radixkit,0.033125
kv32,10000,24680,ascending,4,ska_sort,0.115834
kv32,10000,24680,ascending,4,ska_sort_copy,0.089333
kv32,10000,24680,ascending,4,radixkit,0.033166
kv32,10000,24680,ascending,4,std_sort,0.007
kv32,10000,24680,ascending,5,ska_sort_copy,0.085833
kv32,10000,24680,ascending,5,radixkit,0.03325
kv32,10000,24680,ascending,5,std_sort,0.006958
kv32,10000,24680,ascending,5,ska_sort,0.11625
kv32,10000,24680,ascending,6,radixkit,0.033292
kv32,10000,24680,ascending,6,std_sort,0.007083
kv32,10000,24680,ascending,6,ska_sort,0.116
kv32,10000,24680,ascending,6,ska_sort_copy,0.086083
kv32,10000,24680,ascending,7,std_sort,0.007375
kv32,10000,24680,ascending,7,ska_sort,0.115791
kv32,10000,24680,ascending,7,ska_sort_copy,0.085834
kv32,10000,24680,ascending,7,radixkit,0.033208
kv32,10000,24680,ascending,8,ska_sort,0.115958
kv32,10000,24680,ascending,8,ska_sort_copy,0.0855
kv32,10000,24680,ascending,8,radixkit,0.033125
kv32,10000,24680,ascending,8,std_sort,0.007
kv32,10000,24680,descending,0,ska_sort,0.128917
kv32,10000,24680,descending,0,ska_sort_copy,0.0855
kv32,10000,24680,descending,0,radixkit,0.033667
kv32,10000,24680,descending,0,std_sort,0.011416
kv32,10000,24680,descending,1,ska_sort_copy,0.08875
kv32,10000,24680,descending,1,radixkit,0.033416
kv32,10000,24680,descending,1,std_sort,0.011209
kv32,10000,24680,descending,1,ska_sort,0.129541
kv32,10000,24680,descending,2,radixkit,0.03325
kv32,10000,24680,descending,2,std_sort,0.011208
kv32,10000,24680,descending,2,ska_sort,0.129625
kv32,10000,24680,descending,2,ska_sort_copy,0.08675
kv32,10000,24680,descending,3,std_sort,0.011083
kv32,10000,24680,descending,3,ska_sort,0.14075
kv32,10000,24680,descending,3,ska_sort_copy,0.090625
kv32,10000,24680,descending,3,radixkit,0.033834
kv32,10000,24680,descending,4,ska_sort,0.13125
kv32,10000,24680,descending,4,ska_sort_copy,0.086541
kv32,10000,24680,descending,4,radixkit,0.034167
kv32,10000,24680,descending,4,std_sort,0.011333
kv32,10000,24680,descending,5,ska_sort_copy,0.086917
kv32,10000,24680,descending,5,radixkit,0.034
kv32,10000,24680,descending,5,std_sort,0.011333
kv32,10000,24680,descending,5,ska_sort,0.131791
kv32,10000,24680,descending,6,radixkit,0.035291
kv32,10000,24680,descending,6,std_sort,0.011875
kv32,10000,24680,descending,6,ska_sort,0.137084
kv32,10000,24680,descending,6,ska_sort_copy,0.088583
kv32,10000,24680,descending,7,std_sort,0.011916
kv32,10000,24680,descending,7,ska_sort,0.137709
kv32,10000,24680,descending,7,ska_sort_copy,0.12175
kv32,10000,24680,descending,7,radixkit,0.069167
kv32,10000,24680,descending,8,ska_sort,0.15125
kv32,10000,24680,descending,8,ska_sort_copy,0.086333
kv32,10000,24680,descending,8,radixkit,0.035
kv32,10000,24680,descending,8,std_sort,0.012042
kv32,10000,24680,sparse8,0,ska_sort,0.196917
kv32,10000,24680,sparse8,0,ska_sort_copy,0.069542
kv32,10000,24680,sparse8,0,radixkit,0.040833
kv32,10000,24680,sparse8,0,std_sort,0.261958
kv32,10000,24680,sparse8,1,ska_sort_copy,0.079708
kv32,10000,24680,sparse8,1,radixkit,0.041958
kv32,10000,24680,sparse8,1,std_sort,0.240458
kv32,10000,24680,sparse8,1,ska_sort,0.196041
kv32,10000,24680,sparse8,2,radixkit,0.040875
kv32,10000,24680,sparse8,2,std_sort,0.232333
kv32,10000,24680,sparse8,2,ska_sort,0.190833
kv32,10000,24680,sparse8,2,ska_sort_copy,0.069833
kv32,10000,24680,sparse8,3,std_sort,0.229375
kv32,10000,24680,sparse8,3,ska_sort,0.1885
kv32,10000,24680,sparse8,3,ska_sort_copy,0.070291
kv32,10000,24680,sparse8,3,radixkit,0.040958
kv32,10000,24680,sparse8,4,ska_sort,0.186583
kv32,10000,24680,sparse8,4,ska_sort_copy,0.069875
kv32,10000,24680,sparse8,4,radixkit,0.040667
kv32,10000,24680,sparse8,4,std_sort,0.227709
kv32,10000,24680,sparse8,5,ska_sort_copy,0.070084
kv32,10000,24680,sparse8,5,radixkit,0.040958
kv32,10000,24680,sparse8,5,std_sort,0.226042
kv32,10000,24680,sparse8,5,ska_sort,0.184916
kv32,10000,24680,sparse8,6,radixkit,0.040958
kv32,10000,24680,sparse8,6,std_sort,0.223791
kv32,10000,24680,sparse8,6,ska_sort,0.18725
kv32,10000,24680,sparse8,6,ska_sort_copy,0.071875
kv32,10000,24680,sparse8,7,std_sort,0.226708
kv32,10000,24680,sparse8,7,ska_sort,0.186208
kv32,10000,24680,sparse8,7,ska_sort_copy,0.070875
kv32,10000,24680,sparse8,7,radixkit,0.042792
kv32,10000,24680,sparse8,8,ska_sort,0.185833
kv32,10000,24680,sparse8,8,ska_sort_copy,0.071167
kv32,10000,24680,sparse8,8,radixkit,0.041709
kv32,10000,24680,sparse8,8,std_sort,0.22675
kv32,10000,24680,nearly_sorted,0,ska_sort,0.137584
kv32,10000,24680,nearly_sorted,0,ska_sort_copy,0.101792
kv32,10000,24680,nearly_sorted,0,radixkit,0.033291
kv32,10000,24680,nearly_sorted,0,std_sort,0.037083
kv32,10000,24680,nearly_sorted,1,ska_sort_copy,0.087375
kv32,10000,24680,nearly_sorted,1,radixkit,0.033083
kv32,10000,24680,nearly_sorted,1,std_sort,0.033375
kv32,10000,24680,nearly_sorted,1,ska_sort,0.148917
kv32,10000,24680,nearly_sorted,2,radixkit,0.034583
kv32,10000,24680,nearly_sorted,2,std_sort,0.034333
kv32,10000,24680,nearly_sorted,2,ska_sort,0.136792
kv32,10000,24680,nearly_sorted,2,ska_sort_copy,0.100791
kv32,10000,24680,nearly_sorted,3,std_sort,0.032458
kv32,10000,24680,nearly_sorted,3,ska_sort,0.133791
kv32,10000,24680,nearly_sorted,3,ska_sort_copy,0.08575
kv32,10000,24680,nearly_sorted,3,radixkit,0.033334
kv32,10000,24680,nearly_sorted,4,ska_sort,0.145917
kv32,10000,24680,nearly_sorted,4,ska_sort_copy,0.08575
kv32,10000,24680,nearly_sorted,4,radixkit,0.033666
kv32,10000,24680,nearly_sorted,4,std_sort,0.033792
kv32,10000,24680,nearly_sorted,5,ska_sort_copy,0.085083
kv32,10000,24680,nearly_sorted,5,radixkit,0.032625
kv32,10000,24680,nearly_sorted,5,std_sort,0.031667
kv32,10000,24680,nearly_sorted,5,ska_sort,0.131917
kv32,10000,24680,nearly_sorted,6,radixkit,0.032458
kv32,10000,24680,nearly_sorted,6,std_sort,0.032125
kv32,10000,24680,nearly_sorted,6,ska_sort,0.131084
kv32,10000,24680,nearly_sorted,6,ska_sort_copy,0.084125
kv32,10000,24680,nearly_sorted,7,std_sort,0.031583
kv32,10000,24680,nearly_sorted,7,ska_sort,0.13725
kv32,10000,24680,nearly_sorted,7,ska_sort_copy,0.085833
kv32,10000,24680,nearly_sorted,7,radixkit,0.033417
kv32,10000,24680,nearly_sorted,8,ska_sort,0.133875
kv32,10000,24680,nearly_sorted,8,ska_sort_copy,0.086459
kv32,10000,24680,nearly_sorted,8,radixkit,0.032958
kv32,10000,24680,nearly_sorted,8,std_sort,0.032375
kv64,10000,24680,uniform,0,ska_sort,0.136167
kv64,10000,24680,uniform,0,ska_sort_copy,0.131125
kv64,10000,24680,uniform,0,radixkit,0.067875
kv64,10000,24680,uniform,0,std_sort,0.34725
kv64,10000,24680,uniform,1,ska_sort_copy,0.1325
kv64,10000,24680,uniform,1,radixkit,0.0685
kv64,10000,24680,uniform,1,std_sort,0.341833
kv64,10000,24680,uniform,1,ska_sort,0.138709
kv64,10000,24680,uniform,2,radixkit,0.067666
kv64,10000,24680,uniform,2,std_sort,0.339167
kv64,10000,24680,uniform,2,ska_sort,0.131708
kv64,10000,24680,uniform,2,ska_sort_copy,0.129625
kv64,10000,24680,uniform,3,std_sort,0.351167
kv64,10000,24680,uniform,3,ska_sort,0.131667
kv64,10000,24680,uniform,3,ska_sort_copy,0.129667
kv64,10000,24680,uniform,3,radixkit,0.069166
kv64,10000,24680,uniform,4,ska_sort,0.153
kv64,10000,24680,uniform,4,ska_sort_copy,0.168417
kv64,10000,24680,uniform,4,radixkit,0.071458
kv64,10000,24680,uniform,4,std_sort,0.3825
kv64,10000,24680,uniform,5,ska_sort_copy,0.16075
kv64,10000,24680,uniform,5,radixkit,0.069709
kv64,10000,24680,uniform,5,std_sort,0.384083
kv64,10000,24680,uniform,5,ska_sort,0.144916
kv64,10000,24680,uniform,6,radixkit,0.068917
kv64,10000,24680,uniform,6,std_sort,0.350209
kv64,10000,24680,uniform,6,ska_sort,0.150333
kv64,10000,24680,uniform,6,ska_sort_copy,0.142167
kv64,10000,24680,uniform,7,std_sort,0.348917
kv64,10000,24680,uniform,7,ska_sort,0.140459
kv64,10000,24680,uniform,7,ska_sort_copy,0.130833
kv64,10000,24680,uniform,7,radixkit,0.068167
kv64,10000,24680,uniform,8,ska_sort,0.12675
kv64,10000,24680,uniform,8,ska_sort_copy,0.124292
kv64,10000,24680,uniform,8,radixkit,0.067917
kv64,10000,24680,uniform,8,std_sort,0.346667
kv64,10000,24680,uniform16,0,ska_sort,0.271542
kv64,10000,24680,uniform16,0,ska_sort_copy,0.268458
kv64,10000,24680,uniform16,0,radixkit,0.042875
kv64,10000,24680,uniform16,0,std_sort,0.35075
kv64,10000,24680,uniform16,1,ska_sort_copy,0.269417
kv64,10000,24680,uniform16,1,radixkit,0.04325
kv64,10000,24680,uniform16,1,std_sort,0.364709
kv64,10000,24680,uniform16,1,ska_sort,0.273792
kv64,10000,24680,uniform16,2,radixkit,0.043667
kv64,10000,24680,uniform16,2,std_sort,0.352708
kv64,10000,24680,uniform16,2,ska_sort,0.2765
kv64,10000,24680,uniform16,2,ska_sort_copy,0.27275
kv64,10000,24680,uniform16,3,std_sort,0.352958
kv64,10000,24680,uniform16,3,ska_sort,0.320042
kv64,10000,24680,uniform16,3,ska_sort_copy,0.278542
kv64,10000,24680,uniform16,3,radixkit,0.046084
kv64,10000,24680,uniform16,4,ska_sort,0.280542
kv64,10000,24680,uniform16,4,ska_sort_copy,0.286625
kv64,10000,24680,uniform16,4,radixkit,0.042916
kv64,10000,24680,uniform16,4,std_sort,0.377417
kv64,10000,24680,uniform16,5,ska_sort_copy,0.281833
kv64,10000,24680,uniform16,5,radixkit,0.042958
kv64,10000,24680,uniform16,5,std_sort,0.353958
kv64,10000,24680,uniform16,5,ska_sort,0.272459
kv64,10000,24680,uniform16,6,radixkit,0.042833
kv64,10000,24680,uniform16,6,std_sort,0.343917
kv64,10000,24680,uniform16,6,ska_sort,0.268792
kv64,10000,24680,uniform16,6,ska_sort_copy,0.264667
kv64,10000,24680,uniform16,7,std_sort,0.341583
kv64,10000,24680,uniform16,7,ska_sort,0.261917
kv64,10000,24680,uniform16,7,ska_sort_copy,0.258292
kv64,10000,24680,uniform16,7,radixkit,0.04275
kv64,10000,24680,uniform16,8,ska_sort,0.253167
kv64,10000,24680,uniform16,8,ska_sort_copy,0.251875
kv64,10000,24680,uniform16,8,radixkit,0.042834
kv64,10000,24680,uniform16,8,std_sort,0.342208
kv64,10000,24680,zeros99,0,ska_sort,0.213416
kv64,10000,24680,zeros99,0,ska_sort_copy,0.234292
kv64,10000,24680,zeros99,0,radixkit,0.006042
kv64,10000,24680,zeros99,0,std_sort,0.289875
kv64,10000,24680,zeros99,1,ska_sort_copy,0.218916
kv64,10000,24680,zeros99,1,radixkit,0.004833
kv64,10000,24680,zeros99,1,std_sort,0.312167
kv64,10000,24680,zeros99,1,ska_sort,0.222125
kv64,10000,24680,zeros99,2,radixkit,0.004417
kv64,10000,24680,zeros99,2,std_sort,0.3745
kv64,10000,24680,zeros99,2,ska_sort,0.239458
kv64,10000,24680,zeros99,2,ska_sort_copy,0.219667
kv64,10000,24680,zeros99,3,std_sort,0.296667
kv64,10000,24680,zeros99,3,ska_sort,0.2185
kv64,10000,24680,zeros99,3,ska_sort_copy,0.223125
kv64,10000,24680,zeros99,3,radixkit,0.004833
kv64,10000,24680,zeros99,4,ska_sort,0.21425
kv64,10000,24680,zeros99,4,ska_sort_copy,0.213792
kv64,10000,24680,zeros99,4,radixkit,0.003958
kv64,10000,24680,zeros99,4,std_sort,0.30075
kv64,10000,24680,zeros99,5,ska_sort_copy,0.231875
kv64,10000,24680,zeros99,5,radixkit,0.003875
kv64,10000,24680,zeros99,5,std_sort,0.285042
kv64,10000,24680,zeros99,5,ska_sort,0.213625
kv64,10000,24680,zeros99,6,radixkit,0.003875
kv64,10000,24680,zeros99,6,std_sort,0.282291
kv64,10000,24680,zeros99,6,ska_sort,0.213584
kv64,10000,24680,zeros99,6,ska_sort_copy,0.215583
kv64,10000,24680,zeros99,7,std_sort,0.282167
kv64,10000,24680,zeros99,7,ska_sort,0.212917
kv64,10000,24680,zeros99,7,ska_sort_copy,0.214333
kv64,10000,24680,zeros99,7,radixkit,0.003875
kv64,10000,24680,zeros99,8,ska_sort,0.216625
kv64,10000,24680,zeros99,8,ska_sort_copy,0.214083
kv64,10000,24680,zeros99,8,radixkit,0.003875
kv64,10000,24680,zeros99,8,std_sort,0.284916
kv64,10000,24680,equal,0,ska_sort,0.175084
kv64,10000,24680,equal,0,ska_sort_copy,0.174334
kv64,10000,24680,equal,0,radixkit,0.002041
kv64,10000,24680,equal,0,std_sort,0.009792
kv64,10000,24680,equal,1,ska_sort_copy,0.177459
kv64,10000,24680,equal,1,radixkit,0.002
kv64,10000,24680,equal,1,std_sort,0.009833
kv64,10000,24680,equal,1,ska_sort,0.176209
kv64,10000,24680,equal,2,radixkit,0.002
kv64,10000,24680,equal,2,std_sort,0.009792
kv64,10000,24680,equal,2,ska_sort,0.174917
kv64,10000,24680,equal,2,ska_sort_copy,0.176542
kv64,10000,24680,equal,3,std_sort,0.009792
kv64,10000,24680,equal,3,ska_sort,0.191208
kv64,10000,24680,equal,3,ska_sort_copy,0.19075
kv64,10000,24680,equal,3,radixkit,0.002292
kv64,10000,24680,equal,4,ska_sort,0.187666
kv64,10000,24680,equal,4,ska_sort_copy,0.196208
kv64,10000,24680,equal,4,radixkit,0.002
kv64,10000,24680,equal,4,std_sort,0.010084
kv64,10000,24680,equal,5,ska_sort_copy,0.179875
kv64,10000,24680,equal,5,radixkit,0.002
kv64,10000,24680,equal,5,std_sort,0.009792
kv64,10000,24680,equal,5,ska_sort,0.1725
kv64,10000,24680,equal,6,radixkit,0.001958
kv64,10000,24680,equal,6,std_sort,0.009708
kv64,10000,24680,equal,6,ska_sort,0.17175
kv64,10000,24680,equal,6,ska_sort_copy,0.174958
kv64,10000,24680,equal,7,std_sort,0.009666
kv64,10000,24680,equal,7,ska_sort,0.171792
kv64,10000,24680,equal,7,ska_sort_copy,0.171584
kv64,10000,24680,equal,7,radixkit,0.002
kv64,10000,24680,equal,8,ska_sort,0.170125
kv64,10000,24680,equal,8,ska_sort_copy,0.1685
kv64,10000,24680,equal,8,radixkit,0.001959
kv64,10000,24680,equal,8,std_sort,0.0095
kv64,10000,24680,ascending,0,ska_sort,0.1985
kv64,10000,24680,ascending,0,ska_sort_copy,0.199416
kv64,10000,24680,ascending,0,radixkit,0.006208
kv64,10000,24680,ascending,0,std_sort,0.009625
kv64,10000,24680,ascending,1,ska_sort_copy,0.199041
kv64,10000,24680,ascending,1,radixkit,0.006125
kv64,10000,24680,ascending,1,std_sort,0.0095
kv64,10000,24680,ascending,1,ska_sort,0.21025
kv64,10000,24680,ascending,2,radixkit,0.006334
kv64,10000,24680,ascending,2,std_sort,0.009875
kv64,10000,24680,ascending,2,ska_sort,0.201875
kv64,10000,24680,ascending,2,ska_sort_copy,0.202042
kv64,10000,24680,ascending,3,std_sort,0.009875
kv64,10000,24680,ascending,3,ska_sort,0.197125
kv64,10000,24680,ascending,3,ska_sort_copy,0.197792
kv64,10000,24680,ascending,3,radixkit,0.006125
kv64,10000,24680,ascending,4,ska_sort,0.197709
kv64,10000,24680,ascending,4,ska_sort_copy,0.19825
kv64,10000,24680,ascending,4,radixkit,0.006084
kv64,10000,24680,ascending,4,std_sort,0.0095
kv64,10000,24680,ascending,5,ska_sort_copy,0.219834
kv64,10000,24680,ascending,5,radixkit,0.006625
kv64,10000,24680,ascending,5,std_sort,0.01025
kv64,10000,24680,ascending,5,ska_sort,0.205625
kv64,10000,24680,ascending,6,radixkit,0.006417
kv64,10000,24680,ascending,6,std_sort,0.009833
kv64,10000,24680,ascending,6,ska_sort,0.209917
kv64,10000,24680,ascending,6,ska_sort_copy,0.210958
kv64,10000,24680,ascending,7,std_sort,0.009791
kv64,10000,24680,ascending,7,ska_sort,0.222625
kv64,10000,24680,ascending,7,ska_sort_copy,0.210583
kv64,10000,24680,ascending,7,radixkit,0.006417
kv64,10000,24680,ascending,8,ska_sort,0.221625
kv64,10000,24680,ascending,8,ska_sort_copy,0.239958
kv64,10000,24680,ascending,8,radixkit,0.006791
kv64,10000,24680,ascending,8,std_sort,0.011
kv64,10000,24680,descending,0,ska_sort,0.215542
kv64,10000,24680,descending,0,ska_sort_copy,0.233
kv64,10000,24680,descending,0,radixkit,0.008667
kv64,10000,24680,descending,0,std_sort,0.013625
kv64,10000,24680,descending,1,ska_sort_copy,0.210541
kv64,10000,24680,descending,1,radixkit,0.008667
kv64,10000,24680,descending,1,std_sort,0.013583
kv64,10000,24680,descending,1,ska_sort,0.211042
kv64,10000,24680,descending,2,radixkit,0.008709
kv64,10000,24680,descending,2,std_sort,0.013583
kv64,10000,24680,descending,2,ska_sort,0.212041
kv64,10000,24680,descending,2,ska_sort_copy,0.215084
kv64,10000,24680,descending,3,std_sort,0.013834
kv64,10000,24680,descending,3,ska_sort,0.216917
kv64,10000,24680,descending,3,ska_sort_copy,0.215
kv64,10000,24680,descending,3,radixkit,0.008792
kv64,10000,24680,descending,4,ska_sort,0.214
kv64,10000,24680,descending,4,ska_sort_copy,0.214458
kv64,10000,24680,descending,4,radixkit,0.008833
kv64,10000,24680,descending,4,std_sort,0.013875
kv64,10000,24680,descending,5,ska_sort_copy,0.214834
kv64,10000,24680,descending,5,radixkit,0.008958
kv64,10000,24680,descending,5,std_sort,0.013875
kv64,10000,24680,descending,5,ska_sort,0.214625
kv64,10000,24680,descending,6,radixkit,0.008833
kv64,10000,24680,descending,6,std_sort,0.013792
kv64,10000,24680,descending,6,ska_sort,0.214542
kv64,10000,24680,descending,6,ska_sort_copy,0.216959
kv64,10000,24680,descending,7,std_sort,0.01375
kv64,10000,24680,descending,7,ska_sort,0.215958
kv64,10000,24680,descending,7,ska_sort_copy,0.214333
kv64,10000,24680,descending,7,radixkit,0.008958
kv64,10000,24680,descending,8,ska_sort,0.214792
kv64,10000,24680,descending,8,ska_sort_copy,0.214459
kv64,10000,24680,descending,8,radixkit,0.008958
kv64,10000,24680,descending,8,std_sort,0.013833
kv64,10000,24680,sparse8,0,ska_sort,0.438209
kv64,10000,24680,sparse8,0,ska_sort_copy,0.48625
kv64,10000,24680,sparse8,0,radixkit,0.133583
kv64,10000,24680,sparse8,0,std_sort,0.272333
kv64,10000,24680,sparse8,1,ska_sort_copy,0.478417
kv64,10000,24680,sparse8,1,radixkit,0.132833
kv64,10000,24680,sparse8,1,std_sort,0.265542
kv64,10000,24680,sparse8,1,ska_sort,0.448625
kv64,10000,24680,sparse8,2,radixkit,0.1335
kv64,10000,24680,sparse8,2,std_sort,0.246
kv64,10000,24680,sparse8,2,ska_sort,0.432708
kv64,10000,24680,sparse8,2,ska_sort_copy,0.422583
kv64,10000,24680,sparse8,3,std_sort,0.243583
kv64,10000,24680,sparse8,3,ska_sort,0.419917
kv64,10000,24680,sparse8,3,ska_sort_copy,0.418959
kv64,10000,24680,sparse8,3,radixkit,0.132208
kv64,10000,24680,sparse8,4,ska_sort,0.412541
kv64,10000,24680,sparse8,4,ska_sort_copy,0.410166
kv64,10000,24680,sparse8,4,radixkit,0.1315
kv64,10000,24680,sparse8,4,std_sort,0.244084
kv64,10000,24680,sparse8,5,ska_sort_copy,0.4175
kv64,10000,24680,sparse8,5,radixkit,0.131125
kv64,10000,24680,sparse8,5,std_sort,0.254708
kv64,10000,24680,sparse8,5,ska_sort,0.462167
kv64,10000,24680,sparse8,6,radixkit,0.135
kv64,10000,24680,sparse8,6,std_sort,0.260791
kv64,10000,24680,sparse8,6,ska_sort,0.474125
kv64,10000,24680,sparse8,6,ska_sort_copy,0.479125
kv64,10000,24680,sparse8,7,std_sort,0.260792
kv64,10000,24680,sparse8,7,ska_sort,0.442125
kv64,10000,24680,sparse8,7,ska_sort_copy,0.434709
kv64,10000,24680,sparse8,7,radixkit,0.135166
kv64,10000,24680,sparse8,8,ska_sort,0.426875
kv64,10000,24680,sparse8,8,ska_sort_copy,0.414042
kv64,10000,24680,sparse8,8,radixkit,0.13275
kv64,10000,24680,sparse8,8,std_sort,0.247791
kv64,10000,24680,nearly_sorted,0,ska_sort,0.215583
kv64,10000,24680,nearly_sorted,0,ska_sort_copy,0.215375
kv64,10000,24680,nearly_sorted,0,radixkit,0.047083
kv64,10000,24680,nearly_sorted,0,std_sort,0.034708
kv64,10000,24680,nearly_sorted,1,ska_sort_copy,0.215125
kv64,10000,24680,nearly_sorted,1,radixkit,0.047083
kv64,10000,24680,nearly_sorted,1,std_sort,0.034542
kv64,10000,24680,nearly_sorted,1,ska_sort,0.215042
kv64,10000,24680,nearly_sorted,2,radixkit,0.047
kv64,10000,24680,nearly_sorted,2,std_sort,0.034209
kv64,10000,24680,nearly_sorted,2,ska_sort,0.225459
kv64,10000,24680,nearly_sorted,2,ska_sort_copy,0.215708
kv64,10000,24680,nearly_sorted,3,std_sort,0.034292
kv64,10000,24680,nearly_sorted,3,ska_sort,0.215375
kv64,10000,24680,nearly_sorted,3,ska_sort_copy,0.220292
kv64,10000,24680,nearly_sorted,3,radixkit,0.04825
kv64,10000,24680,nearly_sorted,4,ska_sort,0.234
kv64,10000,24680,nearly_sorted,4,ska_sort_copy,0.225834
kv64,10000,24680,nearly_sorted,4,radixkit,0.048667
kv64,10000,24680,nearly_sorted,4,std_sort,0.03525
kv64,10000,24680,nearly_sorted,5,ska_sort_copy,0.224041
kv64,10000,24680,nearly_sorted,5,radixkit,0.0485
kv64,10000,24680,nearly_sorted,5,std_sort,0.035208
kv64,10000,24680,nearly_sorted,5,ska_sort,0.2235
kv64,10000,24680,nearly_sorted,6,radixkit,0.048667
kv64,10000,24680,nearly_sorted,6,std_sort,0.035125
kv64,10000,24680,nearly_sorted,6,ska_sort,0.223542
kv64,10000,24680,nearly_sorted,6,ska_sort_copy,0.226
kv64,10000,24680,nearly_sorted,7,std_sort,0.035166
kv64,10000,24680,nearly_sorted,7,ska_sort,0.255917
kv64,10000,24680,nearly_sorted,7,ska_sort_copy,0.2335
kv64,10000,24680,nearly_sorted,7,radixkit,0.050458
kv64,10000,24680,nearly_sorted,8,ska_sort,0.231125
kv64,10000,24680,nearly_sorted,8,ska_sort_copy,0.226084
kv64,10000,24680,nearly_sorted,8,radixkit,0.047
kv64,10000,24680,nearly_sorted,8,std_sort,0.037834
u32,10000,97531,uniform,0,ska_sort,0.157042
u32,10000,97531,uniform,0,ska_sort_copy,0.067584
u32,10000,97531,uniform,0,radixkit,0.027375
u32,10000,97531,uniform,0,adaptive,0.027834
u32,10000,97531,uniform,0,std_sort,0.211
u32,10000,97531,uniform,1,ska_sort_copy,0.0405
u32,10000,97531,uniform,1,radixkit,0.025666
u32,10000,97531,uniform,1,adaptive,0.025959
u32,10000,97531,uniform,1,std_sort,0.168667
u32,10000,97531,uniform,1,ska_sort,0.150041
u32,10000,97531,uniform,2,radixkit,0.0255
u32,10000,97531,uniform,2,adaptive,0.025625
u32,10000,97531,uniform,2,std_sort,0.158584
u32,10000,97531,uniform,2,ska_sort,0.140167
u32,10000,97531,uniform,2,ska_sort_copy,0.033917
u32,10000,97531,uniform,3,adaptive,0.0255
u32,10000,97531,uniform,3,std_sort,0.157375
u32,10000,97531,uniform,3,ska_sort,0.139833
u32,10000,97531,uniform,3,ska_sort_copy,0.034208
u32,10000,97531,uniform,3,radixkit,0.025458
u32,10000,97531,uniform,4,std_sort,0.156917
u32,10000,97531,uniform,4,ska_sort,0.136959
u32,10000,97531,uniform,4,ska_sort_copy,0.03425
u32,10000,97531,uniform,4,radixkit,0.025958
u32,10000,97531,uniform,4,adaptive,0.026209
u32,10000,97531,uniform,5,ska_sort,0.137041
u32,10000,97531,uniform,5,ska_sort_copy,0.034833
u32,10000,97531,uniform,5,radixkit,0.026083
u32,10000,97531,uniform,5,adaptive,0.026042
u32,10000,97531,uniform,5,std_sort,0.159958
u32,10000,97531,uniform,6,ska_sort_copy,0.033625
u32,10000,97531,uniform,6,radixkit,0.025875
u32,10000,97531,uniform,6,adaptive,0.026083
u32,10000,97531,uniform,6,std_sort,0.159584
u32,10000,97531,uniform,6,ska_sort,0.134292
u32,10000,97531,uniform,7,radixkit,0.025959
u32,10000,97531,uniform,7,adaptive,0.026083
u32,10000,97531,uniform,7,std_sort,0.158125
u32,10000,97531,uniform,7,ska_sort,0.133792
u32,10000,97531,uniform,7,ska_sort_copy,0.034583
u32,10000,97531,uniform,8,adaptive,0.026125
u32,10000,97531,uniform,8,std_sort,0.158333
u32,10000,97531,uniform,8,ska_sort,0.13375
u32,10000,97531,uniform,8,ska_sort_copy,0.03475
u32,10000,97531,uniform,8,radixkit,0.025875
u32,10000,97531,uniform16,0,ska_sort,0.181209
u32,10000,97531,uniform16,0,ska_sort_copy,0.077708
u32,10000,97531,uniform16,0,radixkit,0.022042
u32,10000,97531,uniform16,0,adaptive,0.021959
u32,10000,97531,uniform16,0,std_sort,0.166166
u32,10000,97531,uniform16,1,ska_sort_copy,0.07775
u32,10000,97531,uniform16,1,radixkit,0.021791
u32,10000,97531,uniform16,1,adaptive,0.021959
u32,10000,97531,uniform16,1,std_sort,0.162333
u32,10000,97531,uniform16,1,ska_sort,0.175959
u32,10000,97531,uniform16,2,radixkit,0.022125
u32,10000,97531,uniform16,2,adaptive,0.021834
u32,10000,97531,uniform16,2,std_sort,0.157834
u32,10000,97531,uniform16,2,ska_sort,0.17125
u32,10000,97531,uniform16,2,ska_sort_copy,0.077375
u32,10000,97531,uniform16,3,adaptive,0.022
u32,10000,97531,uniform16,3,std_sort,0.156959
u32,10000,97531,uniform16,3,ska_sort,0.169625
u32,10000,97531,uniform16,3,ska_sort_copy,0.078708
u32,10000,97531,uniform16,3,radixkit,0.022125
u32,10000,97531,uniform16,4,std_sort,0.156916
u32,10000,97531,uniform16,4,ska_sort,0.169875
u32,10000,97531,uniform16,4,ska_sort_copy,0.080583
u32,10000,97531,uniform16,4,radixkit,0.02225
u32,10000,97531,uniform16,4,adaptive,0.022375
u32,10000,97531,uniform16,5,ska_sort,0.174125
u32,10000,97531,uniform16,5,ska_sort_copy,0.077417
u32,10000,97531,uniform16,5,radixkit,0.021792
u32,10000,97531,uniform16,5,adaptive,0.021792
u32,10000,97531,uniform16,5,std_sort,0.156459
u32,10000,97531,uniform16,6,ska_sort_copy,0.077417
u32,10000,97531,uniform16,6,radixkit,0.021791
u32,10000,97531,uniform16,6,adaptive,0.021959
u32,10000,97531,uniform16,6,std_sort,0.155583
u32,10000,97531,uniform16,6,ska_sort,0.16925
u32,10000,97531,uniform16,7,radixkit,0.021958
u32,10000,97531,uniform16,7,adaptive,0.022042
u32,10000,97531,uniform16,7,std_sort,0.154542
u32,10000,97531,uniform16,7,ska_sort,0.165709
u32,10000,97531,uniform16,7,ska_sort_copy,0.077583
u32,10000,97531,uniform16,8,adaptive,0.021916
u32,10000,97531,uniform16,8,std_sort,0.154291
u32,10000,97531,uniform16,8,ska_sort,0.175625
u32,10000,97531,uniform16,8,ska_sort_copy,0.080083
u32,10000,97531,uniform16,8,radixkit,0.021708
u32,10000,97531,zeros99,0,ska_sort,0.129166
u32,10000,97531,zeros99,0,ska_sort_copy,0.109917
u32,10000,97531,zeros99,0,radixkit,0.083042
u32,10000,97531,zeros99,0,adaptive,0.004583
u32,10000,97531,zeros99,0,std_sort,0.008958
u32,10000,97531,zeros99,1,ska_sort_copy,0.109458
u32,10000,97531,zeros99,1,radixkit,0.083458
u32,10000,97531,zeros99,1,adaptive,0.00425
u32,10000,97531,zeros99,1,std_sort,0.008042
u32,10000,97531,zeros99,1,ska_sort,0.126792
u32,10000,97531,zeros99,2,radixkit,0.082917
u32,10000,97531,zeros99,2,adaptive,0.004125
u32,10000,97531,zeros99,2,std_sort,0.007916
u32,10000,97531,zeros99,2,ska_sort,0.127333
u32,10000,97531,zeros99,2,ska_sort_copy,0.109625
u32,10000,97531,zeros99,3,adaptive,0.004041
u32,10000,97531,zeros99,3,std_sort,0.007833
u32,10000,97531,zeros99,3,ska_sort,0.126334
u32,10000,97531,zeros99,3,ska_sort_copy,0.109542
u32,10000,97531,zeros99,3,radixkit,0.083291
u32,10000,97531,zeros99,4,std_sort,0.007792
u32,10000,97531,zeros99,4,ska_sort,0.1265
u32,10000,97531,zeros99,4,ska_sort_copy,0.109541
u32,10000,97531,zeros99,4,radixkit,0.083125
u32,10000,97531,zeros99,4,adaptive,0.004042
u32,10000,97531,zeros99,5,ska_sort,0.125666
u32,10000,97531,zeros99,5,ska_sort_copy,0.109875
u32,10000,97531,zeros99,5,radixkit,0.083875
u32,10000,97531,zeros99,5,adaptive,0.004
u32,10000,97531,zeros99,5,std_sort,0.007833
u32,10000,97531,zeros99,6,ska_sort_copy,0.109458
u32,10000,97531,zeros99,6,radixkit,0.080708
u32,10000,97531,zeros99,6,adaptive,0.003959
u32,10000,97531,zeros99,6,std_sort,0.007667
u32,10000,97531,zeros99,6,ska_sort,0.124458
u32,10000,97531,zeros99,7,radixkit,0.082167
u32,10000,97531,zeros99,7,adaptive,0.003959
u32,10000,97531,zeros99,7,std_sort,0.007708
u32,10000,97531,zeros99,7,ska_sort,0.124125
u32,10000,97531,zeros99,7,ska_sort_copy,0.107625
u32,10000,97531,zeros99,8,adaptive,0.003875
u32,10000,97531,zeros99,8,std_sort,0.007666
u32,10000,97531,zeros99,8,ska_sort,0.124791
u32,10000,97531,zeros99,8,ska_sort_copy,0.107583
u32,10000,97531,zeros99,8,radixkit,0.0825
u32,10000,97531,equal,0,ska_sort,0.086083
u32,10000,97531,equal,0,ska_sort_copy,0.10675
u32,10000,97531,equal,0,radixkit,0.011833
u32,10000,97531,equal,0,adaptive,0.0005
u32,10000,97531,equal,0,std_sort,0.012584
u32,10000,97531,equal,1,ska_sort_copy,0.106625
u32,10000,97531,equal,1,radixkit,0.01175
u32,10000,97531,equal,1,adaptive,0.000459
u32,10000,97531,equal,1,std_sort,0.012542
u32,10000,97531,equal,1,ska_sort,0.084417
u32,10000,97531,equal,2,radixkit,0.011875
u32,10000,97531,equal,2,adaptive,0.0005
u32,10000,97531,equal,2,std_sort,0.012584
u32,10000,97531,equal,2,ska_sort,0.084584
u32,10000,97531,equal,2,ska_sort_copy,0.106666
u32,10000,97531,equal,3,adaptive,0.0005
u32,10000,97531,equal,3,std_sort,0.012542
u32,10000,97531,equal,3,ska_sort,0.0845
u32,10000,97531,equal,3,ska_sort_copy,0.106584
u32,10000,97531,equal,3,radixkit,0.011792
u32,10000,97531,equal,4,std_sort,0.012583
u32,10000,97531,equal,4,ska_sort,0.084042
u32,10000,97531,equal,4,ska_sort_copy,0.106625
u32,10000,97531,equal,4,radixkit,0.011875
u32,10000,97531,equal,4,adaptive,0.0005
u32,10000,97531,equal,5,ska_sort,0.084208
u32,10000,97531,equal,5,ska_sort_copy,0.10675
u32,10000,97531,equal,5,radixkit,0.011833
u32,10000,97531,equal,5,adaptive,0.000458
u32,10000,97531,equal,5,std_sort,0.012542
u32,10000,97531,equal,6,ska_sort_copy,0.106667
u32,10000,97531,equal,6,radixkit,0.011834
u32,10000,97531,equal,6,adaptive,0.0005
u32,10000,97531,equal,6,std_sort,0.012542
u32,10000,97531,equal,6,ska_sort,0.084625
u32,10000,97531,equal,7,radixkit,0.011916
u32,10000,97531,equal,7,adaptive,0.000458
u32,10000,97531,equal,7,std_sort,0.012583
u32,10000,97531,equal,7,ska_sort,0.084375
u32,10000,97531,equal,7,ska_sort_copy,0.111
u32,10000,97531,equal,8,adaptive,0.0005
u32,10000,97531,equal,8,std_sort,0.013292
u32,10000,97531,equal,8,ska_sort,0.089542
u32,10000,97531,equal,8,ska_sort_copy,0.124292
u32,10000,97531,equal,8,radixkit,0.01275
u32,10000,97531,ascending,0,ska_sort,0.122416
u32,10000,97531,ascending,0,ska_sort_copy,0.077542
u32,10000,97531,ascending,0,radixkit,0.078583
u32,10000,97531,ascending,0,adaptive,0.003875
u32,10000,97531,ascending,0,std_sort,0.010709
u32,10000,97531,ascending,1,ska_sort_copy,0.0775
u32,10000,97531,ascending,1,radixkit,0.026542
u32,10000,97531,ascending,1,adaptive,0.003541
u32,10000,97531,ascending,1,std_sort,0.010208
u32,10000,97531,ascending,1,ska_sort,0.123792
u32,10000,97531,ascending,2,radixkit,0.024667
u32,10000,97531,ascending,2,adaptive,0.003583
u32,10000,97531,ascending,2,std_sort,0.01025
u32,10000,97531,ascending,2,ska_sort,0.118542
u32,10000,97531,ascending,2,ska_sort_copy,0.0745
u32,10000,97531,ascending,3,adaptive,0.003375
u32,10000,97531,ascending,3,std_sort,0.009834
u32,10000,97531,ascending,3,ska_sort,0.118208
u32,10000,97531,ascending,3,ska_sort_copy,0.075125
u32,10000,97531,ascending,3,radixkit,0.024541
u32,10000,97531,ascending,4,std_sort,0.009917
u32,10000,97531,ascending,4,ska_sort,0.118042
u32,10000,97531,ascending,4,ska_sort_copy,0.074416
u32,10000,97531,ascending,4,radixkit,0.0235
u32,10000,97531,ascending,4,adaptive,0.003375
u32,10000,97531,ascending,5,ska_sort,0.116916
u32,10000,97531,ascending,5,ska_sort_copy,0.074292
u32,10000,97531,ascending,5,radixkit,0.023667
u32,10000,97531,ascending,5,adaptive,0.003417
u32,10000,97531,ascending,5,std_sort,0.009834
u32,10000,97531,ascending,6,ska_sort_copy,0.074208
u32,10000,97531,ascending,6,radixkit,0.023541
u32,10000,97531,ascending,6,adaptive,0.003375
u32,10000,97531,ascending,6,std_sort,0.009833
u32,10000,97531,ascending,6,ska_sort,0.120125
u32,10000,97531,ascending,7,radixkit,0.023416
u32,10000,97531,ascending,7,adaptive,0.003375
u32,10000,97531,ascending,7,std_sort,0.009792
u32,10000,97531,ascending,7,ska_sort,0.119041
u32,10000,97531,ascending,7,ska_sort_copy,0.074417
u32,10000,97531,ascending,8,adaptive,0.003375
u32,10000,97531,ascending,8,std_sort,0.009791
u32,10000,97531,ascending,8,ska_sort,0.119333
u32,10000,97531,ascending,8,ska_sort_copy,0.07425
u32,10000,97531,ascending,8,radixkit,0.023459
u32,10000,97531,descending,0,ska_sort,0.127667
u32,10000,97531,descending,0,ska_sort_copy,0.07175
u32,10000,97531,descending,0,radixkit,0.039042
u32,10000,97531,descending,0,adaptive,0.005375
u32,10000,97531,descending,0,std_sort,0.017666
u32,10000,97531,descending,1,ska_sort_copy,0.07425
u32,10000,97531,descending,1,radixkit,0.024125
u32,10000,97531,descending,1,adaptive,0.005458
u32,10000,97531,descending,1,std_sort,0.01775
u32,10000,97531,descending,1,ska_sort,0.125625
u32,10000,97531,descending,2,radixkit,0.022708
u32,10000,97531,descending,2,adaptive,0.005
u32,10000,97531,descending,2,std_sort,0.016584
u32,10000,97531,descending,2,ska_sort,0.134834
u32,10000,97531,descending,2,ska_sort_copy,0.073
u32,10000,97531,descending,3,adaptive,0.004959
u32,10000,97531,descending,3,std_sort,0.0165
u32,10000,97531,descending,3,ska_sort,0.122917
u32,10000,97531,descending,3,ska_sort_copy,0.071875
u32,10000,97531,descending,3,radixkit,0.022667
u32,10000,97531,descending,4,std_sort,0.016417
u32,10000,97531,descending,4,ska_sort,0.126916
u32,10000,97531,descending,4,ska_sort_copy,0.076042
u32,10000,97531,descending,4,radixkit,0.023791
u32,10000,97531,descending,4,adaptive,0.005375
u32,10000,97531,descending,5,ska_sort,0.128208
u32,10000,97531,descending,5,ska_sort_copy,0.075209
u32,10000,97531,descending,5,radixkit,0.024125
u32,10000,97531,descending,5,adaptive,0.005
u32,10000,97531,descending,5,std_sort,0.016417
u32,10000,97531,descending,6,ska_sort_copy,0.071792
u32,10000,97531,descending,6,radixkit,0.02275
u32,10000,97531,descending,6,adaptive,0.005
u32,10000,97531,descending,6,std_sort,0.016417
u32,10000,97531,descending,6,ska_sort,0.121458
u32,10000,97531,descending,7,radixkit,0.022834
u32,10000,97531,descending,7,adaptive,0.005
u32,10000,97531,descending,7,std_sort,0.016542
u32,10000,97531,descending,7,ska_sort,0.122375
u32,10000,97531,descending,7,ska_sort_copy,0.07175
u32,10000,97531,descending,8,adaptive,0.005042
u32,10000,97531,descending,8,std_sort,0.016417
u32,10000,97531,descending,8,ska_sort,0.122959
u32,10000,97531,descending,8,ska_sort_copy,0.071875
u32,10000,97531,descending,8,radixkit,0.022625
u32,10000,97531,sparse8,0,ska_sort,0.187333
u32,10000,97531,sparse8,0,ska_sort_copy,0.062584
u32,10000,97531,sparse8,0,radixkit,0.034916
u32,10000,97531,sparse8,0,adaptive,0.014166
u32,10000,97531,sparse8,0,std_sort,0.100083
u32,10000,97531,sparse8,1,ska_sort_copy,0.062666
u32,10000,97531,sparse8,1,radixkit,0.034875
u32,10000,97531,sparse8,1,adaptive,0.0135
u32,10000,97531,sparse8,1,std_sort,0.0915
u32,10000,97531,sparse8,1,ska_sort,0.183583
u32,10000,97531,sparse8,2,radixkit,0.035167
u32,10000,97531,sparse8,2,adaptive,0.013375
u32,10000,97531,sparse8,2,std_sort,0.088583
u32,10000,97531,sparse8,2,ska_sort,0.181417
u32,10000,97531,sparse8,2,ska_sort_copy,0.062709
u32,10000,97531,sparse8,3,adaptive,0.013292
u32,10000,97531,sparse8,3,std_sort,0.087209
u32,10000,97531,sparse8,3,ska_sort,0.184916
u32,10000,97531,sparse8,3,ska_sort_copy,0.062583
u32,10000,97531,sparse8,3,radixkit,0.034958
u32,10000,97531,sparse8,4,std_sort,0.085083
u32,10000,97531,sparse8,4,ska_sort,0.179125
u32,10000,97531,sparse8,4,ska_sort_copy,0.062917
u32,10000,97531,sparse8,4,radixkit,0.034834
u32,10000,97531,sparse8,4,adaptive,0.013208
u32,10000,97531,sparse8,5,ska_sort,0.17825
u32,10000,97531,sparse8,5,ska_sort_copy,0.063
u32,10000,97531,sparse8,5,radixkit,0.035167
u32,10000,97531,sparse8,5,adaptive,0.013041
u32,10000,97531,sparse8,5,std_sort,0.084208
u32,10000,97531,sparse8,6,ska_sort_copy,0.064708
u32,10000,97531,sparse8,6,radixkit,0.046875
u32,10000,97531,sparse8,6,adaptive,0.016875
u32,10000,97531,sparse8,6,std_sort,0.11
u32,10000,97531,sparse8,6,ska_sort,0.1915
u32,10000,97531,sparse8,7,radixkit,0.035209
u32,10000,97531,sparse8,7,adaptive,0.015083
u32,10000,97531,sparse8,7,std_sort,0.099208
u32,10000,97531,sparse8,7,ska_sort,0.190208
u32,10000,97531,sparse8,7,ska_sort_copy,0.062333
u32,10000,97531,sparse8,8,adaptive,0.014625
u32,10000,97531,sparse8,8,std_sort,0.096292
u32,10000,97531,sparse8,8,ska_sort,0.186708
u32,10000,97531,sparse8,8,ska_sort_copy,0.06275
u32,10000,97531,sparse8,8,radixkit,0.034833
u32,10000,97531,nearly_sorted,0,ska_sort,0.12975
u32,10000,97531,nearly_sorted,0,ska_sort_copy,0.071875
u32,10000,97531,nearly_sorted,0,radixkit,0.022584
u32,10000,97531,nearly_sorted,0,adaptive,0.022583
u32,10000,97531,nearly_sorted,0,std_sort,0.034209
u32,10000,97531,nearly_sorted,1,ska_sort_copy,0.071792
u32,10000,97531,nearly_sorted,1,radixkit,0.022667
u32,10000,97531,nearly_sorted,1,adaptive,0.022625
u32,10000,97531,nearly_sorted,1,std_sort,0.043292
u32,10000,97531,nearly_sorted,1,ska_sort,0.136208
u32,10000,97531,nearly_sorted,2,radixkit,0.036375
u32,10000,97531,nearly_sorted,2,adaptive,0.022792
u32,10000,97531,nearly_sorted,2,std_sort,0.033292
u32,10000,97531,nearly_sorted,2,ska_sort,0.129333
u32,10000,97531,nearly_sorted,2,ska_sort_copy,0.071833
u32,10000,97531,nearly_sorted,3,adaptive,0.022667
u32,10000,97531,nearly_sorted,3,std_sort,0.033166
u32,10000,97531,nearly_sorted,3,ska_sort,0.131875
u32,10000,97531,nearly_sorted,3,ska_sort_copy,0.071708
u32,10000,97531,nearly_sorted,3,radixkit,0.0225
u32,10000,97531,nearly_sorted,4,std_sort,0.032958
u32,10000,97531,nearly_sorted,4,ska_sort,0.129292
u32,10000,97531,nearly_sorted,4,ska_sort_copy,0.071792
u32,10000,97531,nearly_sorted,4,radixkit,0.022625
u32,10000,97531,nearly_sorted,4,adaptive,0.022542
u32,10000,97531,nearly_sorted,5,ska_sort,0.131125
u32,10000,97531,nearly_sorted,5,ska_sort_copy,0.071833
u32,10000,97531,nearly_sorted,5,radixkit,0.022625
u32,10000,97531,nearly_sorted,5,adaptive,0.0225
u32,10000,97531,nearly_sorted,5,std_sort,0.032917
u32,10000,97531,nearly_sorted,6,ska_sort_copy,0.071792
u32,10000,97531,nearly_sorted,6,radixkit,0.022542
u32,10000,97531,nearly_sorted,6,adaptive,0.022708
u32,10000,97531,nearly_sorted,6,std_sort,0.032958
u32,10000,97531,nearly_sorted,6,ska_sort,0.129417
u32,10000,97531,nearly_sorted,7,radixkit,0.022542
u32,10000,97531,nearly_sorted,7,adaptive,0.022709
u32,10000,97531,nearly_sorted,7,std_sort,0.032833
u32,10000,97531,nearly_sorted,7,ska_sort,0.129458
u32,10000,97531,nearly_sorted,7,ska_sort_copy,0.071875
u32,10000,97531,nearly_sorted,8,adaptive,0.022542
u32,10000,97531,nearly_sorted,8,std_sort,0.032875
u32,10000,97531,nearly_sorted,8,ska_sort,0.129708
u32,10000,97531,nearly_sorted,8,ska_sort_copy,0.071916
u32,10000,97531,nearly_sorted,8,radixkit,0.022375
u64,10000,97531,uniform,0,ska_sort,0.126708
u64,10000,97531,uniform,0,ska_sort_copy,0.121208
u64,10000,97531,uniform,0,radixkit,0.049208
u64,10000,97531,uniform,0,adaptive,0.049833
u64,10000,97531,uniform,0,std_sort,0.167583
u64,10000,97531,uniform,1,ska_sort_copy,0.117708
u64,10000,97531,uniform,1,radixkit,0.049542
u64,10000,97531,uniform,1,adaptive,0.050084
u64,10000,97531,uniform,1,std_sort,0.174416
u64,10000,97531,uniform,1,ska_sort,0.16625
u64,10000,97531,uniform,2,radixkit,0.118666
u64,10000,97531,uniform,2,adaptive,0.119167
u64,10000,97531,uniform,2,std_sort,0.26025
u64,10000,97531,uniform,2,ska_sort,0.150167
u64,10000,97531,uniform,2,ska_sort_copy,0.1245
u64,10000,97531,uniform,3,adaptive,0.107334
u64,10000,97531,uniform,3,std_sort,0.19275
u64,10000,97531,uniform,3,ska_sort,0.153667
u64,10000,97531,uniform,3,ska_sort_copy,0.14425
u64,10000,97531,uniform,3,radixkit,0.058084
u64,10000,97531,uniform,4,std_sort,0.1685
u64,10000,97531,uniform,4,ska_sort,0.133125
u64,10000,97531,uniform,4,ska_sort_copy,0.140125
u64,10000,97531,uniform,4,radixkit,0.053667
u64,10000,97531,uniform,4,adaptive,0.050209
u64,10000,97531,uniform,5,ska_sort,0.122292
u64,10000,97531,uniform,5,ska_sort_copy,0.118083
u64,10000,97531,uniform,5,radixkit,0.05125
u64,10000,97531,uniform,5,adaptive,0.051042
u64,10000,97531,uniform,5,std_sort,0.172834
u64,10000,97531,uniform,6,ska_sort_copy,0.115916
u64,10000,97531,uniform,6,radixkit,0.051125
u64,10000,97531,uniform,6,adaptive,0.05125
u64,10000,97531,uniform,6,std_sort,0.169
u64,10000,97531,uniform,6,ska_sort,0.11525
u64,10000,97531,uniform,7,radixkit,0.050958
u64,10000,97531,uniform,7,adaptive,0.051042
u64,10000,97531,uniform,7,std_sort,0.168416
u64,10000,97531,uniform,7,ska_sort,0.119
u64,10000,97531,uniform,7,ska_sort_copy,0.116334
u64,10000,97531,uniform,8,adaptive,0.05125
u64,10000,97531,uniform,8,std_sort,0.198875
u64,10000,97531,uniform,8,ska_sort,0.167292
u64,10000,97531,uniform,8,ska_sort_copy,0.142458
u64,10000,97531,uniform,8,radixkit,0.050708
u64,10000,97531,uniform16,0,ska_sort,0.267583
u64,10000,97531,uniform16,0,ska_sort_copy,0.262625
u64,10000,97531,uniform16,0,radixkit,0.036875
u64,10000,97531,uniform16,0,adaptive,0.036791
u64,10000,97531,uniform16,0,std_sort,0.168709
u64,10000,97531,uniform16,1,ska_sort_copy,0.25625
u64,10000,97531,uniform16,1,radixkit,0.036792
u64,10000,97531,uniform16,1,adaptive,0.036917
u64,10000,97531,uniform16,1,std_sort,0.1675
u64,10000,97531,uniform16,1,ska_sort,0.257667
u64,10000,97531,uniform16,2,radixkit,0.036834
u64,10000,97531,uniform16,2,adaptive,0.036791
u64,10000,97531,uniform16,2,std_sort,0.167042
u64,10000,97531,uniform16,2,ska_sort,0.256792
u64,10000,97531,uniform16,2,ska_sort_copy,0.258875
u64,10000,97531,uniform16,3,adaptive,0.036792
u64,10000,97531,uniform16,3,std_sort,0.166917
u64,10000,97531,uniform16,3,ska_sort,0.257083
u64,10000,97531,uniform16,3,ska_sort_copy,0.256042
u64,10000,97531,uniform16,3,radixkit,0.037334
u64,10000,97531,uniform16,4,std_sort,0.166875
u64,10000,97531,uniform16,4,ska_sort,0.257167
u64,10000,97531,uniform16,4,ska_sort_copy,0.257042
u64,10000,97531,uniform16,4,radixkit,0.036708
u64,10000,97531,uniform16,4,adaptive,0.03675
u64,10000,97531,uniform16,5,ska_sort,0.256166
u64,10000,97531,uniform16,5,ska_sort_copy,0.261208
u64,10000,97531,uniform16,5,radixkit,0.040208
u64,10000,97531,uniform16,5,adaptive,0.039792
u64,10000,97531,uniform16,5,std_sort,0.169041
u64,10000,97531,uniform16,6,ska_sort_copy,0.2585
u64,10000,97531,uniform16,6,radixkit,0.036875
u64,10000,97531,uniform16,6,adaptive,0.036833
u64,10000,97531,uniform16,6,std_sort,0.16675
u64,10000,97531,uniform16,6,ska_sort,0.262792
u64,10000,97531,uniform16,7,radixkit,0.037125
u64,10000,97531,uniform16,7,adaptive,0.036791
u64,10000,97531,uniform16,7,std_sort,0.175666
u64,10000,97531,uniform16,7,ska_sort,0.25975
u64,10000,97531,uniform16,7,ska_sort_copy,0.263375
u64,10000,97531,uniform16,8,adaptive,0.038417
u64,10000,97531,uniform16,8,std_sort,0.17675
u64,10000,97531,uniform16,8,ska_sort,0.260208
u64,10000,97531,uniform16,8,ska_sort_copy,0.256458
u64,10000,97531,uniform16,8,radixkit,0.037042
u64,10000,97531,zeros99,0,ska_sort,0.188417
u64,10000,97531,zeros99,0,ska_sort_copy,0.189791
u64,10000,97531,zeros99,0,radixkit,0.004042
u64,10000,97531,zeros99,0,adaptive,0.004958
u64,10000,97531,zeros99,0,std_sort,0.009542
u64,10000,97531,zeros99,1,ska_sort_copy,0.195542
u64,10000,97531,zeros99,1,radixkit,0.003875
u64,10000,97531,zeros99,1,adaptive,0.004875
u64,10000,97531,zeros99,1,std_sort,0.009209
u64,10000,97531,zeros99,1,ska_sort,0.187417
u64,10000,97531,zeros99,2,radixkit,0.003875
u64,10000,97531,zeros99,2,adaptive,0.003875
u64,10000,97531,zeros99,2,std_sort,0.008375
u64,10000,97531,zeros99,2,ska_sort,0.188416
u64,10000,97531,zeros99,2,ska_sort_copy,0.187542
u64,10000,97531,zeros99,3,adaptive,0.003792
u64,10000,97531,zeros99,3,std_sort,0.00825
u64,10000,97531,zeros99,3,ska_sort,0.188708
u64,10000,97531,zeros99,3,ska_sort_copy,0.188417
u64,10000,97531,zeros99,3,radixkit,0.003792
u64,10000,97531,zeros99,4,std_sort,0.008292
u64,10000,97531,zeros99,4,ska_sort,0.189625
u64,10000,97531,zeros99,4,ska_sort_copy,0.188375
u64,10000,97531,zeros99,4,radixkit,0.003791
u64,10000,97531,zeros99,4,adaptive,0.003792
u64,10000,97531,zeros99,5,ska_sort,0.189917
u64,10000,97531,zeros99,5,ska_sort_copy,0.201959
u64,10000,97531,zeros99,5,radixkit,0.004292
u64,10000,97531,zeros99,5,adaptive,0.004083
u64,10000,97531,zeros99,5,std_sort,0.008917
u64,10000,97531,zeros99,6,ska_sort_copy,0.3055
u64,10000,97531,zeros99,6,radixkit,0.006417
u64,10000,97531,zeros99,6,adaptive,0.005666
u64,10000,97531,zeros99,6,std_sort,0.011
u64,10000,97531,zeros99,6,ska_sort,0.281667
u64,10000,97531,zeros99,7,radixkit,0.006625
u64,10000,97531,zeros99,7,adaptive,0.006333
u64,10000,97531,zeros99,7,std_sort,0.011125
u64,10000,97531,zeros99,7,ska_sort,0.348625
u64,10000,97531,zeros99,7,ska_sort_copy,0.221792
u64,10000,97531,zeros99,8,adaptive,0.036792
u64,10000,97531,zeros99,8,std_sort,0.010375
u64,10000,97531,zeros99,8,ska_sort,0.215042
u64,10000,97531,zeros99,8,ska_sort_copy,0.209709
u64,10000,97531,zeros99,8,radixkit,0.004583
u64,10000,97531,equal,0,ska_sort,0.221667
u64,10000,97531,equal,0,ska_sort_copy,0.189459
u64,10000,97531,equal,0,radixkit,0.001791
u64,10000,97531,equal,0,adaptive,0.001208
u64,10000,97531,equal,0,std_sort,0.0135
u64,10000,97531,equal,1,ska_sort_copy,0.18275
u64,10000,97531,equal,1,radixkit,0.001709
u64,10000,97531,equal,1,adaptive,0.001125
u64,10000,97531,equal,1,std_sort,0.013459
u64,10000,97531,equal,1,ska_sort,0.181792
u64,10000,97531,equal,2,radixkit,0.00175
u64,10000,97531,equal,2,adaptive,0.001167
u64,10000,97531,equal,2,std_sort,0.013375
u64,10000,97531,equal,2,ska_sort,0.181542
u64,10000,97531,equal,2,ska_sort_copy,0.181
u64,10000,97531,equal,3,adaptive,0.001167
u64,10000,97531,equal,3,std_sort,0.0135
u64,10000,97531,equal,3,ska_sort,0.182542
u64,10000,97531,equal,3,ska_sort_copy,0.181333
u64,10000,97531,equal,3,radixkit,0.00175
u64,10000,97531,equal,4,std_sort,0.013458
u64,10000,97531,equal,4,ska_sort,0.18325
u64,10000,97531,equal,4,ska_sort_copy,0.183209
u64,10000,97531,equal,4,radixkit,0.001709
u64,10000,97531,equal,4,adaptive,0.001125
u64,10000,97531,equal,5,ska_sort,0.19175
u64,10000,97531,equal,5,ska_sort_copy,0.220167
u64,10000,97531,equal,5,radixkit,0.001958
u64,10000,97531,equal,5,adaptive,0.001417
u64,10000,97531,equal,5,std_sort,0.016417
u64,10000,97531,equal,6,ska_sort_copy,0.179375
u64,10000,97531,equal,6,radixkit,0.001667
u64,10000,97531,equal,6,adaptive,0.001125
u64,10000,97531,equal,6,std_sort,0.012958
u64,10000,97531,equal,6,ska_sort,0.196334
u64,10000,97531,equal,7,radixkit,0.001709
u64,10000,97531,equal,7,adaptive,0.001166
u64,10000,97531,equal,7,std_sort,0.038542
u64,10000,97531,equal,7,ska_sort,0.177458
u64,10000,97531,equal,7,ska_sort_copy,0.183625
u64,10000,97531,equal,8,adaptive,0.001125
u64,10000,97531,equal,8,std_sort,0.012959
u64,10000,97531,equal,8,ska_sort,0.175708
u64,10000,97531,equal,8,ska_sort_copy,0.176416
u64,10000,97531,equal,8,radixkit,0.001917
u64,10000,97531,ascending,0,ska_sort,0.207041
u64,10000,97531,ascending,0,ska_sort_copy,0.206041
u64,10000,97531,ascending,0,radixkit,0.006416
u64,10000,97531,ascending,0,adaptive,0.006417
u64,10000,97531,ascending,0,std_sort,0.009834
u64,10000,97531,ascending,1,ska_sort_copy,0.217917
u64,10000,97531,ascending,1,radixkit,0.006542
u64,10000,97531,ascending,1,adaptive,0.006625
u64,10000,97531,ascending,1,std_sort,0.01025
u64,10000,97531,ascending,1,ska_sort,0.210458
u64,10000,97531,ascending,2,radixkit,0.006333
u64,10000,97531,ascending,2,adaptive,0.006458
u64,10000,97531,ascending,2,std_sort,0.009833
u64,10000,97531,ascending,2,ska_sort,0.204916
u64,10000,97531,ascending,2,ska_sort_copy,0.203833
u64,10000,97531,ascending,3,adaptive,0.006333
u64,10000,97531,ascending,3,std_sort,0.00975
u64,10000,97531,ascending,3,ska_sort,0.20275
u64,10000,97531,ascending,3,ska_sort_copy,0.202167
u64,10000,97531,ascending,3,radixkit,0.006458
u64,10000,97531,ascending,4,std_sort,0.009709
u64,10000,97531,ascending,4,ska_sort,0.199959
u64,10000,97531,ascending,4,ska_sort_copy,0.211
u64,10000,97531,ascending,4,radixkit,0.006333
u64,10000,97531,ascending,4,adaptive,0.006375
u64,10000,97531,ascending,5,ska_sort,0.203333
u64,10000,97531,ascending,5,ska_sort_copy,0.201042
u64,10000,97531,ascending,5,radixkit,0.006458
u64,10000,97531,ascending,5,adaptive,0.006375
u64,10000,97531,ascending,5,std_sort,0.00975
u64,10000,97531,ascending,6,ska_sort_copy,0.205292
u64,10000,97531,ascending,6,radixkit,0.00625
u64,10000,97531,ascending,6,adaptive,0.006375
u64,10000,97531,ascending,6,std_sort,0.009666
u64,10000,97531,ascending,6,ska_sort,0.202167
u64,10000,97531,ascending,7,radixkit,0.006208
u64,10000,97531,ascending,7,adaptive,0.006375
u64,10000,97531,ascending,7,std_sort,0.009708
u64,10000,97531,ascending,7,ska_sort,0.207416
u64,10000,97531,ascending,7,ska_sort_copy,0.203583
u64,10000,97531,ascending,8,adaptive,0.006375
u64,10000,97531,ascending,8,std_sort,0.009667
u64,10000,97531,ascending,8,ska_sort,0.202834
u64,10000,97531,ascending,8,ska_sort_copy,0.19975
u64,10000,97531,ascending,8,radixkit,0.006208
u64,10000,97531,descending,0,ska_sort,0.23
u64,10000,97531,descending,0,ska_sort_copy,0.214417
u64,10000,97531,descending,0,radixkit,0.008292
u64,10000,97531,descending,0,adaptive,0.008625
u64,10000,97531,descending,0,std_sort,0.020083
u64,10000,97531,descending,1,ska_sort_copy,0.22675
u64,10000,97531,descending,1,radixkit,0.008084
u64,10000,97531,descending,1,adaptive,0.008291
u64,10000,97531,descending,1,std_sort,0.01775
u64,10000,97531,descending,1,ska_sort,0.213584
u64,10000,97531,descending,2,radixkit,0.008083
u64,10000,97531,descending,2,adaptive,0.008208
u64,10000,97531,descending,2,std_sort,0.016958
u64,10000,97531,descending,2,ska_sort,0.209209
u64,10000,97531,descending,2,ska_sort_copy,0.2325
u64,10000,97531,descending,3,adaptive,0.008042
u64,10000,97531,descending,3,std_sort,0.016625
u64,10000,97531,descending,3,ska_sort,0.206541
u64,10000,97531,descending,3,ska_sort_copy,0.206125
u64,10000,97531,descending,3,radixkit,0.007958
u64,10000,97531,descending,4,std_sort,0.016708
u64,10000,97531,descending,4,ska_sort,0.207042
u64,10000,97531,descending,4,ska_sort_copy,0.213917
u64,10000,97531,descending,4,radixkit,0.007875
u64,10000,97531,descending,4,adaptive,0.007959
u64,10000,97531,descending,5,ska_sort,0.207
u64,10000,97531,descending,5,ska_sort_copy,0.207709
u64,10000,97531,descending,5,radixkit,0.007917
u64,10000,97531,descending,5,adaptive,0.008
u64,10000,97531,descending,5,std_sort,0.016875
u64,10000,97531,descending,6,ska_sort_copy,0.207042
u64,10000,97531,descending,6,radixkit,0.007875
u64,10000,97531,descending,6,adaptive,0.007917
u64,10000,97531,descending,6,std_sort,0.016625
u64,10000,97531,descending,6,ska_sort,0.206167
u64,10000,97531,descending,7,radixkit,0.007875
u64,10000,97531,descending,7,adaptive,0.008042
u64,10000,97531,descending,7,std_sort,0.016542
u64,10000,97531,descending,7,ska_sort,0.206125
u64,10000,97531,descending,7,ska_sort_copy,0.205
u64,10000,97531,descending,8,adaptive,0.007958
u64,10000,97531,descending,8,std_sort,0.016709
u64,10000,97531,descending,8,ska_sort,0.209958
u64,10000,97531,descending,8,ska_sort_copy,0.206375
u64,10000,97531,descending,8,radixkit,0.007959
u64,10000,97531,sparse8,0,ska_sort,0.415375
u64,10000,97531,sparse8,0,ska_sort_copy,0.565833
u64,10000,97531,sparse8,0,radixkit,0.267
u64,10000,97531,sparse8,0,adaptive,0.032834
u64,10000,97531,sparse8,0,std_sort,0.114458
u64,10000,97531,sparse8,1,ska_sort_copy,0.546292
u64,10000,97531,sparse8,1,radixkit,0.137708
u64,10000,97531,sparse8,1,adaptive,0.027709
u64,10000,97531,sparse8,1,std_sort,0.106667
u64,10000,97531,sparse8,1,ska_sort,0.421125
u64,10000,97531,sparse8,2,radixkit,0.126458
u64,10000,97531,sparse8,2,adaptive,0.025583
u64,10000,97531,sparse8,2,std_sort,0.100708
u64,10000,97531,sparse8,2,ska_sort,0.421458
u64,10000,97531,sparse8,2,ska_sort_copy,0.403083
u64,10000,97531,sparse8,3,adaptive,0.025708
u64,10000,97531,sparse8,3,std_sort,0.10025
u64,10000,97531,sparse8,3,ska_sort,0.406583
u64,10000,97531,sparse8,3,ska_sort_copy,0.401083
u64,10000,97531,sparse8,3,radixkit,0.125583
u64,10000,97531,sparse8,4,std_sort,0.100084
u64,10000,97531,sparse8,4,ska_sort,0.400042
u64,10000,97531,sparse8,4,ska_sort_copy,0.40225
u64,10000,97531,sparse8,4,radixkit,0.126875
u64,10000,97531,sparse8,4,adaptive,0.025708
u64,10000,97531,sparse8,5,ska_sort,0.401375
u64,10000,97531,sparse8,5,ska_sort_copy,0.398875
u64,10000,97531,sparse8,5,radixkit,0.12575
u64,10000,97531,sparse8,5,adaptive,0.0255
u64,10000,97531,sparse8,5,std_sort,0.099959
u64,10000,97531,sparse8,6,ska_sort_copy,0.402625
u64,10000,97531,sparse8,6,radixkit,0.132958
u64,10000,97531,sparse8,6,adaptive,0.02625
u64,10000,97531,sparse8,6,std_sort,0.099708
u64,10000,97531,sparse8,6,ska_sort,0.415084
u64,10000,97531,sparse8,7,radixkit,0.146084
u64,10000,97531,sparse8,7,adaptive,0.02825
u64,10000,97531,sparse8,7,std_sort,0.134333
u64,10000,97531,sparse8,7,ska_sort,0.447958
u64,10000,97531,sparse8,7,ska_sort_copy,0.405667
u64,10000,97531,sparse8,8,adaptive,0.02575
u64,10000,97531,sparse8,8,std_sort,0.105458
u64,10000,97531,sparse8,8,ska_sort,0.404
u64,10000,97531,sparse8,8,ska_sort_copy,0.400542
u64,10000,97531,sparse8,8,radixkit,0.128417
u64,10000,97531,nearly_sorted,0,ska_sort,0.218167
u64,10000,97531,nearly_sorted,0,ska_sort_copy,0.2195
u64,10000,97531,nearly_sorted,0,radixkit,0.038292
u64,10000,97531,nearly_sorted,0,adaptive,0.044792
u64,10000,97531,nearly_sorted,0,std_sort,0.037375
u64,10000,97531,nearly_sorted,1,ska_sort_copy,0.218958
u64,10000,97531,nearly_sorted,1,radixkit,0.03825
u64,10000,97531,nearly_sorted,1,adaptive,0.038417
u64,10000,97531,nearly_sorted,1,std_sort,0.036875
u64,10000,97531,nearly_sorted,1,ska_sort,0.218166
u64,10000,97531,nearly_sorted,2,radixkit,0.038292
u64,10000,97531,nearly_sorted,2,adaptive,0.038417
u64,10000,97531,nearly_sorted,2,std_sort,0.036
u64,10000,97531,nearly_sorted,2,ska_sort,0.219958
u64,10000,97531,nearly_sorted,2,ska_sort_copy,0.217625
u64,10000,97531,nearly_sorted,3,adaptive,0.038375
u64,10000,97531,nearly_sorted,3,std_sort,0.035833
u64,10000,97531,nearly_sorted,3,ska_sort,0.219542
u64,10000,97531,nearly_sorted,3,ska_sort_copy,0.218625
u64,10000,97531,nearly_sorted,3,radixkit,0.03825
u64,10000,97531,nearly_sorted,4,std_sort,0.035667
u64,10000,97531,nearly_sorted,4,ska_sort,0.216916
u64,10000,97531,nearly_sorted,4,ska_sort_copy,0.220167
u64,10000,97531,nearly_sorted,4,radixkit,0.038625
u64,10000,97531,nearly_sorted,4,adaptive,0.038375
u64,10000,97531,nearly_sorted,5,ska_sort,0.219375
u64,10000,97531,nearly_sorted,5,ska_sort_copy,0.216208
u64,10000,97531,nearly_sorted,5,radixkit,0.038542
u64,10000,97531,nearly_sorted,5,adaptive,0.038375
u64,10000,97531,nearly_sorted,5,std_sort,0.035584
u64,10000,97531,nearly_sorted,6,ska_sort_copy,0.219667
u64,10000,97531,nearly_sorted,6,radixkit,0.038459
u64,10000,97531,nearly_sorted,6,adaptive,0.0385
u64,10000,97531,nearly_sorted,6,std_sort,0.035458
u64,10000,97531,nearly_sorted,6,ska_sort,0.218208
u64,10000,97531,nearly_sorted,7,radixkit,0.038375
u64,10000,97531,nearly_sorted,7,adaptive,0.038584
u64,10000,97531,nearly_sorted,7,std_sort,0.035625
u64,10000,97531,nearly_sorted,7,ska_sort,0.21925
u64,10000,97531,nearly_sorted,7,ska_sort_copy,0.217083
u64,10000,97531,nearly_sorted,8,adaptive,0.038541
u64,10000,97531,nearly_sorted,8,std_sort,0.0355
u64,10000,97531,nearly_sorted,8,ska_sort,0.222375
u64,10000,97531,nearly_sorted,8,ska_sort_copy,0.217583
u64,10000,97531,nearly_sorted,8,radixkit,0.038458
kv32,10000,97531,uniform,0,ska_sort,0.183459
kv32,10000,97531,uniform,0,ska_sort_copy,0.089209
kv32,10000,97531,uniform,0,radixkit,0.043625
kv32,10000,97531,uniform,0,std_sort,0.390083
kv32,10000,97531,uniform,1,ska_sort_copy,0.0435
kv32,10000,97531,uniform,1,radixkit,0.037583
kv32,10000,97531,uniform,1,std_sort,0.366875
kv32,10000,97531,uniform,1,ska_sort,0.160208
kv32,10000,97531,uniform,2,radixkit,0.03875
kv32,10000,97531,uniform,2,std_sort,0.358666
kv32,10000,97531,uniform,2,ska_sort,0.154708
kv32,10000,97531,uniform,2,ska_sort_copy,0.039208
kv32,10000,97531,uniform,3,std_sort,0.358417
kv32,10000,97531,uniform,3,ska_sort,0.183834
kv32,10000,97531,uniform,3,ska_sort_copy,0.04
kv32,10000,97531,uniform,3,radixkit,0.037917
kv32,10000,97531,uniform,4,ska_sort,0.148958
kv32,10000,97531,uniform,4,ska_sort_copy,0.037125
kv32,10000,97531,uniform,4,radixkit,0.036916
kv32,10000,97531,uniform,4,std_sort,0.36675
kv32,10000,97531,uniform,5,ska_sort_copy,0.03825
kv32,10000,97531,uniform,5,radixkit,0.036583
kv32,10000,97531,uniform,5,std_sort,0.356458
kv32,10000,97531,uniform,5,ska_sort,0.145833
kv32,10000,97531,uniform,6,radixkit,0.036708
kv32,10000,97531,uniform,6,std_sort,0.354417
kv32,10000,97531,uniform,6,ska_sort,0.143292
kv32,10000,97531,uniform,6,ska_sort_copy,0.0375
kv32,10000,97531,uniform,7,std_sort,0.339709
kv32,10000,97531,uniform,7,ska_sort,0.141625
kv32,10000,97531,uniform,7,ska_sort_copy,0.037417
kv32,10000,97531,uniform,7,radixkit,0.037125
kv32,10000,97531,uniform,8,ska_sort,0.1385
kv32,10000,97531,uniform,8,ska_sort_copy,0.037416
kv32,10000,97531,uniform,8,radixkit,0.0415
kv32,10000,97531,uniform,8,std_sort,0.344667
kv32,10000,97531,uniform16,0,ska_sort,0.189541
kv32,10000,97531,uniform16,0,ska_sort_copy,0.078292
kv32,10000,97531,uniform16,0,radixkit,0.028125
kv32,10000,97531,uniform16,0,std_sort,0.35125
kv32,10000,97531,uniform16,1,ska_sort_copy,0.078667
kv32,10000,97531,uniform16,1,radixkit,0.028041
kv32,10000,97531,uniform16,1,std_sort,0.346667
kv32,10000,97531,uniform16,1,ska_sort,0.191416
kv32,10000,97531,uniform16,2,radixkit,0.030834
kv32,10000,97531,uniform16,2,std_sort,0.366708
kv32,10000,97531,uniform16,2,ska_sort,0.195667
kv32,10000,97531,uniform16,2,ska_sort_copy,0.078458
kv32,10000,97531,uniform16,3,std_sort,0.355333
kv32,10000,97531,uniform16,3,ska_sort,0.194458
kv32,10000,97531,uniform16,3,ska_sort_copy,0.078333
kv32,10000,97531,uniform16,3,radixkit,0.028125
kv32,10000,97531,uniform16,4,ska_sort,0.194208
kv32,10000,97531,uniform16,4,ska_sort_copy,0.078083
kv32,10000,97531,uniform16,4,radixkit,0.028042
kv32,10000,97531,uniform16,4,std_sort,0.365041
kv32,10000,97531,uniform16,5,ska_sort_copy,0.080958
kv32,10000,97531,uniform16,5,radixkit,0.028333
kv32,10000,97531,uniform16,5,std_sort,0.348792
kv32,10000,97531,uniform16,5,ska_sort,0.184208
kv32,10000,97531,uniform16,6,radixkit,0.028375
kv32,10000,97531,uniform16,6,std_sort,0.341542
kv32,10000,97531,uniform16,6,ska_sort,0.182125
kv32,10000,97531,uniform16,6,ska_sort_copy,0.078209
kv32,10000,97531,uniform16,7,std_sort,0.339667
kv32,10000,97531,uniform16,7,ska_sort,0.181125
kv32,10000,97531,uniform16,7,ska_sort_copy,0.0785
kv32,10000,97531,uniform16,7,radixkit,0.028083
kv32,10000,97531,uniform16,8,ska_sort,0.181625
kv32,10000,97531,uniform16,8,ska_sort_copy,0.078125
kv32,10000,97531,uniform16,8,radixkit,0.027916
kv32,10000,97531,uniform16,8,std_sort,0.33425
kv32,10000,97531,zeros99,0,ska_sort,0.126209
kv32,10000,97531,zeros99,0,ska_sort_copy,0.108125
kv32,10000,97531,zeros99,0,radixkit,0.086334
kv32,10000,97531,zeros99,0,std_sort,0.448334
kv32,10000,97531,zeros99,1,ska_sort_copy,0.208292
kv32,10000,97531,zeros99,1,radixkit,0.094166
kv32,10000,97531,zeros99,1,std_sort,0.363625
kv32,10000,97531,zeros99,1,ska_sort,0.138209
kv32,10000,97531,zeros99,2,radixkit,0.090375
kv32,10000,97531,zeros99,2,std_sort,0.299709
kv32,10000,97531,zeros99,2,ska_sort,0.142917
kv32,10000,97531,zeros99,2,ska_sort_copy,0.107792
kv32,10000,97531,zeros99,3,std_sort,0.29675
kv32,10000,97531,zeros99,3,ska_sort,0.132709
kv32,10000,97531,zeros99,3,ska_sort_copy,0.1095
kv32,10000,97531,zeros99,3,radixkit,0.083125
kv32,10000,97531,zeros99,4,ska_sort,0.130375
kv32,10000,97531,zeros99,4,ska_sort_copy,0.11275
kv32,10000,97531,zeros99,4,radixkit,0.082708
kv32,10000,97531,zeros99,4,std_sort,0.287375
kv32,10000,97531,zeros99,5,ska_sort_copy,0.1105
kv32,10000,97531,zeros99,5,radixkit,0.083041
kv32,10000,97531,zeros99,5,std_sort,0.321292
kv32,10000,97531,zeros99,5,ska_sort,0.127125
kv32,10000,97531,zeros99,6,radixkit,0.081
kv32,10000,97531,zeros99,6,std_sort,0.288292
kv32,10000,97531,zeros99,6,ska_sort,0.127541
kv32,10000,97531,zeros99,6,ska_sort_copy,0.106083
kv32,10000,97531,zeros99,7,std_sort,0.289375
kv32,10000,97531,zeros99,7,ska_sort,0.129833
kv32,10000,97531,zeros99,7,ska_sort_copy,0.119833
kv32,10000,97531,zeros99,7,radixkit,0.084125
kv32,10000,97531,zeros99,8,ska_sort,0.128542
kv32,10000,97531,zeros99,8,ska_sort_copy,0.110209
kv32,10000,97531,zeros99,8,radixkit,0.080292
kv32,10000,97531,zeros99,8,std_sort,0.277292
kv32,10000,97531,equal,0,ska_sort,0.084083
kv32,10000,97531,equal,0,ska_sort_copy,0.10475
kv32,10000,97531,equal,0,radixkit,0.012125
kv32,10000,97531,equal,0,std_sort,0.006792
kv32,10000,97531,equal,1,ska_sort_copy,0.104667
kv32,10000,97531,equal,1,radixkit,0.012084
kv32,10000,97531,equal,1,std_sort,0.00675
kv32,10000,97531,equal,1,ska_sort,0.083875
kv32,10000,97531,equal,2,radixkit,0.012083
kv32,10000,97531,equal,2,std_sort,0.006709
kv32,10000,97531,equal,2,ska_sort,0.090625
kv32,10000,97531,equal,2,ska_sort_copy,0.107541
kv32,10000,97531,equal,3,std_sort,0.00675
kv32,10000,97531,equal,3,ska_sort,0.084459
kv32,10000,97531,equal,3,ska_sort_copy,0.10475
kv32,10000,97531,equal,3,radixkit,0.012167
kv32,10000,97531,equal,4,ska_sort,0.084458
kv32,10000,97531,equal,4,ska_sort_copy,0.10475
kv32,10000,97531,equal,4,radixkit,0.012125
kv32,10000,97531,equal,4,std_sort,0.00675
kv32,10000,97531,equal,5,ska_sort_copy,0.104791
kv32,10000,97531,equal,5,radixkit,0.012125
kv32,10000,97531,equal,5,std_sort,0.00675
kv32,10000,97531,equal,5,ska_sort,0.083917
kv32,10000,97531,equal,6,radixkit,0.012125
kv32,10000,97531,equal,6,std_sort,0.00675
kv32,10000,97531,equal,6,ska_sort,0.085542
kv32,10000,97531,equal,6,ska_sort_copy,0.111209
kv32,10000,97531,equal,7,std_sort,0.007
kv32,10000,97531,equal,7,ska_sort,0.089834
kv32,10000,97531,equal,7,ska_sort_copy,0.107667
kv32,10000,97531,equal,7,radixkit,0.012125
kv32,10000,97531,equal,8,ska_sort,0.084625
kv32,10000,97531,equal,8,ska_sort_copy,0.104625
kv32,10000,97531,equal,8,radixkit,0.012541
kv32,10000,97531,equal,8,std_sort,0.006917
kv32,10000,97531,ascending,0,ska_sort,0.117209
kv32,10000,97531,ascending,0,ska_sort_copy,0.085125
kv32,10000,97531,ascending,0,radixkit,0.041833
kv32,10000,97531,ascending,0,std_sort,0.006791
kv32,10000,97531,ascending,1,ska_sort_copy,0.084
kv32,10000,97531,ascending,1,radixkit,0.032708
kv32,10000,97531,ascending,1,std_sort,0.006792
kv32,10000,97531,ascending,1,ska_sort,0.115834
kv32,10000,97531,ascending,2,radixkit,0.035166
kv32,10000,97531,ascending,2,std_sort,0.006833
kv32,10000,97531,ascending,2,ska_sort,0.126833
kv32,10000,97531,ascending,2,ska_sort_copy,0.100791
kv32,10000,97531,ascending,3,std_sort,0.00675
kv32,10000,97531,ascending,3,ska_sort,0.114625
kv32,10000,97531,ascending,3,ska_sort_copy,0.085084
kv32,10000,97531,ascending,3,radixkit,0.032709
kv32,10000,97531,ascending,4,ska_sort,0.113584
kv32,10000,97531,ascending,4,ska_sort_copy,0.084041
kv32,10000,97531,ascending,4,radixkit,0.032542
kv32,10000,97531,ascending,4,std_sort,0.006792
kv32,10000,97531,ascending,5,ska_sort_copy,0.084417
kv32,10000,97531,ascending,5,radixkit,0.032583
kv32,10000,97531,ascending,5,std_sort,0.006792
kv32,10000,97531,ascending,5,ska_sort,0.116167
kv32,10000,97531,ascending,6,radixkit,0.032458
kv32,10000,97531,ascending,6,std_sort,0.006833
kv32,10000,97531,ascending,6,ska_sort,0.11425
kv32,10000,97531,ascending,6,ska_sort_copy,0.084958
kv32,10000,97531,ascending,7,std_sort,0.006792
kv32,10000,97531,ascending,7,ska_sort,0.114042
kv32,10000,97531,ascending,7,ska_sort_copy,0.084125
kv32,10000,97531,ascending,7,radixkit,0.032667
kv32,10000,97531,ascending,8,ska_sort,0.116708
kv32,10000,97531,ascending,8,ska_sort_copy,0.085291
kv32,10000,97531,ascending,8,radixkit,0.032542
kv32,10000,97531,ascending,8,std_sort,0.006833
kv32,10000,97531,descending,0,ska_sort,0.126458
kv32,10000,97531,descending,0,ska_sort_copy,0.084958
kv32,10000,97531,descending,0,radixkit,0.032625
kv32,10000,97531,descending,0,std_sort,0.010917
kv32,10000,97531,descending,1,ska_sort_copy,0.08775
kv32,10000,97531,descending,1,radixkit,0.032625
kv32,10000,97531,descending,1,std_sort,0.010916
kv32,10000,97531,descending,1,ska_sort,0.126584
kv32,10000,97531,descending,2,radixkit,0.032792
kv32,10000,97531,descending,2,std_sort,0.010917
kv32,10000,97531,descending,2,ska_sort,0.127875
kv32,10000,97531,descending,2,ska_sort_copy,0.083667
kv32,10000,97531,descending,3,std_sort,0.010833
kv32,10000,97531,descending,3,ska_sort,0.126875
kv32,10000,97531,descending,3,ska_sort_copy,0.083375
kv32,10000,97531,descending,3,radixkit,0.032833
kv32,10000,97531,descending,4,ska_sort,0.126666
kv32,10000,97531,descending,4,ska_sort_copy,0.083875
kv32,10000,97531,descending,4,radixkit,0.032709
kv32,10000,97531,descending,4,std_sort,0.010917
kv32,10000,97531,descending,5,ska_sort_copy,0.084
kv32,10000,97531,descending,5,radixkit,0.032875
kv32,10000,97531,descending,5,std_sort,0.010917
kv32,10000,97531,descending,5,ska_sort,0.126334
kv32,10000,97531,descending,6,radixkit,0.033834
kv32,10000,97531,descending,6,std_sort,0.0115
kv32,10000,97531,descending,6,ska_sort,0.135875
kv32,10000,97531,descending,6,ska_sort_copy,0.170292
kv32,10000,97531,descending,7,std_sort,0.012875
kv32,10000,97531,descending,7,ska_sort,0.206416
kv32,10000,97531,descending,7,ska_sort_copy,0.189833
kv32,10000,97531,descending,7,radixkit,0.043291
kv32,10000,97531,descending,8,ska_sort,0.201583
kv32,10000,97531,descending,8,ska_sort_copy,0.091542
kv32,10000,97531,descending,8,radixkit,0.072667
kv32,10000,97531,descending,8,std_sort,0.013
kv32,10000,97531,sparse8,0,ska_sort,0.216708
kv32,10000,97531,sparse8,0,ska_sort_copy,0.072083
kv32,10000,97531,sparse8,0,radixkit,0.04175
kv32,10000,97531,sparse8,0,std_sort,0.2345
kv32,10000,97531,sparse8,1,ska_sort_copy,0.070667
kv32,10000,97531,sparse8,1,radixkit,0.042041
kv32,10000,97531,sparse8,1,std_sort,0.23325
kv32,10000,97531,sparse8,1,ska_sort,0.196209
kv32,10000,97531,sparse8,2,radixkit,0.041542
kv32,10000,97531,sparse8,2,std_sort,0.228458
kv32,10000,97531,sparse8,2,ska_sort,0.21875
kv32,10000,97531,sparse8,2,ska_sort_copy,0.086375
kv32,10000,97531,sparse8,3,std_sort,0.252958
kv32,10000,97531,sparse8,3,ska_sort,0.205625
kv32,10000,97531,sparse8,3,ska_sort_copy,0.07
kv32,10000,97531,sparse8,3,radixkit,0.041417
kv32,10000,97531,sparse8,4,ska_sort,0.206458
kv32,10000,97531,sparse8,4,ska_sort_copy,0.069916
kv32,10000,97531,sparse8,4,radixkit,0.041042
kv32,10000,97531,sparse8,4,std_sort,0.240833
kv32,10000,97531,sparse8,5,ska_sort_copy,0.069417
kv32,10000,97531,sparse8,5,radixkit,0.041333
kv32,10000,97531,sparse8,5,std_sort,0.25025
kv32,10000,97531,sparse8,5,ska_sort,0.193708
kv32,10000,97531,sparse8,6,radixkit,0.041
kv32,10000,97531,sparse8,6,std_sort,0.230417
kv32,10000,97531,sparse8,6,ska_sort,0.190541
kv32,10000,97531,sparse8,6,ska_sort_copy,0.0695
kv32,10000,97531,sparse8,7,std_sort,0.228875
kv32,10000,97531,sparse8,7,ska_sort,0.189541
kv32,10000,97531,sparse8,7,ska_sort_copy,0.07
kv32,10000,97531,sparse8,7,radixkit,0.041
kv32,10000,97531,sparse8,8,ska_sort,0.188792
kv32,10000,97531,sparse8,8,ska_sort_copy,0.069584
kv32,10000,97531,sparse8,8,radixkit,0.040917
kv32,10000,97531,sparse8,8,std_sort,0.22775
kv32,10000,97531,nearly_sorted,0,ska_sort,0.137417
kv32,10000,97531,nearly_sorted,0,ska_sort_copy,0.085875
kv32,10000,97531,nearly_sorted,0,radixkit,0.033208
kv32,10000,97531,nearly_sorted,0,std_sort,0.033209
kv32,10000,97531,nearly_sorted,1,ska_sort_copy,0.086583
kv32,10000,97531,nearly_sorted,1,radixkit,0.033125
kv32,10000,97531,nearly_sorted,1,std_sort,0.033333
kv32,10000,97531,nearly_sorted,1,ska_sort,0.13525
kv32,10000,97531,nearly_sorted,2,radixkit,0.033292
kv32,10000,97531,nearly_sorted,2,std_sort,0.033458
kv32,10000,97531,nearly_sorted,2,ska_sort,0.136459
kv32,10000,97531,nearly_sorted,2,ska_sort_copy,0.088334
kv32,10000,97531,nearly_sorted,3,std_sort,0.033417
kv32,10000,97531,nearly_sorted,3,ska_sort,0.135291
kv32,10000,97531,nearly_sorted,3,ska_sort_copy,0.086542
kv32,10000,97531,nearly_sorted,3,radixkit,0.033917
kv32,10000,97531,nearly_sorted,4,ska_sort,0.137625
kv32,10000,97531,nearly_sorted,4,ska_sort_copy,0.08675
kv32,10000,97531,nearly_sorted,4,radixkit,0.032875
kv32,10000,97531,nearly_sorted,4,std_sort,0.032834
kv32,10000,97531,nearly_sorted,5,ska_sort_copy,0.087167
kv32,10000,97531,nearly_sorted,5,radixkit,0.033166
kv32,10000,97531,nearly_sorted,5,std_sort,0.032583
kv32,10000,97531,nearly_sorted,5,ska_sort,0.1355
kv32,10000,97531,nearly_sorted,6,radixkit,0.03325
kv32,10000,97531,nearly_sorted,6,std_sort,0.037875
kv32,10000,97531,nearly_sorted,6,ska_sort,0.151041
kv32,10000,97531,nearly_sorted,6,ska_sort_copy,0.100166
kv32,10000,97531,nearly_sorted,7,std_sort,0.036459
kv32,10000,97531,nearly_sorted,7,ska_sort,0.141084
kv32,10000,97531,nearly_sorted,7,ska_sort_copy,0.085917
kv32,10000,97531,nearly_sorted,7,radixkit,0.03325
kv32,10000,97531,nearly_sorted,8,ska_sort,0.135375
kv32,10000,97531,nearly_sorted,8,ska_sort_copy,0.08575
kv32,10000,97531,nearly_sorted,8,radixkit,0.03325
kv32,10000,97531,nearly_sorted,8,std_sort,0.033042
kv64,10000,97531,uniform,0,ska_sort,0.151875
kv64,10000,97531,uniform,0,ska_sort_copy,0.145333
kv64,10000,97531,uniform,0,radixkit,0.068209
kv64,10000,97531,uniform,0,std_sort,0.36175
kv64,10000,97531,uniform,1,ska_sort_copy,0.14275
kv64,10000,97531,uniform,1,radixkit,0.070083
kv64,10000,97531,uniform,1,std_sort,0.349667
kv64,10000,97531,uniform,1,ska_sort,0.138166
kv64,10000,97531,uniform,2,radixkit,0.068292
kv64,10000,97531,uniform,2,std_sort,0.344083
kv64,10000,97531,uniform,2,ska_sort,0.138208
kv64,10000,97531,uniform,2,ska_sort_copy,0.132458
kv64,10000,97531,uniform,3,std_sort,0.342667
kv64,10000,97531,uniform,3,ska_sort,0.135125
kv64,10000,97531,uniform,3,ska_sort_copy,0.128042
kv64,10000,97531,uniform,3,radixkit,0.067709
kv64,10000,97531,uniform,4,ska_sort,0.124209
kv64,10000,97531,uniform,4,ska_sort_copy,0.121792
kv64,10000,97531,uniform,4,radixkit,0.069334
kv64,10000,97531,uniform,4,std_sort,0.3465
kv64,10000,97531,uniform,5,ska_sort_copy,0.1295
kv64,10000,97531,uniform,5,radixkit,0.071292
kv64,10000,97531,uniform,5,std_sort,0.502708
kv64,10000,97531,uniform,5,ska_sort,0.200667
kv64,10000,97531,uniform,6,radixkit,0.075875
kv64,10000,97531,uniform,6,std_sort,0.456834
kv64,10000,97531,uniform,6,ska_sort,0.176417
kv64,10000,97531,uniform,6,ska_sort_copy,0.126958
kv64,10000,97531,uniform,7,std_sort,0.348292
kv64,10000,97531,uniform,7,ska_sort,0.130041
kv64,10000,97531,uniform,7,ska_sort_copy,0.126708
kv64,10000,97531,uniform,7,radixkit,0.074625
kv64,10000,97531,uniform,8,ska_sort,0.120916
kv64,10000,97531,uniform,8,ska_sort_copy,0.120292
kv64,10000,97531,uniform,8,radixkit,0.076458
kv64,10000,97531,uniform,8,std_sort,0.353167
kv64,10000,97531,uniform16,0,ska_sort,0.270875
kv64,10000,97531,uniform16,0,ska_sort_copy,0.2655
kv64,10000,97531,uniform16,0,radixkit,0.04275
kv64,10000,97531,uniform16,0,std_sort,0.364667
kv64,10000,97531,uniform16,1,ska_sort_copy,0.264375
kv64,10000,97531,uniform16,1,radixkit,0.042542
kv64,10000,97531,uniform16,1,std_sort,0.346875
kv64,10000,97531,uniform16,1,ska_sort,0.261125
kv64,10000,97531,uniform16,2,radixkit,0.042833
kv64,10000,97531,uniform16,2,std_sort,0.342417
kv64,10000,97531,uniform16,2,ska_sort,0.2595
kv64,10000,97531,uniform16,2,ska_sort_copy,0.256166
kv64,10000,97531,uniform16,3,std_sort,0.343875
kv64,10000,97531,uniform16,3,ska_sort,0.25525
kv64,10000,97531,uniform16,3,ska_sort_copy,0.25275
kv64,10000,97531,uniform16,3,radixkit,0.043209
kv64,10000,97531,uniform16,4,ska_sort,0.249542
kv64,10000,97531,uniform16,4,ska_sort_copy,0.247709
kv64,10000,97531,uniform16,4,radixkit,0.043583
kv64,10000,97531,uniform16,4,std_sort,0.344083
kv64,10000,97531,uniform16,5,ska_sort_copy,0.249708
kv64,10000,97531,uniform16,5,radixkit,0.04275
kv64,10000,97531,uniform16,5,std_sort,0.36525
kv64,10000,97531,uniform16,5,ska_sort,0.287667
kv64,10000,97531,uniform16,6,radixkit,0.043667
kv64,10000,97531,uniform16,6,std_sort,0.3645
kv64,10000,97531,uniform16,6,ska_sort,0.28075
kv64,10000,97531,uniform16,6,ska_sort_copy,0.281667
kv64,10000,97531,uniform16,7,std_sort,0.358125
kv64,10000,97531,uniform16,7,ska_sort,0.266917
kv64,10000,97531,uniform16,7,ska_sort_copy,0.261083
kv64,10000,97531,uniform16,7,radixkit,0.042959
kv64,10000,97531,uniform16,8,ska_sort,0.26125
kv64,10000,97531,uniform16,8,ska_sort_copy,0.251167
kv64,10000,97531,uniform16,8,radixkit,0.04225
kv64,10000,97531,uniform16,8,std_sort,0.340917
kv64,10000,97531,zeros99,0,ska_sort,0.189375
kv64,10000,97531,zeros99,0,ska_sort_copy,0.188459
kv64,10000,97531,zeros99,0,radixkit,0.00425
kv64,10000,97531,zeros99,0,std_sort,0.278042
kv64,10000,97531,zeros99,1,ska_sort_copy,0.189125
kv64,10000,97531,zeros99,1,radixkit,0.004
kv64,10000,97531,zeros99,1,std_sort,0.280291
kv64,10000,97531,zeros99,1,ska_sort,0.188791
kv64,10000,97531,zeros99,2,radixkit,0.003875
kv64,10000,97531,zeros99,2,std_sort,0.289958
kv64,10000,97531,zeros99,2,ska_sort,0.322291
kv64,10000,97531,zeros99,2,ska_sort_copy,0.493375
kv64,10000,97531,zeros99,3,std_sort,0.315542
kv64,10000,97531,zeros99,3,ska_sort,0.232333
kv64,10000,97531,zeros99,3,ska_sort_copy,0.203084
kv64,10000,97531,zeros99,3,radixkit,0.007208
kv64,10000,97531,zeros99,4,ska_sort,0.209125
kv64,10000,97531,zeros99,4,ska_sort_copy,0.203708
kv64,10000,97531,zeros99,4,radixkit,0.004666
kv64,10000,97531,zeros99,4,std_sort,0.30175
kv64,10000,97531,zeros99,5,ska_sort_copy,0.19625
kv64,10000,97531,zeros99,5,radixkit,0.004167
kv64,10000,97531,zeros99,5,std_sort,0.300875
kv64,10000,97531,zeros99,5,ska_sort,0.197792
kv64,10000,97531,zeros99,6,radixkit,0.004083
kv64,10000,97531,zeros99,6,std_sort,0.351667
kv64,10000,97531,zeros99,6,ska_sort,0.215625
kv64,10000,97531,zeros99,6,ska_sort_copy,0.200708
kv64,10000,97531,zeros99,7,std_sort,0.299417
kv64,10000,97531,zeros99,7,ska_sort,0.193625
kv64,10000,97531,zeros99,7,ska_sort_copy,0.195792
kv64,10000,97531,zeros99,7,radixkit,0.005708
kv64,10000,97531,zeros99,8,ska_sort,0.201917
kv64,10000,97531,zeros99,8,ska_sort_copy,0.195333
kv64,10000,97531,zeros99,8,radixkit,0.004292
kv64,10000,97531,zeros99,8,std_sort,0.283708
kv64,10000,97531,equal,0,ska_sort,0.169292
kv64,10000,97531,equal,0,ska_sort_copy,0.169167
kv64,10000,97531,equal,0,radixkit,0.001959
kv64,10000,97531,equal,0,std_sort,0.0095
kv64,10000,97531,equal,1,ska_sort_copy,0.171541
kv64,10000,97531,equal,1,radixkit,0.001917
kv64,10000,97531,equal,1,std_sort,0.009459
kv64,10000,97531,equal,1,ska_sort,0.169209
kv64,10000,97531,equal,2,radixkit,0.001916
kv64,10000,97531,equal,2,std_sort,0.009458
kv64,10000,97531,equal,2,ska_sort,0.168292
kv64,10000,97531,equal,2,ska_sort_copy,0.169917
kv64,10000,97531,equal,3,std_sort,0.009458
kv64,10000,97531,equal,3,ska_sort,0.169041
kv64,10000,97531,equal,3,ska_sort_copy,0.169458
kv64,10000,97531,equal,3,radixkit,0.001958
kv64,10000,97531,equal,4,ska_sort,0.168708
kv64,10000,97531,equal,4,ska_sort_copy,0.169
kv64,10000,97531,equal,4,radixkit,0.001958
kv64,10000,97531,equal,4,std_sort,0.009459
kv64,10000,97531,equal,5,ska_sort_copy,0.171583
kv64,10000,97531,equal,5,radixkit,0.001958
kv64,10000,97531,equal,5,std_sort,0.009417
kv64,10000,97531,equal,5,ska_sort,0.184208
kv64,10000,97531,equal,6,radixkit,0.002125
kv64,10000,97531,equal,6,std_sort,0.00975
kv64,10000,97531,equal,6,ska_sort,0.169042
kv64,10000,97531,equal,6,ska_sort_copy,0.168625
kv64,10000,97531,equal,7,std_sort,0.009458
kv64,10000,97531,equal,7,ska_sort,0.171084
kv64,10000,97531,equal,7,ska_sort_copy,0.171625
kv64,10000,97531,equal,7,radixkit,0.002
kv64,10000,97531,equal,8,ska_sort,0.168333
kv64,10000,97531,equal,8,ska_sort_copy,0.177041
kv64,10000,97531,equal,8,radixkit,0.001917
kv64,10000,97531,equal,8,std_sort,0.0095
kv64,10000,97531,ascending,0,ska_sort,0.201125
kv64,10000,97531,ascending,0,ska_sort_copy,0.198667
kv64,10000,97531,ascending,0,radixkit,0.006208
kv64,10000,97531,ascending,0,std_sort,0.009541
kv64,10000,97531,ascending,1,ska_sort_copy,0.199
kv64,10000,97531,ascending,1,radixkit,0.006208
kv64,10000,97531,ascending,1,std_sort,0.009459
kv64,10000,97531,ascending,1,ska_sort,0.197792
kv64,10000,97531,ascending,2,radixkit,0.00625
kv64,10000,97531,ascending,2,std_sort,0.0095
kv64,10000,97531,ascending,2,ska_sort,0.197916
kv64,10000,97531,ascending,2,ska_sort_copy,0.198375
kv64,10000,97531,ascending,3,std_sort,0.0095
kv64,10000,97531,ascending,3,ska_sort,0.199083
kv64,10000,97531,ascending,3,ska_sort_copy,0.199041
kv64,10000,97531,ascending,3,radixkit,0.006209
kv64,10000,97531,ascending,4,ska_sort,0.198042
kv64,10000,97531,ascending,4,ska_sort_copy,0.198917
kv64,10000,97531,ascending,4,radixkit,0.00625
kv64,10000,97531,ascending,4,std_sort,0.0095
kv64,10000,97531,ascending,5,ska_sort_copy,0.199625
kv64,10000,97531,ascending,5,radixkit,0.006167
kv64,10000,97531,ascending,5,std_sort,0.009541
kv64,10000,97531,ascending,5,ska_sort,0.197667
kv64,10000,97531,ascending,6,radixkit,0.00625
kv64,10000,97531,ascending,6,std_sort,0.009542
kv64,10000,97531,ascending,6,ska_sort,0.197833
kv64,10000,97531,ascending,6,ska_sort_copy,0.200208
kv64,10000,97531,ascending,7,std_sort,0.009458
kv64,10000,97531,ascending,7,ska_sort,0.198125
kv64,10000,97531,ascending,7,ska_sort_copy,0.203
kv64,10000,97531,ascending,7,radixkit,0.006583
kv64,10000,97531,ascending,8,ska_sort,0.290166
kv64,10000,97531,ascending,8,ska_sort_copy,0.362083
kv64,10000,97531,ascending,8,radixkit,0.006791
kv64,10000,97531,ascending,8,std_sort,0.016958
kv64,10000,97531,descending,0,ska_sort,0.215791
kv64,10000,97531,descending,0,ska_sort_copy,0.227791
kv64,10000,97531,descending,0,radixkit,0.008708
kv64,10000,97531,descending,0,std_sort,0.029833
kv64,10000,97531,descending,1,ska_sort_copy,0.229084
kv64,10000,97531,descending,1,radixkit,0.009041
kv64,10000,97531,descending,1,std_sort,0.014167
kv64,10000,97531,descending,1,ska_sort,0.217542
kv64,10000,97531,descending,2,radixkit,0.009375
kv64,10000,97531,descending,2,std_sort,0.014083
kv64,10000,97531,descending,2,ska_sort,0.217833
kv64,10000,97531,descending,2,ska_sort_copy,0.227916
kv64,10000,97531,descending,3,std_sort,0.014666
kv64,10000,97531,descending,3,ska_sort,0.219042
kv64,10000,97531,descending,3,ska_sort_copy,0.222375
kv64,10000,97531,descending,3,radixkit,0.009125
kv64,10000,97531,descending,4,ska_sort,0.220125
kv64,10000,97531,descending,4,ska_sort_copy,0.244167
kv64,10000,97531,descending,4,radixkit,0.009292
kv64,10000,97531,descending,4,std_sort,0.017291
kv64,10000,97531,descending,5,ska_sort_copy,0.224958
kv64,10000,97531,descending,5,radixkit,0.009042
kv64,10000,97531,descending,5,std_sort,0.014708
kv64,10000,97531,descending,5,ska_sort,0.212208
kv64,10000,97531,descending,6,radixkit,0.00875
kv64,10000,97531,descending,6,std_sort,0.013667
kv64,10000,97531,descending,6,ska_sort,0.220875
kv64,10000,97531,descending,6,ska_sort_copy,0.222417
kv64,10000,97531,descending,7,std_sort,0.013625
kv64,10000,97531,descending,7,ska_sort,0.21225
kv64,10000,97531,descending,7,ska_sort_copy,0.213792
kv64,10000,97531,descending,7,radixkit,0.008666
kv64,10000,97531,descending,8,ska_sort,0.210167
kv64,10000,97531,descending,8,ska_sort_copy,0.211583
kv64,10000,97531,descending,8,radixkit,0.008709
kv64,10000,97531,descending,8,std_sort,0.013583
kv64,10000,97531,sparse8,0,ska_sort,0.44125
kv64,10000,97531,sparse8,0,ska_sort_copy,0.438666
kv64,10000,97531,sparse8,0,radixkit,0.131875
kv64,10000,97531,sparse8,0,std_sort,0.238292
kv64,10000,97531,sparse8,1,ska_sort_copy,0.436
kv64,10000,97531,sparse8,1,radixkit,0.151625
kv64,10000,97531,sparse8,1,std_sort,0.252
kv64,10000,97531,sparse8,1,ska_sort,0.493375
kv64,10000,97531,sparse8,2,radixkit,0.131583
kv64,10000,97531,sparse8,2,std_sort,0.241625
kv64,10000,97531,sparse8,2,ska_sort,0.450042
kv64,10000,97531,sparse8,2,ska_sort_copy,0.443208
kv64,10000,97531,sparse8,3,std_sort,0.235958
kv64,10000,97531,sparse8,3,ska_sort,0.442291
kv64,10000,97531,sparse8,3,ska_sort_copy,0.43
kv64,10000,97531,sparse8,3,radixkit,0.130083
kv64,10000,97531,sparse8,4,ska_sort,0.431
kv64,10000,97531,sparse8,4,ska_sort_copy,0.441334
kv64,10000,97531,sparse8,4,radixkit,0.130708
kv64,10000,97531,sparse8,4,std_sort,0.237375
kv64,10000,97531,sparse8,5,ska_sort_copy,0.426583
kv64,10000,97531,sparse8,5,radixkit,0.129208
kv64,10000,97531,sparse8,5,std_sort,0.232834
kv64,10000,97531,sparse8,5,ska_sort,0.427291
kv64,10000,97531,sparse8,6,radixkit,0.136209
kv64,10000,97531,sparse8,6,std_sort,0.346334
kv64,10000,97531,sparse8,6,ska_sort,0.615
kv64,10000,97531,sparse8,6,ska_sort_copy,0.565042
kv64,10000,97531,sparse8,7,std_sort,0.253625
kv64,10000,97531,sparse8,7,ska_sort,0.471292
kv64,10000,97531,sparse8,7,ska_sort_copy,0.448875
kv64,10000,97531,sparse8,7,radixkit,0.137417
kv64,10000,97531,sparse8,8,ska_sort,0.447625
kv64,10000,97531,sparse8,8,ska_sort_copy,0.44075
kv64,10000,97531,sparse8,8,radixkit,0.133791
kv64,10000,97531,sparse8,8,std_sort,0.299625
kv64,10000,97531,nearly_sorted,0,ska_sort,0.222292
kv64,10000,97531,nearly_sorted,0,ska_sort_copy,0.234208
kv64,10000,97531,nearly_sorted,0,radixkit,0.047875
kv64,10000,97531,nearly_sorted,0,std_sort,0.035666
kv64,10000,97531,nearly_sorted,1,ska_sort_copy,0.225292
kv64,10000,97531,nearly_sorted,1,radixkit,0.047625
kv64,10000,97531,nearly_sorted,1,std_sort,0.035916
kv64,10000,97531,nearly_sorted,1,ska_sort,0.222125
kv64,10000,97531,nearly_sorted,2,radixkit,0.0475
kv64,10000,97531,nearly_sorted,2,std_sort,0.035625
kv64,10000,97531,nearly_sorted,2,ska_sort,0.222125
kv64,10000,97531,nearly_sorted,2,ska_sort_copy,0.221292
kv64,10000,97531,nearly_sorted,3,std_sort,0.035292
kv64,10000,97531,nearly_sorted,3,ska_sort,0.22225
kv64,10000,97531,nearly_sorted,3,ska_sort_copy,0.222125
kv64,10000,97531,nearly_sorted,3,radixkit,0.047375
kv64,10000,97531,nearly_sorted,4,ska_sort,0.221916
kv64,10000,97531,nearly_sorted,4,ska_sort_copy,0.223709
kv64,10000,97531,nearly_sorted,4,radixkit,0.047375
kv64,10000,97531,nearly_sorted,4,std_sort,0.035166
kv64,10000,97531,nearly_sorted,5,ska_sort_copy,0.221375
kv64,10000,97531,nearly_sorted,5,radixkit,0.047584
kv64,10000,97531,nearly_sorted,5,std_sort,0.035375
kv64,10000,97531,nearly_sorted,5,ska_sort,0.221667
kv64,10000,97531,nearly_sorted,6,radixkit,0.047583
kv64,10000,97531,nearly_sorted,6,std_sort,0.035459
kv64,10000,97531,nearly_sorted,6,ska_sort,0.222541
kv64,10000,97531,nearly_sorted,6,ska_sort_copy,0.221667
kv64,10000,97531,nearly_sorted,7,std_sort,0.035041
kv64,10000,97531,nearly_sorted,7,ska_sort,0.220667
kv64,10000,97531,nearly_sorted,7,ska_sort_copy,0.235
kv64,10000,97531,nearly_sorted,7,radixkit,0.0505
kv64,10000,97531,nearly_sorted,8,ska_sort,0.237625
kv64,10000,97531,nearly_sorted,8,ska_sort_copy,0.224792
kv64,10000,97531,nearly_sorted,8,radixkit,0.04775
kv64,10000,97531,nearly_sorted,8,std_sort,0.038875
u32,100000,13579,uniform,0,ska_sort,1.429792
u32,100000,13579,uniform,0,ska_sort_copy,0.395667
u32,100000,13579,uniform,0,radixkit,0.259
u32,100000,13579,uniform,0,adaptive,0.253459
u32,100000,13579,uniform,0,std_sort,1.9135
u32,100000,13579,uniform,1,ska_sort_copy,0.4055
u32,100000,13579,uniform,1,radixkit,0.416166
u32,100000,13579,uniform,1,adaptive,0.293125
u32,100000,13579,uniform,1,std_sort,1.92275
u32,100000,13579,uniform,1,ska_sort,1.472417
u32,100000,13579,uniform,2,radixkit,0.280292
u32,100000,13579,uniform,2,adaptive,0.261041
u32,100000,13579,uniform,2,std_sort,1.853541
u32,100000,13579,uniform,2,ska_sort,1.396041
u32,100000,13579,uniform,2,ska_sort_copy,0.361333
u32,100000,13579,uniform,3,adaptive,0.245875
u32,100000,13579,uniform,3,std_sort,1.831166
u32,100000,13579,uniform,3,ska_sort,1.365833
u32,100000,13579,uniform,3,ska_sort_copy,0.359375
u32,100000,13579,uniform,3,radixkit,0.243334
u32,100000,13579,uniform,4,std_sort,1.845042
u32,100000,13579,uniform,4,ska_sort,1.358417
u32,100000,13579,uniform,4,ska_sort_copy,0.484083
u32,100000,13579,uniform,4,radixkit,0.273875
u32,100000,13579,uniform,4,adaptive,0.265417
u32,100000,13579,uniform,5,ska_sort,1.469167
u32,100000,13579,uniform,5,ska_sort_copy,0.389125
u32,100000,13579,uniform,5,radixkit,0.243875
u32,100000,13579,uniform,5,adaptive,0.246667
u32,100000,13579,uniform,5,std_sort,1.892125
u32,100000,13579,uniform,6,ska_sort_copy,0.379083
u32,100000,13579,uniform,6,radixkit,0.247083
u32,100000,13579,uniform,6,adaptive,0.245167
u32,100000,13579,uniform,6,std_sort,1.829
u32,100000,13579,uniform,6,ska_sort,1.381916
u32,100000,13579,uniform,7,radixkit,0.245792
u32,100000,13579,uniform,7,adaptive,0.2435
u32,100000,13579,uniform,7,std_sort,1.83925
u32,100000,13579,uniform,7,ska_sort,1.404334
u32,100000,13579,uniform,7,ska_sort_copy,0.364292
u32,100000,13579,uniform,8,adaptive,0.243125
u32,100000,13579,uniform,8,std_sort,1.837667
u32,100000,13579,uniform,8,ska_sort,1.611583
u32,100000,13579,uniform,8,ska_sort_copy,0.378
u32,100000,13579,uniform,8,radixkit,0.264209
u32,100000,13579,uniform16,0,ska_sort,1.196792
u32,100000,13579,uniform16,0,ska_sort_copy,0.794792
u32,100000,13579,uniform16,0,radixkit,0.184959
u32,100000,13579,uniform16,0,adaptive,0.185291
u32,100000,13579,uniform16,0,std_sort,1.899042
u32,100000,13579,uniform16,1,ska_sort_copy,0.860834
u32,100000,13579,uniform16,1,radixkit,0.198417
u32,100000,13579,uniform16,1,adaptive,0.185125
u32,100000,13579,uniform16,1,std_sort,1.831542
u32,100000,13579,uniform16,1,ska_sort,1.229209
u32,100000,13579,uniform16,2,radixkit,0.185084
u32,100000,13579,uniform16,2,adaptive,0.194584
u32,100000,13579,uniform16,2,std_sort,1.8055
u32,100000,13579,uniform16,2,ska_sort,1.223583
u32,100000,13579,uniform16,2,ska_sort_copy,0.771458
u32,100000,13579,uniform16,3,adaptive,0.185042
u32,100000,13579,uniform16,3,std_sort,1.796625
u32,100000,13579,uniform16,3,ska_sort,1.213209
u32,100000,13579,uniform16,3,ska_sort_copy,0.77125
u32,100000,13579,uniform16,3,radixkit,0.184834
u32,100000,13579,uniform16,4,std_sort,1.832042
u32,100000,13579,uniform16,4,ska_sort,1.209417
u32,100000,13579,uniform16,4,ska_sort_copy,0.773333
u32,100000,13579,uniform16,4,radixkit,0.259292
u32,100000,13579,uniform16,4,adaptive,0.199708
u32,100000,13579,uniform16,5,ska_sort,1.307208
u32,100000,13579,uniform16,5,ska_sort_copy,0.79275
u32,100000,13579,uniform16,5,radixkit,0.187333
u32,100000,13579,uniform16,5,adaptive,0.185208
u32,100000,13579,uniform16,5,std_sort,1.872542
u32,100000,13579,uniform16,6,ska_sort_copy,0.770834
u32,100000,13579,uniform16,6,radixkit,0.187708
u32,100000,13579,uniform16,6,adaptive,0.185083
u32,100000,13579,uniform16,6,std_sort,1.811833
u32,100000,13579,uniform16,6,ska_sort,1.210708
u32,100000,13579,uniform16,7,radixkit,0.185
u32,100000,13579,uniform16,7,adaptive,0.184792
u32,100000,13579,uniform16,7,std_sort,1.794375
u32,100000,13579,uniform16,7,ska_sort,1.208458
u32,100000,13579,uniform16,7,ska_sort_copy,0.797833
u32,100000,13579,uniform16,8,adaptive,0.191
u32,100000,13579,uniform16,8,std_sort,1.7925
u32,100000,13579,uniform16,8,ska_sort,1.412959
u32,100000,13579,uniform16,8,ska_sort_copy,0.797916
u32,100000,13579,uniform16,8,radixkit,0.186666
u32,100000,13579,zeros99,0,ska_sort,1.259916
u32,100000,13579,zeros99,0,ska_sort_copy,1.074959
u32,100000,13579,zeros99,0,radixkit,0.270792
u32,100000,13579,zeros99,0,adaptive,0.044
u32,100000,13579,zeros99,0,std_sort,0.08225
u32,100000,13579,zeros99,1,ska_sort_copy,1.072625
u32,100000,13579,zeros99,1,radixkit,0.274917
u32,100000,13579,zeros99,1,adaptive,0.038458
u32,100000,13579,zeros99,1,std_sort,0.078
u32,100000,13579,zeros99,1,ska_sort,1.275292
u32,100000,13579,zeros99,2,radixkit,0.271
u32,100000,13579,zeros99,2,adaptive,0.038166
u32,100000,13579,zeros99,2,std_sort,0.076375
u32,100000,13579,zeros99,2,ska_sort,1.281083
u32,100000,13579,zeros99,2,ska_sort_copy,1.16875
u32,100000,13579,zeros99,3,adaptive,0.051834
u32,100000,13579,zeros99,3,std_sort,0.089458
u32,100000,13579,zeros99,3,ska_sort,1.293
u32,100000,13579,zeros99,3,ska_sort_copy,1.105625
u32,100000,13579,zeros99,3,radixkit,0.272042
u32,100000,13579,zeros99,4,std_sort,0.081917
u32,100000,13579,zeros99,4,ska_sort,1.255875
u32,100000,13579,zeros99,4,ska_sort_copy,1.074583
u32,100000,13579,zeros99,4,radixkit,0.270084
u32,100000,13579,zeros99,4,adaptive,0.043625
u32,100000,13579,zeros99,5,ska_sort,1.300583
u32,100000,13579,zeros99,5,ska_sort_copy,1.0745
u32,100000,13579,zeros99,5,radixkit,0.269792
u32,100000,13579,zeros99,5,adaptive,0.03825
u32,100000,13579,zeros99,5,std_sort,0.078
u32,100000,13579,zeros99,6,ska_sort_copy,1.072167
u32,100000,13579,zeros99,6,radixkit,0.270958
u32,100000,13579,zeros99,6,adaptive,0.038291
u32,100000,13579,zeros99,6,std_sort,0.076375
u32,100000,13579,zeros99,6,ska_sort,1.280625
u32,100000,13579,zeros99,7,radixkit,0.273083
u32,100000,13579,zeros99,7,adaptive,0.038125
u32,100000,13579,zeros99,7,std_sort,0.07575
u32,100000,13579,zeros99,7,ska_sort,1.258208
u32,100000,13579,zeros99,7,ska_sort_copy,1.200166
u32,100000,13579,zeros99,8,adaptive,0.055041
u32,100000,13579,zeros99,8,std_sort,0.082
u32,100000,13579,zeros99,8,ska_sort,1.307958
u32,100000,13579,zeros99,8,ska_sort_copy,1.11775
u32,100000,13579,zeros99,8,radixkit,0.270208
u32,100000,13579,equal,0,ska_sort,0.856
u32,100000,13579,equal,0,ska_sort_copy,1.080292
u32,100000,13579,equal,0,radixkit,0.115583
u32,100000,13579,equal,0,adaptive,0.004708
u32,100000,13579,equal,0,std_sort,0.124917
u32,100000,13579,equal,1,ska_sort_copy,1.065708
u32,100000,13579,equal,1,radixkit,0.11675
u32,100000,13579,equal,1,adaptive,0.004708
u32,100000,13579,equal,1,std_sort,0.124917
u32,100000,13579,equal,1,ska_sort,0.850208
u32,100000,13579,equal,2,radixkit,0.114833
u32,100000,13579,equal,2,adaptive,0.00475
u32,100000,13579,equal,2,std_sort,0.125125
u32,100000,13579,equal,2,ska_sort,0.8585
u32,100000,13579,equal,2,ska_sort_copy,1.066459
u32,100000,13579,equal,3,adaptive,0.00475
u32,100000,13579,equal,3,std_sort,0.124917
u32,100000,13579,equal,3,ska_sort,0.858458
u32,100000,13579,equal,3,ska_sort_copy,1.087958
u32,100000,13579,equal,3,radixkit,0.114625
u32,100000,13579,equal,4,std_sort,0.134083
u32,100000,13579,equal,4,ska_sort,1.115541
u32,100000,13579,equal,4,ska_sort_copy,1.082375
u32,100000,13579,equal,4,radixkit,0.114917
u32,100000,13579,equal,4,adaptive,0.005041
u32,100000,13579,equal,5,ska_sort,0.875375
u32,100000,13579,equal,5,ska_sort_copy,1.084417
u32,100000,13579,equal,5,radixkit,0.114833
u32,100000,13579,equal,5,adaptive,0.004709
u32,100000,13579,equal,5,std_sort,0.135125
u32,100000,13579,equal,6,ska_sort_copy,1.100166
u32,100000,13579,equal,6,radixkit,0.11475
u32,100000,13579,equal,6,adaptive,0.00475
u32,100000,13579,equal,6,std_sort,0.125
u32,100000,13579,equal,6,ska_sort,0.858375
u32,100000,13579,equal,7,radixkit,0.114709
u32,100000,13579,equal,7,adaptive,0.00475
u32,100000,13579,equal,7,std_sort,0.124916
u32,100000,13579,equal,7,ska_sort,0.857042
u32,100000,13579,equal,7,ska_sort_copy,1.084334
u32,100000,13579,equal,8,adaptive,0.004834
u32,100000,13579,equal,8,std_sort,0.124917
u32,100000,13579,equal,8,ska_sort,0.860042
u32,100000,13579,equal,8,ska_sort_copy,1.067834
u32,100000,13579,equal,8,radixkit,0.114792
u32,100000,13579,ascending,0,ska_sort,1.36325
u32,100000,13579,ascending,0,ska_sort_copy,0.752334
u32,100000,13579,ascending,0,radixkit,0.751666
u32,100000,13579,ascending,0,adaptive,0.041417
u32,100000,13579,ascending,0,std_sort,0.100917
u32,100000,13579,ascending,1,ska_sort_copy,0.801541
u32,100000,13579,ascending,1,radixkit,0.66075
u32,100000,13579,ascending,1,adaptive,0.031542
u32,100000,13579,ascending,1,std_sort,0.093875
u32,100000,13579,ascending,1,ska_sort,1.373083
u32,100000,13579,ascending,2,radixkit,0.678
u32,100000,13579,ascending,2,adaptive,0.031417
u32,100000,13579,ascending,2,std_sort,0.093917
u32,100000,13579,ascending,2,ska_sort,1.343667
u32,100000,13579,ascending,2,ska_sort_copy,0.728125
u32,100000,13579,ascending,3,adaptive,0.03275
u32,100000,13579,ascending,3,std_sort,0.1085
u32,100000,13579,ascending,3,ska_sort,1.352709
u32,100000,13579,ascending,3,ska_sort_copy,0.727416
u32,100000,13579,ascending,3,radixkit,0.659042
u32,100000,13579,ascending,4,std_sort,0.093917
u32,100000,13579,ascending,4,ska_sort,1.339708
u32,100000,13579,ascending,4,ska_sort_copy,0.727583
u32,100000,13579,ascending,4,radixkit,0.663584
u32,100000,13579,ascending,4,adaptive,0.031333
u32,100000,13579,ascending,5,ska_sort,1.361
u32,100000,13579,ascending,5,ska_sort_copy,0.7305
u32,100000,13579,ascending,5,radixkit,0.654833
u32,100000,13579,ascending,5,adaptive,0.031417
u32,100000,13579,ascending,5,std_sort,0.093709
u32,100000,13579,ascending,6,ska_sort_copy,0.993041
u32,100000,13579,ascending,6,radixkit,0.670166
u32,100000,13579,ascending,6,adaptive,0.03175
u32,100000,13579,ascending,6,std_sort,0.094167
u32,100000,13579,ascending,6,ska_sort,1.365583
u32,100000,13579,ascending,7,radixkit,0.696666
u32,100000,13579,ascending,7,adaptive,0.031334
u32,100000,13579,ascending,7,std_sort,0.09375
u32,100000,13579,ascending,7,ska_sort,1.359958
u32,100000,13579,ascending,7,ska_sort_copy,0.728458
u32,100000,13579,ascending,8,adaptive,0.031334
u32,100000,13579,ascending,8,std_sort,0.093792
u32,100000,13579,ascending,8,ska_sort,1.356708
u32,100000,13579,ascending,8,ska_sort_copy,0.727583
u32,100000,13579,ascending,8,radixkit,0.647333
u32,100000,13579,descending,0,ska_sort,1.398667
u32,100000,13579,descending,0,ska_sort_copy,0.73075
u32,100000,13579,descending,0,radixkit,0.652541
u32,100000,13579,descending,0,adaptive,0.049792
u32,100000,13579,descending,0,std_sort,0.165333
u32,100000,13579,descending,1,ska_sort_copy,0.838083
u32,100000,13579,descending,1,radixkit,0.722292
u32,100000,13579,descending,1,adaptive,0.054375
u32,100000,13579,descending,1,std_sort,0.172167
u32,100000,13579,descending,1,ska_sort,1.42625
u32,100000,13579,descending,2,radixkit,0.68425
u32,100000,13579,descending,2,adaptive,0.049917
u32,100000,13579,descending,2,std_sort,0.163
u32,100000,13579,descending,2,ska_sort,1.41975
u32,100000,13579,descending,2,ska_sort_copy,0.726375
u32,100000,13579,descending,3,adaptive,0.05
u32,100000,13579,descending,3,std_sort,0.162583
u32,100000,13579,descending,3,ska_sort,1.393583
u32,100000,13579,descending,3,ska_sort_copy,0.726
u32,100000,13579,descending,3,radixkit,0.635458
u32,100000,13579,descending,4,std_sort,0.162542
u32,100000,13579,descending,4,ska_sort,1.39025
u32,100000,13579,descending,4,ska_sort_copy,0.726
u32,100000,13579,descending,4,radixkit,0.651042
u32,100000,13579,descending,4,adaptive,0.049958
u32,100000,13579,descending,5,ska_sort,1.415
u32,100000,13579,descending,5,ska_sort_copy,0.736625
u32,100000,13579,descending,5,radixkit,0.6335
u32,100000,13579,descending,5,adaptive,0.050042
u32,100000,13579,descending,5,std_sort,0.162458
u32,100000,13579,descending,6,ska_sort_copy,0.75375
u32,100000,13579,descending,6,radixkit,0.874042
u32,100000,13579,descending,6,adaptive,0.050167
u32,100000,13579,descending,6,std_sort,0.165917
u32,100000,13579,descending,6,ska_sort,1.418541
u32,100000,13579,descending,7,radixkit,0.663542
u32,100000,13579,descending,7,adaptive,0.049959
u32,100000,13579,descending,7,std_sort,0.162459
u32,100000,13579,descending,7,ska_sort,1.459916
u32,100000,13579,descending,7,ska_sort_copy,0.7405
u32,100000,13579,descending,8,adaptive,0.049791
u32,100000,13579,descending,8,std_sort,0.167666
u32,100000,13579,descending,8,ska_sort,1.415167
u32,100000,13579,descending,8,ska_sort_copy,0.728375
u32,100000,13579,descending,8,radixkit,0.659542
u32,100000,13579,sparse8,0,ska_sort,0.957459
u32,100000,13579,sparse8,0,ska_sort_copy,0.743458
u32,100000,13579,sparse8,0,radixkit,0.336959
u32,100000,13579,sparse8,0,adaptive,0.1065
u32,100000,13579,sparse8,0,std_sort,0.827833
u32,100000,13579,sparse8,1,ska_sort_copy,0.630625
u32,100000,13579,sparse8,1,radixkit,0.31775
u32,100000,13579,sparse8,1,adaptive,0.10225
u32,100000,13579,sparse8,1,std_sort,0.802917
u32,100000,13579,sparse8,1,ska_sort,0.9995
u32,100000,13579,sparse8,2,radixkit,0.329583
u32,100000,13579,sparse8,2,adaptive,0.101875
u32,100000,13579,sparse8,2,std_sort,0.794334
u32,100000,13579,sparse8,2,ska_sort,0.957666
u32,100000,13579,sparse8,2,ska_sort_copy,0.644833
u32,100000,13579,sparse8,3,adaptive,0.101792
u32,100000,13579,sparse8,3,std_sort,0.787584
u32,100000,13579,sparse8,3,ska_sort,0.95275
u32,100000,13579,sparse8,3,ska_sort_copy,0.62975
u32,100000,13579,sparse8,3,radixkit,0.319333
u32,100000,13579,sparse8,4,std_sort,0.785709
u32,100000,13579,sparse8,4,ska_sort,0.953792
u32,100000,13579,sparse8,4,ska_sort_copy,0.653042
u32,100000,13579,sparse8,4,radixkit,0.331584
u32,100000,13579,sparse8,4,adaptive,0.101666
u32,100000,13579,sparse8,5,ska_sort,0.9595
u32,100000,13579,sparse8,5,ska_sort_copy,0.626958
u32,100000,13579,sparse8,5,radixkit,0.325208
u32,100000,13579,sparse8,5,adaptive,0.101791
u32,100000,13579,sparse8,5,std_sort,0.869542
u32,100000,13579,sparse8,6,ska_sort_copy,0.673958
u32,100000,13579,sparse8,6,radixkit,0.352833
u32,100000,13579,sparse8,6,adaptive,0.107667
u32,100000,13579,sparse8,6,std_sort,0.820666
u32,100000,13579,sparse8,6,ska_sort,0.962
u32,100000,13579,sparse8,7,radixkit,0.321084
u32,100000,13579,sparse8,7,adaptive,0.113083
u32,100000,13579,sparse8,7,std_sort,0.832584
u32,100000,13579,sparse8,7,ska_sort,0.982292
u32,100000,13579,sparse8,7,ska_sort_copy,0.628833
u32,100000,13579,sparse8,8,adaptive,0.102
u32,100000,13579,sparse8,8,std_sort,0.824667
u32,100000,13579,sparse8,8,ska_sort,0.95975
u32,100000,13579,sparse8,8,ska_sort_copy,0.627417
u32,100000,13579,sparse8,8,radixkit,0.318375
u32,100000,13579,nearly_sorted,0,ska_sort,1.633667
u32,100000,13579,nearly_sorted,0,ska_sort_copy,0.890208
u32,100000,13579,nearly_sorted,0,radixkit,0.693625
u32,100000,13579,nearly_sorted,0,adaptive,0.655458
u32,100000,13579,nearly_sorted,0,std_sort,0.278459
u32,100000,13579,nearly_sorted,1,ska_sort_copy,0.73975
u32,100000,13579,nearly_sorted,1,radixkit,0.666292
u32,100000,13579,nearly_sorted,1,adaptive,0.68
u32,100000,13579,nearly_sorted,1,std_sort,0.272042
u32,100000,13579,nearly_sorted,1,ska_sort,1.636
u32,100000,13579,nearly_sorted,2,radixkit,0.650666
u32,100000,13579,nearly_sorted,2,adaptive,0.66625
u32,100000,13579,nearly_sorted,2,std_sort,0.27175
u32,100000,13579,nearly_sorted,2,ska_sort,1.621125
u32,100000,13579,nearly_sorted,2,ska_sort_copy,0.727667
u32,100000,13579,nearly_sorted,3,adaptive,0.634917
u32,100000,13579,nearly_sorted,3,std_sort,0.271791
u32,100000,13579,nearly_sorted,3,ska_sort,1.626208
u32,100000,13579,nearly_sorted,3,ska_sort_copy,0.755292
u32,100000,13579,nearly_sorted,3,radixkit,0.650709
u32,100000,13579,nearly_sorted,4,std_sort,0.273792
u32,100000,13579,nearly_sorted,4,ska_sort,1.7915
u32,100000,13579,nearly_sorted,4,ska_sort_copy,0.798
u32,100000,13579,nearly_sorted,4,radixkit,0.666458
u32,100000,13579,nearly_sorted,4,adaptive,0.662125
u32,100000,13579,nearly_sorted,5,ska_sort,1.647667
u32,100000,13579,nearly_sorted,5,ska_sort_copy,0.747875
u32,100000,13579,nearly_sorted,5,radixkit,0.677417
u32,100000,13579,nearly_sorted,5,adaptive,0.659417
u32,100000,13579,nearly_sorted,5,std_sort,0.275
u32,100000,13579,nearly_sorted,6,ska_sort_copy,0.731625
u32,100000,13579,nearly_sorted,6,radixkit,0.673083
u32,100000,13579,nearly_sorted,6,adaptive,0.658708
u32,100000,13579,nearly_sorted,6,std_sort,0.272625
u32,100000,13579,nearly_sorted,6,ska_sort,1.635042
u32,100000,13579,nearly_sorted,7,radixkit,0.646334
u32,100000,13579,nearly_sorted,7,adaptive,0.64975
u32,100000,13579,nearly_sorted,7,std_sort,0.271916
u32,100000,13579,nearly_sorted,7,ska_sort,1.635917
u32,100000,13579,nearly_sorted,7,ska_sort_copy,0.754625
u32,100000,13579,nearly_sorted,8,adaptive,0.652125
u32,100000,13579,nearly_sorted,8,std_sort,0.418791
u32,100000,13579,nearly_sorted,8,ska_sort,1.693375
u32,100000,13579,nearly_sorted,8,ska_sort_copy,0.750167
u32,100000,13579,nearly_sorted,8,radixkit,0.652541
u64,100000,13579,uniform,0,ska_sort,1.37825
u64,100000,13579,uniform,0,ska_sort_copy,1.360625
u64,100000,13579,uniform,0,radixkit,0.548417
u64,100000,13579,uniform,0,adaptive,0.53725
u64,100000,13579,uniform,0,std_sort,1.936833
u64,100000,13579,uniform,1,ska_sort_copy,1.393375
u64,100000,13579,uniform,1,radixkit,0.497542
u64,100000,13579,uniform,1,adaptive,0.499208
u64,100000,13579,uniform,1,std_sort,1.883209
u64,100000,13579,uniform,1,ska_sort,1.390125
u64,100000,13579,uniform,2,radixkit,0.49675
u64,100000,13579,uniform,2,adaptive,0.499
u64,100000,13579,uniform,2,std_sort,1.878417
u64,100000,13579,uniform,2,ska_sort,1.378916
u64,100000,13579,uniform,2,ska_sort_copy,1.394167
u64,100000,13579,uniform,3,adaptive,0.500167
u64,100000,13579,uniform,3,std_sort,2.106541
u64,100000,13579,uniform,3,ska_sort,1.53025
u64,100000,13579,uniform,3,ska_sort_copy,1.415625
u64,100000,13579,uniform,3,radixkit,0.533292
u64,100000,13579,uniform,4,std_sort,1.903
u64,100000,13579,uniform,4,ska_sort,1.399042
u64,100000,13579,uniform,4,ska_sort_copy,1.360666
u64,100000,13579,uniform,4,radixkit,0.496791
u64,100000,13579,uniform,4,adaptive,0.499083
u64,100000,13579,uniform,5,ska_sort,1.355917
u64,100000,13579,uniform,5,ska_sort_copy,1.366458
u64,100000,13579,uniform,5,radixkit,0.513375
u64,100000,13579,uniform,5,adaptive,0.498667
u64,100000,13579,uniform,5,std_sort,1.905209
u64,100000,13579,uniform,6,ska_sort_copy,1.675542
u64,100000,13579,uniform,6,radixkit,0.542667
u64,100000,13579,uniform,6,adaptive,0.513416
u64,100000,13579,uniform,6,std_sort,1.912875
u64,100000,13579,uniform,6,ska_sort,1.380333
u64,100000,13579,uniform,7,radixkit,0.507292
u64,100000,13579,uniform,7,adaptive,0.496042
u64,100000,13579,uniform,7,std_sort,1.90175
u64,100000,13579,uniform,7,ska_sort,1.379292
u64,100000,13579,uniform,7,ska_sort_copy,1.360709
u64,100000,13579,uniform,8,adaptive,0.496208
u64,100000,13579,uniform,8,std_sort,1.905041
u64,100000,13579,uniform,8,ska_sort,1.383333
u64,100000,13579,uniform,8,ska_sort_copy,1.49675
u64,100000,13579,uniform,8,radixkit,0.597333
u64,100000,13579,uniform16,0,ska_sort,2.088333
u64,100000,13579,uniform16,0,ska_sort_copy,2.33025
u64,100000,13579,uniform16,0,radixkit,0.387042
u64,100000,13579,uniform16,0,adaptive,0.35575
u64,100000,13579,uniform16,0,std_sort,1.913
u64,100000,13579,uniform16,1,ska_sort_copy,2.132209
u64,100000,13579,uniform16,1,radixkit,0.348
u64,100000,13579,uniform16,1,adaptive,0.347667
u64,100000,13579,uniform16,1,std_sort,1.887666
u64,100000,13579,uniform16,1,ska_sort,2.217
u64,100000,13579,uniform16,2,radixkit,0.39775
u64,100000,13579,uniform16,2,adaptive,0.420792
u64,100000,13579,uniform16,2,std_sort,2.014375
u64,100000,13579,uniform16,2,ska_sort,2.206
u64,100000,13579,uniform16,2,ska_sort_copy,2.418459
u64,100000,13579,uniform16,3,adaptive,0.428875
u64,100000,13579,uniform16,3,std_sort,2.182125
u64,100000,13579,uniform16,3,ska_sort,2.146292
u64,100000,13579,uniform16,3,ska_sort_copy,2.093834
u64,100000,13579,uniform16,3,radixkit,0.382125
u64,100000,13579,uniform16,4,std_sort,1.880375
u64,100000,13579,uniform16,4,ska_sort,2.092041
u64,100000,13579,uniform16,4,ska_sort_copy,2.090625
u64,100000,13579,uniform16,4,radixkit,0.348209
u64,100000,13579,uniform16,4,adaptive,0.361542
u64,100000,13579,uniform16,5,ska_sort,2.241958
u64,100000,13579,uniform16,5,ska_sort_copy,2.087542
u64,100000,13579,uniform16,5,radixkit,0.392875
u64,100000,13579,uniform16,5,adaptive,0.360833
u64,100000,13579,uniform16,5,std_sort,1.886916
u64,100000,13579,uniform16,6,ska_sort_copy,2.085208
u64,100000,13579,uniform16,6,radixkit,0.348625
u64,100000,13579,uniform16,6,adaptive,0.348167
u64,100000,13579,uniform16,6,std_sort,1.877875
u64,100000,13579,uniform16,6,ska_sort,2.087584
u64,100000,13579,uniform16,7,radixkit,0.358292
u64,100000,13579,uniform16,7,adaptive,0.349458
u64,100000,13579,uniform16,7,std_sort,2.131291
u64,100000,13579,uniform16,7,ska_sort,2.098125
u64,100000,13579,uniform16,7,ska_sort_copy,2.095542
u64,100000,13579,uniform16,8,adaptive,0.400208
u64,100000,13579,uniform16,8,std_sort,1.901292
u64,100000,13579,uniform16,8,ska_sort,2.100166
u64,100000,13579,uniform16,8,ska_sort_copy,2.083334
u64,100000,13579,uniform16,8,radixkit,0.348458
u64,100000,13579,zeros99,0,ska_sort,2.151084
u64,100000,13579,zeros99,0,ska_sort_copy,2.13825
u64,100000,13579,zeros99,0,radixkit,0.041625
u64,100000,13579,zeros99,0,adaptive,0.041416
u64,100000,13579,zeros99,0,std_sort,0.09075
u64,100000,13579,zeros99,1,ska_sort_copy,2.105833
u64,100000,13579,zeros99,1,radixkit,0.041333
u64,100000,13579,zeros99,1,adaptive,0.041375
u64,100000,13579,zeros99,1,std_sort,0.087375
u64,100000,13579,zeros99,1,ska_sort,2.129791
u64,100000,13579,zeros99,2,radixkit,0.041334
u64,100000,13579,zeros99,2,adaptive,0.041333
u64,100000,13579,zeros99,2,std_sort,0.085208
u64,100000,13579,zeros99,2,ska_sort,2.101208
u64,100000,13579,zeros99,2,ska_sort_copy,2.321458
u64,100000,13579,zeros99,3,adaptive,0.059
u64,100000,13579,zeros99,3,std_sort,0.091042
u64,100000,13579,zeros99,3,ska_sort,2.168917
u64,100000,13579,zeros99,3,ska_sort_copy,2.122292
u64,100000,13579,zeros99,3,radixkit,0.042167
u64,100000,13579,zeros99,4,std_sort,0.087458
u64,100000,13579,zeros99,4,ska_sort,2.128458
u64,100000,13579,zeros99,4,ska_sort_copy,2.106875
u64,100000,13579,zeros99,4,radixkit,0.041583
u64,100000,13579,zeros99,4,adaptive,0.041541
u64,100000,13579,zeros99,5,ska_sort,2.113
u64,100000,13579,zeros99,5,ska_sort_copy,2.124167
u64,100000,13579,zeros99,5,radixkit,0.041416
u64,100000,13579,zeros99,5,adaptive,0.041375
u64,100000,13579,zeros99,5,std_sort,0.084083
u64,100000,13579,zeros99,6,ska_sort_copy,2.211625
u64,100000,13579,zeros99,6,radixkit,0.043792
u64,100000,13579,zeros99,6,adaptive,0.041875
u64,100000,13579,zeros99,6,std_sort,0.096
u64,100000,13579,zeros99,6,ska_sort,2.128958
u64,100000,13579,zeros99,7,radixkit,0.051
u64,100000,13579,zeros99,7,adaptive,0.041333
u64,100000,13579,zeros99,7,std_sort,0.085791
u64,100000,13579,zeros99,7,ska_sort,2.122417
u64,100000,13579,zeros99,7,ska_sort_copy,2.126834
u64,100000,13579,zeros99,8,adaptive,0.041208
u64,100000,13579,zeros99,8,std_sort,0.08325
u64,100000,13579,zeros99,8,ska_sort,2.108083
u64,100000,13579,zeros99,8,ska_sort_copy,2.103125
u64,100000,13579,zeros99,8,radixkit,0.041375
u64,100000,13579,equal,0,ska_sort,1.791417
u64,100000,13579,equal,0,ska_sort_copy,1.758084
u64,100000,13579,equal,0,radixkit,0.01575
u64,100000,13579,equal,0,adaptive,0.009542
u64,100000,13579,equal,0,std_sort,0.125417
u64,100000,13579,equal,1,ska_sort_copy,1.731958
u64,100000,13579,equal,1,radixkit,0.015666
u64,100000,13579,equal,1,adaptive,0.009375
u64,100000,13579,equal,1,std_sort,0.124958
u64,100000,13579,equal,1,ska_sort,1.727583
u64,100000,13579,equal,2,radixkit,0.015625
u64,100000,13579,equal,2,adaptive,0.009417
u64,100000,13579,equal,2,std_sort,0.124875
u64,100000,13579,equal,2,ska_sort,1.716458
u64,100000,13579,equal,2,ska_sort_copy,1.714709
u64,100000,13579,equal,3,adaptive,0.009416
u64,100000,13579,equal,3,std_sort,0.134917
u64,100000,13579,equal,3,ska_sort,1.74575
u64,100000,13579,equal,3,ska_sort_copy,1.736542
u64,100000,13579,equal,3,radixkit,0.016917
u64,100000,13579,equal,4,std_sort,0.142458
u64,100000,13579,equal,4,ska_sort,1.773625
u64,100000,13579,equal,4,ska_sort_copy,1.765625
u64,100000,13579,equal,4,radixkit,0.015834
u64,100000,13579,equal,4,adaptive,0.009584
u64,100000,13579,equal,5,ska_sort,1.764083
u64,100000,13579,equal,5,ska_sort_copy,1.744959
u64,100000,13579,equal,5,radixkit,0.015667
u64,100000,13579,equal,5,adaptive,0.009458
u64,100000,13579,equal,5,std_sort,0.125333
u64,100000,13579,equal,6,ska_sort_copy,1.7265
u64,100000,13579,equal,6,radixkit,0.015584
u64,100000,13579,equal,6,adaptive,0.009458
u64,100000,13579,equal,6,std_sort,0.125083
u64,100000,13579,equal,6,ska_sort,1.731917
u64,100000,13579,equal,7,radixkit,0.015708
u64,100000,13579,equal,7,adaptive,0.009791
u64,100000,13579,equal,7,std_sort,0.125042
u64,100000,13579,equal,7,ska_sort,1.717167
u64,100000,13579,equal,7,ska_sort_copy,1.750875
u64,100000,13579,equal,8,adaptive,0.049083
u64,100000,13579,equal,8,std_sort,0.144708
u64,100000,13579,equal,8,ska_sort,1.826959
u64,100000,13579,equal,8,ska_sort_copy,1.725125
u64,100000,13579,equal,8,radixkit,0.016208
u64,100000,13579,ascending,0,ska_sort,2.197917
u64,100000,13579,ascending,0,ska_sort_copy,2.203292
u64,100000,13579,ascending,0,radixkit,0.060667
u64,100000,13579,ascending,0,adaptive,0.063459
u64,100000,13579,ascending,0,std_sort,0.093791
u64,100000,13579,ascending,1,ska_sort_copy,2.216042
u64,100000,13579,ascending,1,radixkit,0.065084
u64,100000,13579,ascending,1,adaptive,0.061333
u64,100000,13579,ascending,1,std_sort,0.093834
u64,100000,13579,ascending,1,ska_sort,2.421709
u64,100000,13579,ascending,2,radixkit,0.063958
u64,100000,13579,ascending,2,adaptive,0.060917
u64,100000,13579,ascending,2,std_sort,0.097166
u64,100000,13579,ascending,2,ska_sort,2.222458
u64,100000,13579,ascending,2,ska_sort_copy,2.224042
u64,100000,13579,ascending,3,adaptive,0.061584
u64,100000,13579,ascending,3,std_sort,0.096458
u64,100000,13579,ascending,3,ska_sort,2.240917
u64,100000,13579,ascending,3,ska_sort_copy,2.22275
u64,100000,13579,ascending,3,radixkit,0.060709
u64,100000,13579,ascending,4,std_sort,0.093959
u64,100000,13579,ascending,4,ska_sort,2.23075
u64,100000,13579,ascending,4,ska_sort_copy,2.233834
u64,100000,13579,ascending,4,radixkit,0.072292
u64,100000,13579,ascending,4,adaptive,0.072375
u64,100000,13579,ascending,5,ska_sort,2.288166
u64,100000,13579,ascending,5,ska_sort_copy,2.229958
u64,100000,13579,ascending,5,radixkit,0.060959
u64,100000,13579,ascending,5,adaptive,0.060875
u64,100000,13579,ascending,5,std_sort,0.094208
u64,100000,13579,ascending,6,ska_sort_copy,2.219292
u64,100000,13579,ascending,6,radixkit,0.068333
u64,100000,13579,ascending,6,adaptive,0.061333
u64,100000,13579,ascending,6,std_sort,0.096417
u64,100000,13579,ascending,6,ska_sort,2.220125
u64,100000,13579,ascending,7,radixkit,0.061292
u64,100000,13579,ascending,7,adaptive,0.061292
u64,100000,13579,ascending,7,std_sort,0.09375
u64,100000,13579,ascending,7,ska_sort,2.220083
u64,100000,13579,ascending,7,ska_sort_copy,2.253417
u64,100000,13579,ascending,8,adaptive,0.061375
u64,100000,13579,ascending,8,std_sort,0.093875
u64,100000,13579,ascending,8,ska_sort,2.362625
u64,100000,13579,ascending,8,ska_sort_copy,2.325791
u64,100000,13579,ascending,8,radixkit,0.0615
u64,100000,13579,descending,0,ska_sort,2.261292
u64,100000,13579,descending,0,ska_sort_copy,2.294208
u64,100000,13579,descending,0,radixkit,0.08125
u64,100000,13579,descending,0,adaptive,0.096291
u64,100000,13579,descending,0,std_sort,0.163417
u64,100000,13579,descending,1,ska_sort_copy,2.284834
u64,100000,13579,descending,1,radixkit,0.088334
u64,100000,13579,descending,1,adaptive,0.088667
u64,100000,13579,descending,1,std_sort,0.295458
u64,100000,13579,descending,1,ska_sort,2.337625
u64,100000,13579,descending,2,radixkit,0.091541
u64,100000,13579,descending,2,adaptive,0.08375
u64,100000,13579,descending,2,std_sort,0.174208
u64,100000,13579,descending,2,ska_sort,2.294
u64,100000,13579,descending,2,ska_sort_copy,2.261416
u64,100000,13579,descending,3,adaptive,0.082458
u64,100000,13579,descending,3,std_sort,0.163666
u64,100000,13579,descending,3,ska_sort,2.251042
u64,100000,13579,descending,3,ska_sort_copy,2.286542
u64,100000,13579,descending,3,radixkit,0.082208
u64,100000,13579,descending,4,std_sort,0.16325
u64,100000,13579,descending,4,ska_sort,2.284292
u64,100000,13579,descending,4,ska_sort_copy,2.427875
u64,100000,13579,descending,4,radixkit,0.082833
u64,100000,13579,descending,4,adaptive,0.081958
u64,100000,13579,descending,5,ska_sort,2.326833
u64,100000,13579,descending,5,ska_sort_copy,2.265917
u64,100000,13579,descending,5,radixkit,0.082458
u64,100000,13579,descending,5,adaptive,0.082416
u64,100000,13579,descending,5,std_sort,0.166125
u64,100000,13579,descending,6,ska_sort_copy,2.278208
u64,100000,13579,descending,6,radixkit,0.082083
u64,100000,13579,descending,6,adaptive,0.081875
u64,100000,13579,descending,6,std_sort,0.16325
u64,100000,13579,descending,6,ska_sort,2.275417
u64,100000,13579,descending,7,radixkit,0.084625
u64,100000,13579,descending,7,adaptive,0.081875
u64,100000,13579,descending,7,std_sort,0.163625
u64,100000,13579,descending,7,ska_sort,2.29075
u64,100000,13579,descending,7,ska_sort_copy,2.4275
u64,100000,13579,descending,8,adaptive,0.081667
u64,100000,13579,descending,8,std_sort,0.178709
u64,100000,13579,descending,8,ska_sort,2.277416
u64,100000,13579,descending,8,ska_sort_copy,2.326958
u64,100000,13579,descending,8,radixkit,0.08325
u64,100000,13579,sparse8,0,ska_sort,3.298083
u64,100000,13579,sparse8,0,ska_sort_copy,3.33525
u64,100000,13579,sparse8,0,radixkit,1.217042
u64,100000,13579,sparse8,0,adaptive,0.1935
u64,100000,13579,sparse8,0,std_sort,0.835375
u64,100000,13579,sparse8,1,ska_sort_copy,3.289333
u64,100000,13579,sparse8,1,radixkit,1.233917
u64,100000,13579,sparse8,1,adaptive,0.1935
u64,100000,13579,sparse8,1,std_sort,0.83525
u64,100000,13579,sparse8,1,ska_sort,3.479791
u64,100000,13579,sparse8,2,radixkit,1.227209
u64,100000,13579,sparse8,2,adaptive,0.195708
u64,100000,13579,sparse8,2,std_sort,0.840916
u64,100000,13579,sparse8,2,ska_sort,3.336
u64,100000,13579,sparse8,2,ska_sort_copy,3.272417
u64,100000,13579,sparse8,3,adaptive,0.193459
u64,100000,13579,sparse8,3,std_sort,0.849917
u64,100000,13579,sparse8,3,ska_sort,3.3065
u64,100000,13579,sparse8,3,ska_sort_copy,3.549708
u64,100000,13579,sparse8,3,radixkit,1.240708
u64,100000,13579,sparse8,4,std_sort,0.83375
u64,100000,13579,sparse8,4,ska_sort,3.295916
u64,100000,13579,sparse8,4,ska_sort_copy,3.275583
u64,100000,13579,sparse8,4,radixkit,1.238333
u64,100000,13579,sparse8,4,adaptive,0.194084
u64,100000,13579,sparse8,5,ska_sort,3.438417
u64,100000,13579,sparse8,5,ska_sort_copy,3.404667
u64,100000,13579,sparse8,5,radixkit,1.264916
u64,100000,13579,sparse8,5,adaptive,0.194
u64,100000,13579,sparse8,5,std_sort,0.824917
u64,100000,13579,sparse8,6,ska_sort_copy,3.317541
u64,100000,13579,sparse8,6,radixkit,1.210875
u64,100000,13579,sparse8,6,adaptive,0.193375
u64,100000,13579,sparse8,6,std_sort,0.823
u64,100000,13579,sparse8,6,ska_sort,3.336375
u64,100000,13579,sparse8,7,radixkit,1.395167
u64,100000,13579,sparse8,7,adaptive,0.245417
u64,100000,13579,sparse8,7,std_sort,0.821583
u64,100000,13579,sparse8,7,ska_sort,3.358917
u64,100000,13579,sparse8,7,ska_sort_copy,3.287834
u64,100000,13579,sparse8,8,adaptive,0.193458
u64,100000,13579,sparse8,8,std_sort,0.821042
u64,100000,13579,sparse8,8,ska_sort,3.28
u64,100000,13579,sparse8,8,ska_sort_copy,3.320084
u64,100000,13579,sparse8,8,radixkit,1.368791
u64,100000,13579,nearly_sorted,0,ska_sort,2.483917
u64,100000,13579,nearly_sorted,0,ska_sort_copy,2.506291
u64,100000,13579,nearly_sorted,0,radixkit,0.905167
u64,100000,13579,nearly_sorted,0,adaptive,0.885375
u64,100000,13579,nearly_sorted,0,std_sort,0.291917
u64,100000,13579,nearly_sorted,1,ska_sort_copy,2.822375
u64,100000,13579,nearly_sorted,1,radixkit,1.027208
u64,100000,13579,nearly_sorted,1,adaptive,0.9205
u64,100000,13579,nearly_sorted,1,std_sort,0.29275
u64,100000,13579,nearly_sorted,1,ska_sort,2.521083
u64,100000,13579,nearly_sorted,2,radixkit,0.889667
u64,100000,13579,nearly_sorted,2,adaptive,0.886458
u64,100000,13579,nearly_sorted,2,std_sort,0.290834
u64,100000,13579,nearly_sorted,2,ska_sort,2.526292
u64,100000,13579,nearly_sorted,2,ska_sort_copy,2.550958
u64,100000,13579,nearly_sorted,3,adaptive,0.8915
u64,100000,13579,nearly_sorted,3,std_sort,0.293083
u64,100000,13579,nearly_sorted,3,ska_sort,2.680375
u64,100000,13579,nearly_sorted,3,ska_sort_copy,2.552625
u64,100000,13579,nearly_sorted,3,radixkit,0.89575
u64,100000,13579,nearly_sorted,4,std_sort,0.292958
u64,100000,13579,nearly_sorted,4,ska_sort,2.499708
u64,100000,13579,nearly_sorted,4,ska_sort_copy,2.496792
u64,100000,13579,nearly_sorted,4,radixkit,0.868166
u64,100000,13579,nearly_sorted,4,adaptive,0.882792
u64,100000,13579,nearly_sorted,5,ska_sort,2.518458
u64,100000,13579,nearly_sorted,5,ska_sort_copy,2.701667
u64,100000,13579,nearly_sorted,5,radixkit,0.928833
u64,100000,13579,nearly_sorted,5,adaptive,0.947834
u64,100000,13579,nearly_sorted,5,std_sort,0.290916
u64,100000,13579,nearly_sorted,6,ska_sort_copy,2.533625
u64,100000,13579,nearly_sorted,6,radixkit,0.905459
u64,100000,13579,nearly_sorted,6,adaptive,0.886458
u64,100000,13579,nearly_sorted,6,std_sort,0.290167
u64,100000,13579,nearly_sorted,6,ska_sort,2.505125
u64,100000,13579,nearly_sorted,7,radixkit,0.900458
u64,100000,13579,nearly_sorted,7,adaptive,0.915833
u64,100000,13579,nearly_sorted,7,std_sort,0.304375
u64,100000,13579,nearly_sorted,7,ska_sort,2.673125
u64,100000,13579,nearly_sorted,7,ska_sort_copy,2.527625
u64,100000,13579,nearly_sorted,8,adaptive,0.99075
u64,100000,13579,nearly_sorted,8,std_sort,0.302166
u64,100000,13579,nearly_sorted,8,ska_sort,2.529458
u64,100000,13579,nearly_sorted,8,ska_sort_copy,2.506833
u64,100000,13579,nearly_sorted,8,radixkit,0.886542
kv32,100000,13579,uniform,0,ska_sort,1.510417
kv32,100000,13579,uniform,0,ska_sort_copy,0.359416
kv32,100000,13579,uniform,0,radixkit,0.332792
kv32,100000,13579,uniform,0,std_sort,4.539917
kv32,100000,13579,uniform,1,ska_sort_copy,0.364708
kv32,100000,13579,uniform,1,radixkit,0.346167
kv32,100000,13579,uniform,1,std_sort,4.747125
kv32,100000,13579,uniform,1,ska_sort,1.542542
kv32,100000,13579,uniform,2,radixkit,0.411875
kv32,100000,13579,uniform,2,std_sort,4.557625
kv32,100000,13579,uniform,2,ska_sort,1.495791
kv32,100000,13579,uniform,2,ska_sort_copy,0.397792
kv32,100000,13579,uniform,3,std_sort,4.821625
kv32,100000,13579,uniform,3,ska_sort,1.524583
kv32,100000,13579,uniform,3,ska_sort_copy,0.4355
kv32,100000,13579,uniform,3,radixkit,0.333417
kv32,100000,13579,uniform,4,ska_sort,1.569958
kv32,100000,13579,uniform,4,ska_sort_copy,0.384834
kv32,100000,13579,uniform,4,radixkit,0.332958
kv32,100000,13579,uniform,4,std_sort,4.529917
kv32,100000,13579,uniform,5,ska_sort_copy,0.369125
kv32,100000,13579,uniform,5,radixkit,0.332458
kv32,100000,13579,uniform,5,std_sort,4.749625
kv32,100000,13579,uniform,5,ska_sort,1.713959
kv32,100000,13579,uniform,6,radixkit,0.4905
kv32,100000,13579,uniform,6,std_sort,4.622666
kv32,100000,13579,uniform,6,ska_sort,1.516417
kv32,100000,13579,uniform,6,ska_sort_copy,0.381708
kv32,100000,13579,uniform,7,std_sort,4.548666
kv32,100000,13579,uniform,7,ska_sort,1.696375
kv32,100000,13579,uniform,7,ska_sort_copy,0.440458
kv32,100000,13579,uniform,7,radixkit,0.34775
kv32,100000,13579,uniform,8,ska_sort,1.546666
kv32,100000,13579,uniform,8,ska_sort_copy,0.38325
kv32,100000,13579,uniform,8,radixkit,0.354834
kv32,100000,13579,uniform,8,std_sort,4.642542
kv32,100000,13579,uniform16,0,ska_sort,1.297916
kv32,100000,13579,uniform16,0,ska_sort_copy,0.760083
kv32,100000,13579,uniform16,0,radixkit,0.255458
kv32,100000,13579,uniform16,0,std_sort,4.440792
kv32,100000,13579,uniform16,1,ska_sort_copy,0.787542
kv32,100000,13579,uniform16,1,radixkit,0.264083
kv32,100000,13579,uniform16,1,std_sort,4.685625
kv32,100000,13579,uniform16,1,ska_sort,1.324
kv32,100000,13579,uniform16,2,radixkit,0.320833
kv32,100000,13579,uniform16,2,std_sort,4.424458
kv32,100000,13579,uniform16,2,ska_sort,1.287042
kv32,100000,13579,uniform16,2,ska_sort_copy,0.763709
kv32,100000,13579,uniform16,3,std_sort,4.589459
kv32,100000,13579,uniform16,3,ska_sort,1.385875
kv32,100000,13579,uniform16,3,ska_sort_copy,0.958417
kv32,100000,13579,uniform16,3,radixkit,0.286208
kv32,100000,13579,uniform16,4,ska_sort,1.301792
kv32,100000,13579,uniform16,4,ska_sort_copy,0.765417
kv32,100000,13579,uniform16,4,radixkit,0.255
kv32,100000,13579,uniform16,4,std_sort,4.46225
kv32,100000,13579,uniform16,5,ska_sort_copy,0.758791
kv32,100000,13579,uniform16,5,radixkit,0.255167
kv32,100000,13579,uniform16,5,std_sort,4.691291
kv32,100000,13579,uniform16,5,ska_sort,1.414625
kv32,100000,13579,uniform16,6,radixkit,0.352167
kv32,100000,13579,uniform16,6,std_sort,4.478833
kv32,100000,13579,uniform16,6,ska_sort,1.2935
kv32,100000,13579,uniform16,6,ska_sort_copy,0.765
kv32,100000,13579,uniform16,7,std_sort,4.4565
kv32,100000,13579,uniform16,7,ska_sort,1.311958
kv32,100000,13579,uniform16,7,ska_sort_copy,0.916917
kv32,100000,13579,uniform16,7,radixkit,0.350333
kv32,100000,13579,uniform16,8,ska_sort,1.318333
kv32,100000,13579,uniform16,8,ska_sort_copy,0.789667
kv32,100000,13579,uniform16,8,radixkit,0.255125
kv32,100000,13579,uniform16,8,std_sort,4.443333
kv32,100000,13579,zeros99,0,ska_sort,1.278959
kv32,100000,13579,zeros99,0,ska_sort_copy,1.0575
kv32,100000,13579,zeros99,0,radixkit,0.766375
kv32,100000,13579,zeros99,0,std_sort,3.720084
kv32,100000,13579,zeros99,1,ska_sort_copy,1.05225
kv32,100000,13579,zeros99,1,radixkit,0.793666
kv32,100000,13579,zeros99,1,std_sort,4.109292
kv32,100000,13579,zeros99,1,ska_sort,1.285709
kv32,100000,13579,zeros99,2,radixkit,0.791792
kv32,100000,13579,zeros99,2,std_sort,3.709834
kv32,100000,13579,zeros99,2,ska_sort,1.273042
kv32,100000,13579,zeros99,2,ska_sort_copy,1.052708
kv32,100000,13579,zeros99,3,std_sort,3.9725
kv32,100000,13579,zeros99,3,ska_sort,1.392833
kv32,100000,13579,zeros99,3,ska_sort_copy,1.074125
kv32,100000,13579,zeros99,3,radixkit,0.767625
kv32,100000,13579,zeros99,4,ska_sort,1.272959
kv32,100000,13579,zeros99,4,ska_sort_copy,1.0735
kv32,100000,13579,zeros99,4,radixkit,0.767958
kv32,100000,13579,zeros99,4,std_sort,3.701084
kv32,100000,13579,zeros99,5,ska_sort_copy,1.072542
kv32,100000,13579,zeros99,5,radixkit,0.782292
kv32,100000,13579,zeros99,5,std_sort,4.052167
kv32,100000,13579,zeros99,5,ska_sort,1.293875
kv32,100000,13579,zeros99,6,radixkit,0.785333
kv32,100000,13579,zeros99,6,std_sort,3.707042
kv32,100000,13579,zeros99,6,ska_sort,1.26525
kv32,100000,13579,zeros99,6,ska_sort_copy,1.052917
kv32,100000,13579,zeros99,7,std_sort,3.740666
kv32,100000,13579,zeros99,7,ska_sort,1.503292
kv32,100000,13579,zeros99,7,ska_sort_copy,1.114416
kv32,100000,13579,zeros99,7,radixkit,0.805833
kv32,100000,13579,zeros99,8,ska_sort,1.29475
kv32,100000,13579,zeros99,8,ska_sort_copy,1.054833
kv32,100000,13579,zeros99,8,radixkit,0.781959
kv32,100000,13579,zeros99,8,std_sort,3.700958
kv32,100000,13579,equal,0,ska_sort,1.026666
kv32,100000,13579,equal,0,ska_sort_copy,1.126667
kv32,100000,13579,equal,0,radixkit,0.119041
kv32,100000,13579,equal,0,std_sort,0.070709
kv32,100000,13579,equal,1,ska_sort_copy,1.082541
kv32,100000,13579,equal,1,radixkit,0.135416
kv32,100000,13579,equal,1,std_sort,0.066541
kv32,100000,13579,equal,1,ska_sort,0.878875
kv32,100000,13579,equal,2,radixkit,0.118834
kv32,100000,13579,equal,2,std_sort,0.066417
kv32,100000,13579,equal,2,ska_sort,0.867625
kv32,100000,13579,equal,2,ska_sort_copy,1.046417
kv32,100000,13579,equal,3,std_sort,0.066541
kv32,100000,13579,equal,3,ska_sort,0.86225
kv32,100000,13579,equal,3,ska_sort_copy,1.044625
kv32,100000,13579,equal,3,radixkit,0.11875
kv32,100000,13579,equal,4,ska_sort,0.858958
kv32,100000,13579,equal,4,ska_sort_copy,1.072084
kv32,100000,13579,equal,4,radixkit,0.136625
kv32,100000,13579,equal,4,std_sort,0.066875
kv32,100000,13579,equal,5,ska_sort_copy,1.220083
kv32,100000,13579,equal,5,radixkit,0.127709
kv32,100000,13579,equal,5,std_sort,0.071375
kv32,100000,13579,equal,5,ska_sort,0.872667
kv32,100000,13579,equal,6,radixkit,0.118834
kv32,100000,13579,equal,6,std_sort,0.068625
kv32,100000,13579,equal,6,ska_sort,0.856917
kv32,100000,13579,equal,6,ska_sort_copy,1.066708
kv32,100000,13579,equal,7,std_sort,0.066541
kv32,100000,13579,equal,7,ska_sort,0.863625
kv32,100000,13579,equal,7,ska_sort_copy,1.064959
kv32,100000,13579,equal,7,radixkit,0.11875
kv32,100000,13579,equal,8,ska_sort,0.850166
kv32,100000,13579,equal,8,ska_sort_copy,1.044541
kv32,100000,13579,equal,8,radixkit,0.118708
kv32,100000,13579,equal,8,std_sort,0.066542
kv32,100000,13579,ascending,0,ska_sort,1.379542
kv32,100000,13579,ascending,0,ska_sort_copy,1.141542
kv32,100000,13579,ascending,0,radixkit,0.775042
kv32,100000,13579,ascending,0,std_sort,0.071542
kv32,100000,13579,ascending,1,ska_sort_copy,1.035958
kv32,100000,13579,ascending,1,radixkit,0.780916
kv32,100000,13579,ascending,1,std_sort,0.068667
kv32,100000,13579,ascending,1,ska_sort,1.364792
kv32,100000,13579,ascending,2,radixkit,0.771959
kv32,100000,13579,ascending,2,std_sort,0.067
kv32,100000,13579,ascending,2,ska_sort,1.36
kv32,100000,13579,ascending,2,ska_sort_copy,1.058167
kv32,100000,13579,ascending,3,std_sort,0.084833
kv32,100000,13579,ascending,3,ska_sort,1.355709
kv32,100000,13579,ascending,3,ska_sort_copy,1.048125
kv32,100000,13579,ascending,3,radixkit,0.844917
kv32,100000,13579,ascending,4,ska_sort,1.478875
kv32,100000,13579,ascending,4,ska_sort_copy,1.122292
kv32,100000,13579,ascending,4,radixkit,0.787458
kv32,100000,13579,ascending,4,std_sort,0.067459
kv32,100000,13579,ascending,5,ska_sort_copy,1.03575
kv32,100000,13579,ascending,5,radixkit,0.790458
kv32,100000,13579,ascending,5,std_sort,0.066959
kv32,100000,13579,ascending,5,ska_sort,1.364875
kv32,100000,13579,ascending,6,radixkit,0.781625
kv32,100000,13579,ascending,6,std_sort,0.066709
kv32,100000,13579,ascending,6,ska_sort,1.361584
kv32,100000,13579,ascending,6,ska_sort_copy,1.064584
kv32,100000,13579,ascending,7,std_sort,0.067
kv32,100000,13579,ascending,7,ska_sort,1.36525
kv32,100000,13579,ascending,7,ska_sort_copy,1.293458
kv32,100000,13579,ascending,7,radixkit,0.8165
kv32,100000,13579,ascending,8,ska_sort,1.421584
kv32,100000,13579,ascending,8,ska_sort_copy,1.075791
kv32,100000,13579,ascending,8,radixkit,0.772042
kv32,100000,13579,ascending,8,std_sort,0.067417
kv32,100000,13579,descending,0,ska_sort,1.481542
kv32,100000,13579,descending,0,ska_sort_copy,1.089625
kv32,100000,13579,descending,0,radixkit,0.77275
kv32,100000,13579,descending,0,std_sort,0.11675
kv32,100000,13579,descending,1,ska_sort_copy,1.192417
kv32,100000,13579,descending,1,radixkit,0.89
kv32,100000,13579,descending,1,std_sort,0.116042
kv32,100000,13579,descending,1,ska_sort,1.461709
kv32,100000,13579,descending,2,radixkit,0.771667
kv32,100000,13579,descending,2,std_sort,0.112833
kv32,100000,13579,descending,2,ska_sort,1.471083
kv32,100000,13579,descending,2,ska_sort_copy,1.042292
kv32,100000,13579,descending,3,std_sort,0.113042
kv32,100000,13579,descending,3,ska_sort,1.455209
kv32,100000,13579,descending,3,ska_sort_copy,1.071
kv32,100000,13579,descending,3,radixkit,0.795125
kv32,100000,13579,descending,4,ska_sort,1.466083
kv32,100000,13579,descending,4,ska_sort_copy,1.242209
kv32,100000,13579,descending,4,radixkit,0.96975
kv32,100000,13579,descending,4,std_sort,0.117458
kv32,100000,13579,descending,5,ska_sort_copy,1.112625
kv32,100000,13579,descending,5,radixkit,0.773417
kv32,100000,13579,descending,5,std_sort,0.112375
kv32,100000,13579,descending,5,ska_sort,1.464958
kv32,100000,13579,descending,6,radixkit,0.796125
kv32,100000,13579,descending,6,std_sort,0.112167
kv32,100000,13579,descending,6,ska_sort,1.455541
kv32,100000,13579,descending,6,ska_sort_copy,1.07925
kv32,100000,13579,descending,7,std_sort,0.112667
kv32,100000,13579,descending,7,ska_sort,1.465333
kv32,100000,13579,descending,7,ska_sort_copy,1.045416
kv32,100000,13579,descending,7,radixkit,0.782417
kv32,100000,13579,descending,8,ska_sort,1.718666
kv32,100000,13579,descending,8,ska_sort_copy,1.305292
kv32,100000,13579,descending,8,radixkit,0.773291
kv32,100000,13579,descending,8,std_sort,0.113416
kv32,100000,13579,sparse8,0,ska_sort,1.007083
kv32,100000,13579,sparse8,0,ska_sort_copy,0.706792
kv32,100000,13579,sparse8,0,radixkit,0.381709
kv32,100000,13579,sparse8,0,std_sort,2.567625
kv32,100000,13579,sparse8,1,ska_sort_copy,0.732209
kv32,100000,13579,sparse8,1,radixkit,0.3985
kv32,100000,13579,sparse8,1,std_sort,2.327542
kv32,100000,13579,sparse8,1,ska_sort,1.008958
kv32,100000,13579,sparse8,2,radixkit,0.377708
kv32,100000,13579,sparse8,2,std_sort,2.306291
kv32,100000,13579,sparse8,2,ska_sort,1.003958
kv32,100000,13579,sparse8,2,ska_sort_copy,0.695792
kv32,100000,13579,sparse8,3,std_sort,2.276209
kv32,100000,13579,sparse8,3,ska_sort,1.001875
kv32,100000,13579,sparse8,3,ska_sort_copy,0.800334
kv32,100000,13579,sparse8,3,radixkit,0.403375
kv32,100000,13579,sparse8,4,ska_sort,1.116917
kv32,100000,13579,sparse8,4,ska_sort_copy,0.70725
kv32,100000,13579,sparse8,4,radixkit,0.378917
kv32,100000,13579,sparse8,4,std_sort,2.312959
kv32,100000,13579,sparse8,5,ska_sort_copy,0.693208
kv32,100000,13579,sparse8,5,radixkit,0.377167
kv32,100000,13579,sparse8,5,std_sort,2.29925
kv32,100000,13579,sparse8,5,ska_sort,1.004584
kv32,100000,13579,sparse8,6,radixkit,0.377958
kv32,100000,13579,sparse8,6,std_sort,2.304833
kv32,100000,13579,sparse8,6,ska_sort,1.016041
kv32,100000,13579,sparse8,6,ska_sort_copy,0.710042
kv32,100000,13579,sparse8,7,std_sort,2.452583
kv32,100000,13579,sparse8,7,ska_sort,1.021458
kv32,100000,13579,sparse8,7,ska_sort_copy,0.705542
kv32,100000,13579,sparse8,7,radixkit,0.383667
kv32,100000,13579,sparse8,8,ska_sort,0.995583
kv32,100000,13579,sparse8,8,ska_sort_copy,0.697083
kv32,100000,13579,sparse8,8,radixkit,0.380083
kv32,100000,13579,sparse8,8,std_sort,2.315334
kv32,100000,13579,nearly_sorted,0,ska_sort,1.92725
kv32,100000,13579,nearly_sorted,0,ska_sort_copy,1.261667
kv32,100000,13579,nearly_sorted,0,radixkit,0.821792
kv32,100000,13579,nearly_sorted,0,std_sort,0.274042
kv32,100000,13579,nearly_sorted,1,ska_sort_copy,1.031
kv32,100000,13579,nearly_sorted,1,radixkit,0.768916
kv32,100000,13579,nearly_sorted,1,std_sort,0.25175
kv32,100000,13579,nearly_sorted,1,ska_sort,1.712625
kv32,100000,13579,nearly_sorted,2,radixkit,0.780916
kv32,100000,13579,nearly_sorted,2,std_sort,0.251083
kv32,100000,13579,nearly_sorted,2,ska_sort,1.705208
kv32,100000,13579,nearly_sorted,2,ska_sort_copy,1.065375
kv32,100000,13579,nearly_sorted,3,std_sort,0.250667
kv32,100000,13579,nearly_sorted,3,ska_sort,1.998042
kv32,100000,13579,nearly_sorted,3,ska_sort_copy,1.115459
kv32,100000,13579,nearly_sorted,3,radixkit,0.796458
kv32,100000,13579,nearly_sorted,4,ska_sort,1.77125
kv32,100000,13579,nearly_sorted,4,ska_sort_copy,1.039041
kv32,100000,13579,nearly_sorted,4,radixkit,0.787958
kv32,100000,13579,nearly_sorted,4,std_sort,0.267625
kv32,100000,13579,nearly_sorted,5,ska_sort_copy,1.063959
kv32,100000,13579,nearly_sorted,5,radixkit,0.787667
kv32,100000,13579,nearly_sorted,5,std_sort,0.250417
kv32,100000,13579,nearly_sorted,5,ska_sort,1.708584
kv32,100000,13579,nearly_sorted,6,radixkit,0.797375
kv32,100000,13579,nearly_sorted,6,std_sort,0.254875
kv32,100000,13579,nearly_sorted,6,ska_sort,1.797583
kv32,100000,13579,nearly_sorted,6,ska_sort_copy,1.1935
kv32,100000,13579,nearly_sorted,7,std_sort,0.254875
kv32,100000,13579,nearly_sorted,7,ska_sort,1.711834
kv32,100000,13579,nearly_sorted,7,ska_sort_copy,1.083833
kv32,100000,13579,nearly_sorted,7,radixkit,0.790083
kv32,100000,13579,nearly_sorted,8,ska_sort,1.724
kv32,100000,13579,nearly_sorted,8,ska_sort_copy,1.066333
kv32,100000,13579,nearly_sorted,8,radixkit,0.781208
kv32,100000,13579,nearly_sorted,8,std_sort,0.251417
kv64,100000,13579,uniform,0,ska_sort,1.479875
kv64,100000,13579,uniform,0,ska_sort_copy,1.494792
kv64,100000,13579,uniform,0,radixkit,0.623125
kv64,100000,13579,uniform,0,std_sort,4.910666
kv64,100000,13579,uniform,1,ska_sort_copy,1.602917
kv64,100000,13579,uniform,1,radixkit,0.754792
kv64,100000,13579,uniform,1,std_sort,4.666166
kv64,100000,13579,uniform,1,ska_sort,1.532875
kv64,100000,13579,uniform,2,radixkit,0.62325
kv64,100000,13579,uniform,2,std_sort,4.684
kv64,100000,13579,uniform,2,ska_sort,1.968833
kv64,100000,13579,uniform,2,ska_sort_copy,1.539167
kv64,100000,13579,uniform,3,std_sort,4.561833
kv64,100000,13579,uniform,3,ska_sort,1.497625
kv64,100000,13579,uniform,3,ska_sort_copy,1.479042
kv64,100000,13579,uniform,3,radixkit,0.67975
kv64,100000,13579,uniform,4,ska_sort,1.49675
kv64,100000,13579,uniform,4,ska_sort_copy,1.479666
kv64,100000,13579,uniform,4,radixkit,0.841459
kv64,100000,13579,uniform,4,std_sort,4.734375
kv64,100000,13579,uniform,5,ska_sort_copy,1.516333
kv64,100000,13579,uniform,5,radixkit,0.685917
kv64,100000,13579,uniform,5,std_sort,4.783375
kv64,100000,13579,uniform,5,ska_sort,1.500917
kv64,100000,13579,uniform,6,radixkit,0.675666
kv64,100000,13579,uniform,6,std_sort,4.964584
kv64,100000,13579,uniform,6,ska_sort,1.509625
kv64,100000,13579,uniform,6,ska_sort_copy,1.500708
kv64,100000,13579,uniform,7,std_sort,4.585
kv64,100000,13579,uniform,7,ska_sort,1.509834
kv64,100000,13579,uniform,7,ska_sort_copy,1.485166
kv64,100000,13579,uniform,7,radixkit,0.98875
kv64,100000,13579,uniform,8,ska_sort,1.674875
kv64,100000,13579,uniform,8,ska_sort_copy,1.512708
kv64,100000,13579,uniform,8,radixkit,0.692125
kv64,100000,13579,uniform,8,std_sort,4.616583
kv64,100000,13579,uniform16,0,ska_sort,2.134167
kv64,100000,13579,uniform16,0,ska_sort_copy,2.143542
kv64,100000,13579,uniform16,0,radixkit,0.388375
kv64,100000,13579,uniform16,0,std_sort,4.684292
kv64,100000,13579,uniform16,1,ska_sort_copy,2.183333
kv64,100000,13579,uniform16,1,radixkit,0.445834
kv64,100000,13579,uniform16,1,std_sort,4.423833
kv64,100000,13579,uniform16,1,ska_sort,2.148417
kv64,100000,13579,uniform16,2,radixkit,0.38475
kv64,100000,13579,uniform16,2,std_sort,4.603333
kv64,100000,13579,uniform16,2,ska_sort,2.29675
kv64,100000,13579,uniform16,2,ska_sort_copy,2.141625
kv64,100000,13579,uniform16,3,std_sort,4.453291
kv64,100000,13579,uniform16,3,ska_sort,2.152833
kv64,100000,13579,uniform16,3,ska_sort_copy,2.17
kv64,100000,13579,uniform16,3,radixkit,0.4585
kv64,100000,13579,uniform16,4,ska_sort,2.499125
kv64,100000,13579,uniform16,4,ska_sort_copy,2.2035
kv64,100000,13579,uniform16,4,radixkit,0.465042
kv64,100000,13579,uniform16,4,std_sort,4.468625
kv64,100000,13579,uniform16,5,ska_sort_copy,2.147458
kv64,100000,13579,uniform16,5,radixkit,0.38475
kv64,100000,13579,uniform16,5,std_sort,4.630458
kv64,100000,13579,uniform16,5,ska_sort,2.251166
kv64,100000,13579,uniform16,6,radixkit,0.488916
kv64,100000,13579,uniform16,6,std_sort,4.501959
kv64,100000,13579,uniform16,6,ska_sort,2.142959
kv64,100000,13579,uniform16,6,ska_sort_copy,2.158292
kv64,100000,13579,uniform16,7,std_sort,4.748167
kv64,100000,13579,uniform16,7,ska_sort,2.212625
kv64,100000,13579,uniform16,7,ska_sort_copy,2.157458
kv64,100000,13579,uniform16,7,radixkit,0.450042
kv64,100000,13579,uniform16,8,ska_sort,2.146083
kv64,100000,13579,uniform16,8,ska_sort_copy,2.135292
kv64,100000,13579,uniform16,8,radixkit,0.386083
kv64,100000,13579,uniform16,8,std_sort,4.735709
kv64,100000,13579,zeros99,0,ska_sort,2.125
kv64,100000,13579,zeros99,0,ska_sort_copy,2.402042
kv64,100000,13579,zeros99,0,radixkit,0.054667
kv64,100000,13579,zeros99,0,std_sort,3.704458
kv64,100000,13579,zeros99,1,ska_sort_copy,2.133
kv64,100000,13579,zeros99,1,radixkit,0.042375
kv64,100000,13579,zeros99,1,std_sort,3.715375
kv64,100000,13579,zeros99,1,ska_sort,2.141875
kv64,100000,13579,zeros99,2,radixkit,0.042292
kv64,100000,13579,zeros99,2,std_sort,4.119917
kv64,100000,13579,zeros99,2,ska_sort,2.13275
kv64,100000,13579,zeros99,2,ska_sort_copy,2.116417
kv64,100000,13579,zeros99,3,std_sort,3.685666
kv64,100000,13579,zeros99,3,ska_sort,2.151
kv64,100000,13579,zeros99,3,ska_sort_copy,2.296459
kv64,100000,13579,zeros99,3,radixkit,0.049917
kv64,100000,13579,zeros99,4,ska_sort,2.213833
kv64,100000,13579,zeros99,4,ska_sort_copy,2.141292
kv64,100000,13579,zeros99,4,radixkit,0.043917
kv64,100000,13579,zeros99,4,std_sort,3.700667
kv64,100000,13579,zeros99,5,ska_sort_copy,2.112125
kv64,100000,13579,zeros99,5,radixkit,0.0425
kv64,100000,13579,zeros99,5,std_sort,3.867125
kv64,100000,13579,zeros99,5,ska_sort,2.252875
kv64,100000,13579,zeros99,6,radixkit,0.044791
kv64,100000,13579,zeros99,6,std_sort,3.704583
kv64,100000,13579,zeros99,6,ska_sort,2.12575
kv64,100000,13579,zeros99,6,ska_sort_copy,2.132541
kv64,100000,13579,zeros99,7,std_sort,3.718625
kv64,100000,13579,zeros99,7,ska_sort,2.401334
kv64,100000,13579,zeros99,7,ska_sort_copy,2.169458
kv64,100000,13579,zeros99,7,radixkit,0.044667
kv64,100000,13579,zeros99,8,ska_sort,2.118667
kv64,100000,13579,zeros99,8,ska_sort_copy,2.122458
kv64,100000,13579,zeros99,8,radixkit,0.044584
kv64,100000,13579,zeros99,8,std_sort,3.713791
kv64,100000,13579,equal,0,ska_sort,1.744
kv64,100000,13579,equal,0,ska_sort_copy,1.7245
kv64,100000,13579,equal,0,radixkit,0.018709
kv64,100000,13579,equal,0,std_sort,0.097208
kv64,100000,13579,equal,1,ska_sort_copy,1.721
kv64,100000,13579,equal,1,radixkit,0.01875
kv64,100000,13579,equal,1,std_sort,0.093834
kv64,100000,13579,equal,1,ska_sort,1.716208
kv64,100000,13579,equal,2,radixkit,0.01875
kv64,100000,13579,equal,2,std_sort,0.093792
kv64,100000,13579,equal,2,ska_sort,1.727209
kv64,100000,13579,equal,2,ska_sort_copy,1.825875
kv64,100000,13579,equal,3,std_sort,0.1
kv64,100000,13579,equal,3,ska_sort,1.7925
kv64,100000,13579,equal,3,ska_sort_copy,1.7475
kv64,100000,13579,equal,3,radixkit,0.019167
kv64,100000,13579,equal,4,ska_sort,1.723958
kv64,100000,13579,equal,4,ska_sort_copy,1.723333
kv64,100000,13579,equal,4,radixkit,0.018792
kv64,100000,13579,equal,4,std_sort,0.094334
kv64,100000,13579,equal,5,ska_sort_copy,1.719584
kv64,100000,13579,equal,5,radixkit,0.018792
kv64,100000,13579,equal,5,std_sort,0.093834
kv64,100000,13579,equal,5,ska_sort,1.728083
kv64,100000,13579,equal,6,radixkit,0.018792
kv64,100000,13579,equal,6,std_sort,0.094625
kv64,100000,13579,equal,6,ska_sort,1.880041
kv64,100000,13579,equal,6,ska_sort_copy,1.805541
kv64,100000,13579,equal,7,std_sort,0.105042
kv64,100000,13579,equal,7,ska_sort,1.726708
kv64,100000,13579,equal,7,ska_sort_copy,1.734333
kv64,100000,13579,equal,7,radixkit,0.019
kv64,100000,13579,equal,8,ska_sort,1.715917
kv64,100000,13579,equal,8,ska_sort_copy,1.709459
kv64,100000,13579,equal,8,radixkit,0.018792
kv64,100000,13579,equal,8,std_sort,0.093791
kv64,100000,13579,ascending,0,ska_sort,2.242625
kv64,100000,13579,ascending,0,ska_sort_copy,2.241667
kv64,100000,13579,ascending,0,radixkit,0.073625
kv64,100000,13579,ascending,0,std_sort,0.094083
kv64,100000,13579,ascending,1,ska_sort_copy,2.223416
kv64,100000,13579,ascending,1,radixkit,0.060792
kv64,100000,13579,ascending,1,std_sort,0.093958
kv64,100000,13579,ascending,1,ska_sort,2.238208
kv64,100000,13579,ascending,2,radixkit,0.062459
kv64,100000,13579,ascending,2,std_sort,0.093916
kv64,100000,13579,ascending,2,ska_sort,2.253875
kv64,100000,13579,ascending,2,ska_sort_copy,2.332333
kv64,100000,13579,ascending,3,std_sort,0.094125
kv64,100000,13579,ascending,3,ska_sort,2.259875
kv64,100000,13579,ascending,3,ska_sort_copy,2.233417
kv64,100000,13579,ascending,3,radixkit,0.061
kv64,100000,13579,ascending,4,ska_sort,2.216125
kv64,100000,13579,ascending,4,ska_sort_copy,2.219084
kv64,100000,13579,ascending,4,radixkit,0.074208
kv64,100000,13579,ascending,4,std_sort,0.094
kv64,100000,13579,ascending,5,ska_sort_copy,2.383584
kv64,100000,13579,ascending,5,radixkit,0.0655
kv64,100000,13579,ascending,5,std_sort,0.101833
kv64,100000,13579,ascending,5,ska_sort,2.299709
kv64,100000,13579,ascending,6,radixkit,0.076041
kv64,100000,13579,ascending,6,std_sort,0.094125
kv64,100000,13579,ascending,6,ska_sort,2.239125
kv64,100000,13579,ascending,6,ska_sort_copy,2.230917
kv64,100000,13579,ascending,7,std_sort,0.093917
kv64,100000,13579,ascending,7,ska_sort,2.21975
kv64,100000,13579,ascending,7,ska_sort_copy,2.229083
kv64,100000,13579,ascending,7,radixkit,0.060625
kv64,100000,13579,ascending,8,ska_sort,2.51525
kv64,100000,13579,ascending,8,ska_sort_copy,2.270291
kv64,100000,13579,ascending,8,radixkit,0.060875
kv64,100000,13579,ascending,8,std_sort,0.09425
kv64,100000,13579,descending,0,ska_sort,2.334875
kv64,100000,13579,descending,0,ska_sort_copy,2.321791
kv64,100000,13579,descending,0,radixkit,0.172667
kv64,100000,13579,descending,0,std_sort,0.14875
kv64,100000,13579,descending,1,ska_sort_copy,2.383458
kv64,100000,13579,descending,1,radixkit,0.102167
kv64,100000,13579,descending,1,std_sort,0.1495
kv64,100000,13579,descending,1,ska_sort,2.321542
kv64,100000,13579,descending,2,radixkit,0.092666
kv64,100000,13579,descending,2,std_sort,0.14525
kv64,100000,13579,descending,2,ska_sort,2.311125
kv64,100000,13579,descending,2,ska_sort_copy,2.303625
kv64,100000,13579,descending,3,std_sort,0.14
kv64,100000,13579,descending,3,ska_sort,2.342333
kv64,100000,13579,descending,3,ska_sort_copy,2.560667
kv64,100000,13579,descending,3,radixkit,0.089834
kv64,100000,13579,descending,4,ska_sort,2.360625
kv64,100000,13579,descending,4,ska_sort_copy,2.326875
kv64,100000,13579,descending,4,radixkit,0.089292
kv64,100000,13579,descending,4,std_sort,0.140333
kv64,100000,13579,descending,5,ska_sort_copy,2.319959
kv64,100000,13579,descending,5,radixkit,0.089334
kv64,100000,13579,descending,5,std_sort,0.139334
kv64,100000,13579,descending,5,ska_sort,2.32275
kv64,100000,13579,descending,6,radixkit,0.08925
kv64,100000,13579,descending,6,std_sort,0.139416
kv64,100000,13579,descending,6,ska_sort,2.537584
kv64,100000,13579,descending,6,ska_sort_copy,2.47875
kv64,100000,13579,descending,7,std_sort,0.161667
kv64,100000,13579,descending,7,ska_sort,2.510833
kv64,100000,13579,descending,7,ska_sort_copy,2.306792
kv64,100000,13579,descending,7,radixkit,0.089334
kv64,100000,13579,descending,8,ska_sort,2.328333
kv64,100000,13579,descending,8,ska_sort_copy,2.306834
kv64,100000,13579,descending,8,radixkit,0.089167
kv64,100000,13579,descending,8,std_sort,0.1395
kv64,100000,13579,sparse8,0,ska_sort,3.597042
kv64,100000,13579,sparse8,0,ska_sort_copy,3.417958
kv64,100000,13579,sparse8,0,radixkit,1.278375
kv64,100000,13579,sparse8,0,std_sort,2.313
kv64,100000,13579,sparse8,1,ska_sort_copy,3.344625
kv64,100000,13579,sparse8,1,radixkit,1.292375
kv64,100000,13579,sparse8,1,std_sort,2.478667
kv64,100000,13579,sparse8,1,ska_sort,3.558584
kv64,100000,13579,sparse8,2,radixkit,1.291292
kv64,100000,13579,sparse8,2,std_sort,2.334083
kv64,100000,13579,sparse8,2,ska_sort,3.368625
kv64,100000,13579,sparse8,2,ska_sort_copy,3.52525
kv64,100000,13579,sparse8,3,std_sort,2.574
kv64,100000,13579,sparse8,3,ska_sort,3.453583
kv64,100000,13579,sparse8,3,ska_sort_copy,3.369333
kv64,100000,13579,sparse8,3,radixkit,1.2795
kv64,100000,13579,sparse8,4,ska_sort,3.354458
kv64,100000,13579,sparse8,4,ska_sort_copy,3.682167
kv64,100000,13579,sparse8,4,radixkit,1.306916
kv64,100000,13579,sparse8,4,std_sort,2.381792
kv64,100000,13579,sparse8,5,ska_sort_copy,3.377
kv64,100000,13579,sparse8,5,radixkit,1.26825
kv64,100000,13579,sparse8,5,std_sort,2.2935
kv64,100000,13579,sparse8,5,ska_sort,3.641834
kv64,100000,13579,sparse8,6,radixkit,1.302542
kv64,100000,13579,sparse8,6,std_sort,2.354084
kv64,100000,13579,sparse8,6,ska_sort,3.412459
kv64,100000,13579,sparse8,6,ska_sort_copy,3.351334
kv64,100000,13579,sparse8,7,std_sort,2.303834
kv64,100000,13579,sparse8,7,ska_sort,3.446958
kv64,100000,13579,sparse8,7,ska_sort_copy,3.542583
kv64,100000,13579,sparse8,7,radixkit,1.316916
kv64,100000,13579,sparse8,8,ska_sort,3.373417
kv64,100000,13579,sparse8,8,ska_sort_copy,3.363792
kv64,100000,13579,sparse8,8,radixkit,1.298875
kv64,100000,13579,sparse8,8,std_sort,2.58475
kv64,100000,13579,nearly_sorted,0,ska_sort,2.558
kv64,100000,13579,nearly_sorted,0,ska_sort_copy,2.578667
kv64,100000,13579,nearly_sorted,0,radixkit,1.079042
kv64,100000,13579,nearly_sorted,0,std_sort,0.2985
kv64,100000,13579,nearly_sorted,1,ska_sort_copy,2.657125
kv64,100000,13579,nearly_sorted,1,radixkit,1.067917
kv64,100000,13579,nearly_sorted,1,std_sort,0.298042
kv64,100000,13579,nearly_sorted,1,ska_sort,2.597
kv64,100000,13579,nearly_sorted,2,radixkit,0.912708
kv64,100000,13579,nearly_sorted,2,std_sort,0.279875
kv64,100000,13579,nearly_sorted,2,ska_sort,2.568167
kv64,100000,13579,nearly_sorted,2,ska_sort_copy,2.580166
kv64,100000,13579,nearly_sorted,3,std_sort,0.290125
kv64,100000,13579,nearly_sorted,3,ska_sort,2.878125
kv64,100000,13579,nearly_sorted,3,ska_sort_copy,2.638083
kv64,100000,13579,nearly_sorted,3,radixkit,0.945166
kv64,100000,13579,nearly_sorted,4,ska_sort,2.565958
kv64,100000,13579,nearly_sorted,4,ska_sort_copy,2.555541
kv64,100000,13579,nearly_sorted,4,radixkit,0.915708
kv64,100000,13579,nearly_sorted,4,std_sort,0.298125
kv64,100000,13579,nearly_sorted,5,ska_sort_copy,2.698792
kv64,100000,13579,nearly_sorted,5,radixkit,0.981708
kv64,100000,13579,nearly_sorted,5,std_sort,0.298458
kv64,100000,13579,nearly_sorted,5,ska_sort,2.668084
kv64,100000,13579,nearly_sorted,6,radixkit,0.974833
kv64,100000,13579,nearly_sorted,6,std_sort,0.28225
kv64,100000,13579,nearly_sorted,6,ska_sort,2.56375
kv64,100000,13579,nearly_sorted,6,ska_sort_copy,2.56175
kv64,100000,13579,nearly_sorted,7,std_sort,0.280875
kv64,100000,13579,nearly_sorted,7,ska_sort,2.741375
kv64,100000,13579,nearly_sorted,7,ska_sort_copy,2.703834
kv64,100000,13579,nearly_sorted,7,radixkit,1.004625
kv64,100000,13579,nearly_sorted,8,ska_sort,2.571042
kv64,100000,13579,nearly_sorted,8,ska_sort_copy,2.574209
kv64,100000,13579,nearly_sorted,8,radixkit,0.891917
kv64,100000,13579,nearly_sorted,8,std_sort,0.282
u32,100000,24680,uniform,0,ska_sort,1.432709
u32,100000,24680,uniform,0,ska_sort_copy,0.371458
u32,100000,24680,uniform,0,radixkit,0.25075
u32,100000,24680,uniform,0,adaptive,0.251583
u32,100000,24680,uniform,0,std_sort,1.868458
u32,100000,24680,uniform,1,ska_sort_copy,0.622417
u32,100000,24680,uniform,1,radixkit,0.260042
u32,100000,24680,uniform,1,adaptive,0.260375
u32,100000,24680,uniform,1,std_sort,1.90825
u32,100000,24680,uniform,1,ska_sort,1.465875
u32,100000,24680,uniform,2,radixkit,0.282458
u32,100000,24680,uniform,2,adaptive,0.256625
u32,100000,24680,uniform,2,std_sort,1.866791
u32,100000,24680,uniform,2,ska_sort,1.41775
u32,100000,24680,uniform,2,ska_sort_copy,0.372333
u32,100000,24680,uniform,3,adaptive,0.248834
u32,100000,24680,uniform,3,std_sort,1.988291
u32,100000,24680,uniform,3,ska_sort,1.439042
u32,100000,24680,uniform,3,ska_sort_copy,0.382625
u32,100000,24680,uniform,3,radixkit,0.25125
u32,100000,24680,uniform,4,std_sort,1.87275
u32,100000,24680,uniform,4,ska_sort,1.449417
u32,100000,24680,uniform,4,ska_sort_copy,0.377417
u32,100000,24680,uniform,4,radixkit,0.249333
u32,100000,24680,uniform,4,adaptive,0.251333
u32,100000,24680,uniform,5,ska_sort,1.431875
u32,100000,24680,uniform,5,ska_sort_copy,0.379
u32,100000,24680,uniform,5,radixkit,0.254916
u32,100000,24680,uniform,5,adaptive,0.257125
u32,100000,24680,uniform,5,std_sort,1.917917
u32,100000,24680,uniform,6,ska_sort_copy,0.39625
u32,100000,24680,uniform,6,radixkit,0.25325
u32,100000,24680,uniform,6,adaptive,0.251083
u32,100000,24680,uniform,6,std_sort,1.849292
u32,100000,24680,uniform,6,ska_sort,1.416375
u32,100000,24680,uniform,7,radixkit,0.256
u32,100000,24680,uniform,7,adaptive,0.248708
u32,100000,24680,uniform,7,std_sort,2.000708
u32,100000,24680,uniform,7,ska_sort,1.425708
u32,100000,24680,uniform,7,ska_sort_copy,0.3755
u32,100000,24680,uniform,8,adaptive,0.256959
u32,100000,24680,uniform,8,std_sort,1.870667
u32,100000,24680,uniform,8,ska_sort,1.442458
u32,100000,24680,uniform,8,ska_sort_copy,0.397625
u32,100000,24680,uniform,8,radixkit,0.261209
u32,100000,24680,uniform16,0,ska_sort,1.268209
u32,100000,24680,uniform16,0,ska_sort_copy,0.80725
u32,100000,24680,uniform16,0,radixkit,0.194125
u32,100000,24680,uniform16,0,adaptive,0.188875
u32,100000,24680,uniform16,0,std_sort,1.877584
u32,100000,24680,uniform16,1,ska_sort_copy,0.9275
u32,100000,24680,uniform16,1,radixkit,0.207042
u32,100000,24680,uniform16,1,adaptive,0.191958
u32,100000,24680,uniform16,1,std_sort,1.970084
u32,100000,24680,uniform16,1,ska_sort,1.290458
u32,100000,24680,uniform16,2,radixkit,0.221
u32,100000,24680,uniform16,2,adaptive,0.192209
u32,100000,24680,uniform16,2,std_sort,1.882
u32,100000,24680,uniform16,2,ska_sort,1.226458
u32,100000,24680,uniform16,2,ska_sort_copy,0.787667
u32,100000,24680,uniform16,3,adaptive,0.188834
u32,100000,24680,uniform16,3,std_sort,2.008292
u32,100000,24680,uniform16,3,ska_sort,1.253375
u32,100000,24680,uniform16,3,ska_sort_copy,0.812041
u32,100000,24680,uniform16,3,radixkit,0.190083
u32,100000,24680,uniform16,4,std_sort,1.833208
u32,100000,24680,uniform16,4,ska_sort,1.228208
u32,100000,24680,uniform16,4,ska_sort_copy,1.033833
u32,100000,24680,uniform16,4,radixkit,0.200708
u32,100000,24680,uniform16,4,adaptive,0.194625
u32,100000,24680,uniform16,5,ska_sort,1.243208
u32,100000,24680,uniform16,5,ska_sort_copy,0.836667
u32,100000,24680,uniform16,5,radixkit,0.200708
u32,100000,24680,uniform16,5,adaptive,0.193791
u32,100000,24680,uniform16,5,std_sort,1.879167
u32,100000,24680,uniform16,6,ska_sort_copy,0.786208
u32,100000,24680,uniform16,6,radixkit,0.191667
u32,100000,24680,uniform16,6,adaptive,0.188792
u32,100000,24680,uniform16,6,std_sort,1.840292
u32,100000,24680,uniform16,6,ska_sort,1.390958
u32,100000,24680,uniform16,7,radixkit,0.203708
u32,100000,24680,uniform16,7,adaptive,0.189125
u32,100000,24680,uniform16,7,std_sort,1.905209
u32,100000,24680,uniform16,7,ska_sort,1.230041
u32,100000,24680,uniform16,7,ska_sort_copy,0.775958
u32,100000,24680,uniform16,8,adaptive,0.185292
u32,100000,24680,uniform16,8,std_sort,2.000708
u32,100000,24680,uniform16,8,ska_sort,1.254292
u32,100000,24680,uniform16,8,ska_sort_copy,0.8055
u32,100000,24680,uniform16,8,radixkit,0.194583
u32,100000,24680,zeros99,0,ska_sort,1.163667
u32,100000,24680,zeros99,0,ska_sort_copy,1.102584
u32,100000,24680,zeros99,0,radixkit,0.291542
u32,100000,24680,zeros99,0,adaptive,0.057375
u32,100000,24680,zeros99,0,std_sort,0.089208
u32,100000,24680,zeros99,1,ska_sort_copy,1.09325
u32,100000,24680,zeros99,1,radixkit,0.275958
u32,100000,24680,zeros99,1,adaptive,0.039291
u32,100000,24680,zeros99,1,std_sort,0.080958
u32,100000,24680,zeros99,1,ska_sort,1.077542
u32,100000,24680,zeros99,2,radixkit,0.275042
u32,100000,24680,zeros99,2,adaptive,0.041125
u32,100000,24680,zeros99,2,std_sort,0.082583
u32,100000,24680,zeros99,2,ska_sort,1.133917
u32,100000,24680,zeros99,2,ska_sort_copy,1.113625
u32,100000,24680,zeros99,3,adaptive,0.042083
u32,100000,24680,zeros99,3,std_sort,0.097625
u32,100000,24680,zeros99,3,ska_sort,1.125459
u32,100000,24680,zeros99,3,ska_sort_copy,1.117042
u32,100000,24680,zeros99,3,radixkit,0.275834
u32,100000,24680,zeros99,4,std_sort,0.080541
u32,100000,24680,zeros99,4,ska_sort,1.059625
u32,100000,24680,zeros99,4,ska_sort_copy,1.073041
u32,100000,24680,zeros99,4,radixkit,0.272792
u32,100000,24680,zeros99,4,adaptive,0.038333
u32,100000,24680,zeros99,5,ska_sort,1.068375
u32,100000,24680,zeros99,5,ska_sort_copy,1.319875
u32,100000,24680,zeros99,5,radixkit,0.273666
u32,100000,24680,zeros99,5,adaptive,0.0415
u32,100000,24680,zeros99,5,std_sort,0.096833
u32,100000,24680,zeros99,6,ska_sort_copy,1.087875
u32,100000,24680,zeros99,6,radixkit,0.28775
u32,100000,24680,zeros99,6,adaptive,0.038167
u32,100000,24680,zeros99,6,std_sort,0.076375
u32,100000,24680,zeros99,6,ska_sort,1.079709
u32,100000,24680,zeros99,7,radixkit,0.2695
u32,100000,24680,zeros99,7,adaptive,0.038208
u32,100000,24680,zeros99,7,std_sort,0.075875
u32,100000,24680,zeros99,7,ska_sort,1.066125
u32,100000,24680,zeros99,7,ska_sort_copy,1.261291
u32,100000,24680,zeros99,8,adaptive,0.045917
u32,100000,24680,zeros99,8,std_sort,0.081292
u32,100000,24680,zeros99,8,ska_sort,1.084125
u32,100000,24680,zeros99,8,ska_sort_copy,1.120333
u32,100000,24680,zeros99,8,radixkit,0.281083
u32,100000,24680,equal,0,ska_sort,0.851209
u32,100000,24680,equal,0,ska_sort_copy,1.070459
u32,100000,24680,equal,0,radixkit,0.114708
u32,100000,24680,equal,0,adaptive,0.004708
u32,100000,24680,equal,0,std_sort,0.124917
u32,100000,24680,equal,1,ska_sort_copy,1.1225
u32,100000,24680,equal,1,radixkit,0.114625
u32,100000,24680,equal,1,adaptive,0.004833
u32,100000,24680,equal,1,std_sort,0.124959
u32,100000,24680,equal,1,ska_sort,1.000959
u32,100000,24680,equal,2,radixkit,0.121458
u32,100000,24680,equal,2,adaptive,0.004958
u32,100000,24680,equal,2,std_sort,0.133292
u32,100000,24680,equal,2,ska_sort,0.879125
u32,100000,24680,equal,2,ska_sort_copy,1.0825
u32,100000,24680,equal,3,adaptive,0.00475
u32,100000,24680,equal,3,std_sort,0.124958
u32,100000,24680,equal,3,ska_sort,0.872875
u32,100000,24680,equal,3,ska_sort_copy,1.076208
u32,100000,24680,equal,3,radixkit,0.114791
u32,100000,24680,equal,4,std_sort,0.124917
u32,100000,24680,equal,4,ska_sort,0.972542
u32,100000,24680,equal,4,ska_sort_copy,1.155875
u32,100000,24680,equal,4,radixkit,0.119
u32,100000,24680,equal,4,adaptive,0.005208
u32,100000,24680,equal,5,ska_sort,0.891375
u32,100000,24680,equal,5,ska_sort_copy,1.141709
u32,100000,24680,equal,5,radixkit,0.121958
u32,100000,24680,equal,5,adaptive,0.00475
u32,100000,24680,equal,5,std_sort,0.127875
u32,100000,24680,equal,6,ska_sort_copy,1.093084
u32,100000,24680,equal,6,radixkit,0.114875
u32,100000,24680,equal,6,adaptive,0.004709
u32,100000,24680,equal,6,std_sort,0.124959
u32,100000,24680,equal,6,ska_sort,0.876542
u32,100000,24680,equal,7,radixkit,0.114833
u32,100000,24680,equal,7,adaptive,0.004709
u32,100000,24680,equal,7,std_sort,0.124917
u32,100000,24680,equal,7,ska_sort,0.858875
u32,100000,24680,equal,7,ska_sort_copy,1.080125
u32,100000,24680,equal,8,adaptive,0.004708
u32,100000,24680,equal,8,std_sort,0.137042
u32,100000,24680,equal,8,ska_sort,0.860166
u32,100000,24680,equal,8,ska_sort_copy,1.255708
u32,100000,24680,equal,8,radixkit,0.118792
u32,100000,24680,ascending,0,ska_sort,1.355375
u32,100000,24680,ascending,0,ska_sort_copy,0.895042
u32,100000,24680,ascending,0,radixkit,0.686958
u32,100000,24680,ascending,0,adaptive,0.034042
u32,100000,24680,ascending,0,std_sort,0.099459
u32,100000,24680,ascending,1,ska_sort_copy,0.753625
u32,100000,24680,ascending,1,radixkit,0.698125
u32,100000,24680,ascending,1,adaptive,0.0315
u32,100000,24680,ascending,1,std_sort,0.096583
u32,100000,24680,ascending,1,ska_sort,1.390125
u32,100000,24680,ascending,2,radixkit,0.667708
u32,100000,24680,ascending,2,adaptive,0.032042
u32,100000,24680,ascending,2,std_sort,0.095666
u32,100000,24680,ascending,2,ska_sort,1.377125
u32,100000,24680,ascending,2,ska_sort_copy,0.742333
u32,100000,24680,ascending,3,adaptive,0.032084
u32,100000,24680,ascending,3,std_sort,0.095708
u32,100000,24680,ascending,3,ska_sort,1.399625
u32,100000,24680,ascending,3,ska_sort_copy,0.905
u32,100000,24680,ascending,3,radixkit,0.675458
u32,100000,24680,ascending,4,std_sort,0.098583
u32,100000,24680,ascending,4,ska_sort,1.392958
u32,100000,24680,ascending,4,ska_sort_copy,0.740375
u32,100000,24680,ascending,4,radixkit,0.646416
u32,100000,24680,ascending,4,adaptive,0.032166
u32,100000,24680,ascending,5,ska_sort,1.371417
u32,100000,24680,ascending,5,ska_sort_copy,0.837916
u32,100000,24680,ascending,5,radixkit,0.69575
u32,100000,24680,ascending,5,adaptive,0.033417
u32,100000,24680,ascending,5,std_sort,0.10175
u32,100000,24680,ascending,6,ska_sort_copy,0.75425
u32,100000,24680,ascending,6,radixkit,0.6695
u32,100000,24680,ascending,6,adaptive,0.0325
u32,100000,24680,ascending,6,std_sort,0.098417
u32,100000,24680,ascending,6,ska_sort,1.421375
u32,100000,24680,ascending,7,radixkit,0.683583
u32,100000,24680,ascending,7,adaptive,0.032209
u32,100000,24680,ascending,7,std_sort,0.098375
u32,100000,24680,ascending,7,ska_sort,1.378542
u32,100000,24680,ascending,7,ska_sort_copy,0.744375
u32,100000,24680,ascending,8,adaptive,0.031917
u32,100000,24680,ascending,8,std_sort,0.095583
u32,100000,24680,ascending,8,ska_sort,1.381625
u32,100000,24680,ascending,8,ska_sort_copy,0.767541
u32,100000,24680,ascending,8,radixkit,0.815625
u32,100000,24680,descending,0,ska_sort,1.436875
u32,100000,24680,descending,0,ska_sort_copy,0.774542
u32,100000,24680,descending,0,radixkit,0.68275
u32,100000,24680,descending,0,adaptive,0.05175
u32,100000,24680,descending,0,std_sort,0.169333
u32,100000,24680,descending,1,ska_sort_copy,0.756708
u32,100000,24680,descending,1,radixkit,0.653
u32,100000,24680,descending,1,adaptive,0.051458
u32,100000,24680,descending,1,std_sort,0.178709
u32,100000,24680,descending,1,ska_sort,1.451958
u32,100000,24680,descending,2,radixkit,0.659666
u32,100000,24680,descending,2,adaptive,0.052667
u32,100000,24680,descending,2,std_sort,0.1625
u32,100000,24680,descending,2,ska_sort,1.391583
u32,100000,24680,descending,2,ska_sort_copy,0.727125
u32,100000,24680,descending,3,adaptive,0.049833
u32,100000,24680,descending,3,std_sort,0.165625
u32,100000,24680,descending,3,ska_sort,1.430542
u32,100000,24680,descending,3,ska_sort_copy,0.846167
u32,100000,24680,descending,3,radixkit,0.7025
u32,100000,24680,descending,4,std_sort,0.191167
u32,100000,24680,descending,4,ska_sort,1.458708
u32,100000,24680,descending,4,ska_sort_copy,0.728709
u32,100000,24680,descending,4,radixkit,0.6595
u32,100000,24680,descending,4,adaptive,0.050458
u32,100000,24680,descending,5,ska_sort,1.400084
u32,100000,24680,descending,5,ska_sort_copy,0.838542
u32,100000,24680,descending,5,radixkit,0.667083
u32,100000,24680,descending,5,adaptive,0.053167
u32,100000,24680,descending,5,std_sort,0.16775
u32,100000,24680,descending,6,ska_sort_copy,0.7535
u32,100000,24680,descending,6,radixkit,0.673542
u32,100000,24680,descending,6,adaptive,0.064542
u32,100000,24680,descending,6,std_sort,0.182708
u32,100000,24680,descending,6,ska_sort,1.452667
u32,100000,24680,descending,7,radixkit,0.640916
u32,100000,24680,descending,7,adaptive,0.049833
u32,100000,24680,descending,7,std_sort,0.162458
u32,100000,24680,descending,7,ska_sort,1.397542
u32,100000,24680,descending,7,ska_sort_copy,0.738916
u32,100000,24680,descending,8,adaptive,0.05075
u32,100000,24680,descending,8,std_sort,0.165583
u32,100000,24680,descending,8,ska_sort,1.428875
u32,100000,24680,descending,8,ska_sort_copy,0.942584
u32,100000,24680,descending,8,radixkit,0.697209
u32,100000,24680,sparse8,0,ska_sort,0.987583
u32,100000,24680,sparse8,0,ska_sort_copy,0.650333
u32,100000,24680,sparse8,0,radixkit,0.332041
u32,100000,24680,sparse8,0,adaptive,0.107625
u32,100000,24680,sparse8,0,std_sort,0.853708
u32,100000,24680,sparse8,1,ska_sort_copy,0.665
u32,100000,24680,sparse8,1,radixkit,0.330083
u32,100000,24680,sparse8,1,adaptive,0.103875
u32,100000,24680,sparse8,1,std_sort,0.80925
u32,100000,24680,sparse8,1,ska_sort,0.972833
u32,100000,24680,sparse8,2,radixkit,0.326875
u32,100000,24680,sparse8,2,adaptive,0.103625
u32,100000,24680,sparse8,2,std_sort,0.792375
u32,100000,24680,sparse8,2,ska_sort,0.99925
u32,100000,24680,sparse8,2,ska_sort_copy,0.6645
u32,100000,24680,sparse8,3,adaptive,0.138958
u32,100000,24680,sparse8,3,std_sort,0.917416
u32,100000,24680,sparse8,3,ska_sort,1.022208
u32,100000,24680,sparse8,3,ska_sort_copy,0.643084
u32,100000,24680,sparse8,3,radixkit,0.327291
u32,100000,24680,sparse8,4,std_sort,0.800208
u32,100000,24680,sparse8,4,ska_sort,0.975042
u32,100000,24680,sparse8,4,ska_sort_copy,0.6405
u32,100000,24680,sparse8,4,radixkit,0.344209
u32,100000,24680,sparse8,4,adaptive,0.21225
u32,100000,24680,sparse8,5,ska_sort,1.026084
u32,100000,24680,sparse8,5,ska_sort_copy,0.651959
u32,100000,24680,sparse8,5,radixkit,0.329833
u32,100000,24680,sparse8,5,adaptive,0.105583
u32,100000,24680,sparse8,5,std_sort,0.8395
u32,100000,24680,sparse8,6,ska_sort_copy,0.677875
u32,100000,24680,sparse8,6,radixkit,0.327292
u32,100000,24680,sparse8,6,adaptive,0.106917
u32,100000,24680,sparse8,6,std_sort,0.822792
u32,100000,24680,sparse8,6,ska_sort,0.987125
u32,100000,24680,sparse8,7,radixkit,0.330083
u32,100000,24680,sparse8,7,adaptive,0.103833
u32,100000,24680,sparse8,7,std_sort,0.794792
u32,100000,24680,sparse8,7,ska_sort,0.973542
u32,100000,24680,sparse8,7,ska_sort_copy,0.642542
u32,100000,24680,sparse8,8,adaptive,0.103709
u32,100000,24680,sparse8,8,std_sort,0.96075
u32,100000,24680,sparse8,8,ska_sort,1.068667
u32,100000,24680,sparse8,8,ska_sort_copy,0.648917
u32,100000,24680,sparse8,8,radixkit,0.33525
u32,100000,24680,nearly_sorted,0,ska_sort,1.73675
u32,100000,24680,nearly_sorted,0,ska_sort_copy,0.782667
u32,100000,24680,nearly_sorted,0,radixkit,0.649667
u32,100000,24680,nearly_sorted,0,adaptive,0.652375
u32,100000,24680,nearly_sorted,0,std_sort,0.277917
u32,100000,24680,nearly_sorted,1,ska_sort_copy,0.772667
u32,100000,24680,nearly_sorted,1,radixkit,0.725542
u32,100000,24680,nearly_sorted,1,adaptive,0.648375
u32,100000,24680,nearly_sorted,1,std_sort,0.273125
u32,100000,24680,nearly_sorted,1,ska_sort,1.737625
u32,100000,24680,nearly_sorted,2,radixkit,0.66
u32,100000,24680,nearly_sorted,2,adaptive,0.645167
u32,100000,24680,nearly_sorted,2,std_sort,0.289292
u32,100000,24680,nearly_sorted,2,ska_sort,1.657542
u32,100000,24680,nearly_sorted,2,ska_sort_copy,0.738791
u32,100000,24680,nearly_sorted,3,adaptive,0.652167
u32,100000,24680,nearly_sorted,3,std_sort,0.270875
u32,100000,24680,nearly_sorted,3,ska_sort,1.717625
u32,100000,24680,nearly_sorted,3,ska_sort_copy,0.752875
u32,100000,24680,nearly_sorted,3,radixkit,0.674583
u32,100000,24680,nearly_sorted,4,std_sort,0.278291
u32,100000,24680,nearly_sorted,4,ska_sort,1.784208
u32,100000,24680,nearly_sorted,4,ska_sort_copy,0.757125
u32,100000,24680,nearly_sorted,4,radixkit,0.655292
u32,100000,24680,nearly_sorted,4,adaptive,0.658791
u32,100000,24680,nearly_sorted,5,ska_sort,1.656542
u32,100000,24680,nearly_sorted,5,ska_sort_copy,0.734792
u32,100000,24680,nearly_sorted,5,radixkit,0.654125
u32,100000,24680,nearly_sorted,5,adaptive,0.720417
u32,100000,24680,nearly_sorted,5,std_sort,0.356125
u32,100000,24680,nearly_sorted,6,ska_sort_copy,0.814125
u32,100000,24680,nearly_sorted,6,radixkit,0.657916
u32,100000,24680,nearly_sorted,6,adaptive,0.661
u32,100000,24680,nearly_sorted,6,std_sort,0.270833
u32,100000,24680,nearly_sorted,6,ska_sort,1.6435
u32,100000,24680,nearly_sorted,7,radixkit,0.634375
u32,100000,24680,nearly_sorted,7,adaptive,0.656542
u32,100000,24680,nearly_sorted,7,std_sort,0.376042
u32,100000,24680,nearly_sorted,7,ska_sort,1.704916
u32,100000,24680,nearly_sorted,7,ska_sort_copy,0.761542
u32,100000,24680,nearly_sorted,8,adaptive,0.685667
u32,100000,24680,nearly_sorted,8,std_sort,0.286292
u32,100000,24680,nearly_sorted,8,ska_sort,1.652042
u32,100000,24680,nearly_sorted,8,ska_sort_copy,0.728667
u32,100000,24680,nearly_sorted,8,radixkit,0.655917
u64,100000,24680,uniform,0,ska_sort,1.453083
u64,100000,24680,uniform,0,ska_sort_copy,1.387958
u64,100000,24680,uniform,0,radixkit,0.5195
u64,100000,24680,uniform,0,adaptive,0.497333
u64,100000,24680,uniform,0,std_sort,1.911833
u64,100000,24680,uniform,1,ska_sort_copy,1.416458
u64,100000,24680,uniform,1,radixkit,0.509792
u64,100000,24680,uniform,1,adaptive,0.721416
u64,100000,24680,uniform,1,std_sort,1.960416
u64,100000,24680,uniform,1,ska_sort,1.418166
u64,100000,24680,uniform,2,radixkit,0.51125
u64,100000,24680,uniform,2,adaptive,0.509459
u64,100000,24680,uniform,2,std_sort,2.045291
u64,100000,24680,uniform,2,ska_sort,1.509083
u64,100000,24680,uniform,2,ska_sort_copy,1.469625
u64,100000,24680,uniform,3,adaptive,0.566833
u64,100000,24680,uniform,3,std_sort,1.960417
u64,100000,24680,uniform,3,ska_sort,1.430625
u64,100000,24680,uniform,3,ska_sort_copy,1.420667
u64,100000,24680,uniform,3,radixkit,0.550875
u64,100000,24680,uniform,4,std_sort,2.126959
u64,100000,24680,uniform,4,ska_sort,1.415083
u64,100000,24680,uniform,4,ska_sort_copy,1.399416
u64,100000,24680,uniform,4,radixkit,0.521625
u64,100000,24680,uniform,4,adaptive,0.786042
u64,100000,24680,uniform,5,ska_sort,1.447792
u64,100000,24680,uniform,5,ska_sort_copy,1.41525
u64,100000,24680,uniform,5,radixkit,0.568084
u64,100000,24680,uniform,5,adaptive,0.52725
u64,100000,24680,uniform,5,std_sort,1.925667
u64,100000,24680,uniform,6,ska_sort_copy,1.412916
u64,100000,24680,uniform,6,radixkit,0.506791
u64,100000,24680,uniform,6,adaptive,0.5065
u64,100000,24680,uniform,6,std_sort,2.089834
u64,100000,24680,uniform,6,ska_sort,1.450666
u64,100000,24680,uniform,7,radixkit,0.545166
u64,100000,24680,uniform,7,adaptive,0.509
u64,100000,24680,uniform,7,std_sort,1.91575
u64,100000,24680,uniform,7,ska_sort,1.446833
u64,100000,24680,uniform,7,ska_sort_copy,1.45975
u64,100000,24680,uniform,8,adaptive,0.538542
u64,100000,24680,uniform,8,std_sort,1.981334
u64,100000,24680,uniform,8,ska_sort,1.40625
u64,100000,24680,uniform,8,ska_sort_copy,1.389417
u64,100000,24680,uniform,8,radixkit,0.514583
u64,100000,24680,uniform16,0,ska_sort,2.137458
u64,100000,24680,uniform16,0,ska_sort_copy,2.11925
u64,100000,24680,uniform16,0,radixkit,0.353958
u64,100000,24680,uniform16,0,adaptive,0.36925
u64,100000,24680,uniform16,0,std_sort,2.500459
u64,100000,24680,uniform16,1,ska_sort_copy,2.142833
u64,100000,24680,uniform16,1,radixkit,0.394334
u64,100000,24680,uniform16,1,adaptive,0.355542
u64,100000,24680,uniform16,1,std_sort,1.921042
u64,100000,24680,uniform16,1,ska_sort,2.160333
u64,100000,24680,uniform16,2,radixkit,0.365125
u64,100000,24680,uniform16,2,adaptive,0.387792
u64,100000,24680,uniform16,2,std_sort,1.975917
u64,100000,24680,uniform16,2,ska_sort,2.119833
u64,100000,24680,uniform16,2,ska_sort_copy,2.128042
u64,100000,24680,uniform16,3,adaptive,0.362583
u64,100000,24680,uniform16,3,std_sort,2.656542
u64,100000,24680,uniform16,3,ska_sort,2.141125
u64,100000,24680,uniform16,3,ska_sort_copy,2.135083
u64,100000,24680,uniform16,3,radixkit,0.412916
u64,100000,24680,uniform16,4,std_sort,1.951292
u64,100000,24680,uniform16,4,ska_sort,2.160333
u64,100000,24680,uniform16,4,ska_sort_copy,2.118541
u64,100000,24680,uniform16,4,radixkit,0.374709
u64,100000,24680,uniform16,4,adaptive,0.354959
u64,100000,24680,uniform16,5,ska_sort,2.181167
u64,100000,24680,uniform16,5,ska_sort_copy,2.551917
u64,100000,24680,uniform16,5,radixkit,0.423209
u64,100000,24680,uniform16,5,adaptive,0.363583
u64,100000,24680,uniform16,5,std_sort,1.9345
u64,100000,24680,uniform16,6,ska_sort_copy,2.13325
u64,100000,24680,uniform16,6,radixkit,0.364542
u64,100000,24680,uniform16,6,adaptive,0.362
u64,100000,24680,uniform16,6,std_sort,1.974292
u64,100000,24680,uniform16,6,ska_sort,2.073834
u64,100000,24680,uniform16,7,radixkit,0.361875
u64,100000,24680,uniform16,7,adaptive,0.347291
u64,100000,24680,uniform16,7,std_sort,1.906083
u64,100000,24680,uniform16,7,ska_sort,2.805833
u64,100000,24680,uniform16,7,ska_sort_copy,2.123166
u64,100000,24680,uniform16,8,adaptive,0.391666
u64,100000,24680,uniform16,8,std_sort,1.906625
u64,100000,24680,uniform16,8,ska_sort,2.143667
u64,100000,24680,uniform16,8,ska_sort_copy,2.160875
u64,100000,24680,uniform16,8,radixkit,0.390542
u64,100000,24680,zeros99,0,ska_sort,2.107333
u64,100000,24680,zeros99,0,ska_sort_copy,2.178916
u64,100000,24680,zeros99,0,radixkit,0.043625
u64,100000,24680,zeros99,0,adaptive,0.042916
u64,100000,24680,zeros99,0,std_sort,0.093
u64,100000,24680,zeros99,1,ska_sort_copy,2.208208
u64,100000,24680,zeros99,1,radixkit,0.04875
u64,100000,24680,zeros99,1,adaptive,0.042459
u64,100000,24680,zeros99,1,std_sort,0.092375
u64,100000,24680,zeros99,1,ska_sort,2.130666
u64,100000,24680,zeros99,2,radixkit,0.0415
u64,100000,24680,zeros99,2,adaptive,0.041625
u64,100000,24680,zeros99,2,std_sort,0.088542
u64,100000,24680,zeros99,2,ska_sort,2.155792
u64,100000,24680,zeros99,2,ska_sort_copy,2.560125
u64,100000,24680,zeros99,3,adaptive,0.054584
u64,100000,24680,zeros99,3,std_sort,0.095125
u64,100000,24680,zeros99,3,ska_sort,2.16525
u64,100000,24680,zeros99,3,ska_sort_copy,2.135042
u64,100000,24680,zeros99,3,radixkit,0.042167
u64,100000,24680,zeros99,4,std_sort,0.088292
u64,100000,24680,zeros99,4,ska_sort,2.203958
u64,100000,24680,zeros99,4,ska_sort_copy,2.234375
u64,100000,24680,zeros99,4,radixkit,0.043791
u64,100000,24680,zeros99,4,adaptive,0.05125
u64,100000,24680,zeros99,5,ska_sort,2.133375
u64,100000,24680,zeros99,5,ska_sort_copy,2.131
u64,100000,24680,zeros99,5,radixkit,0.041625
u64,100000,24680,zeros99,5,adaptive,0.052166
u64,100000,24680,zeros99,5,std_sort,0.099458
u64,100000,24680,zeros99,6,ska_sort_copy,2.678125
u64,100000,24680,zeros99,6,radixkit,0.044292
u64,100000,24680,zeros99,6,adaptive,0.042208
u64,100000,24680,zeros99,6,std_sort,0.092667
u64,100000,24680,zeros99,6,ska_sort,2.136917
u64,100000,24680,zeros99,7,radixkit,0.041458
u64,100000,24680,zeros99,7,adaptive,0.041666
u64,100000,24680,zeros99,7,std_sort,0.087667
u64,100000,24680,zeros99,7,ska_sort,2.178709
u64,100000,24680,zeros99,7,ska_sort_copy,2.22525
u64,100000,24680,zeros99,8,adaptive,0.046125
u64,100000,24680,zeros99,8,std_sort,0.092167
u64,100000,24680,zeros99,8,ska_sort,2.156459
u64,100000,24680,zeros99,8,ska_sort_copy,2.113459
u64,100000,24680,zeros99,8,radixkit,0.042166
u64,100000,24680,equal,0,ska_sort,1.725416
u64,100000,24680,equal,0,ska_sort_copy,1.740667
u64,100000,24680,equal,0,radixkit,0.015708
u64,100000,24680,equal,0,adaptive,0.009375
u64,100000,24680,equal,0,std_sort,0.125875
u64,100000,24680,equal,1,ska_sort_copy,1.790625
u64,100000,24680,equal,1,radixkit,0.016292
u64,100000,24680,equal,1,adaptive,0.009666
u64,100000,24680,equal,1,std_sort,0.129417
u64,100000,24680,equal,1,ska_sort,1.817875
u64,100000,24680,equal,2,radixkit,0.016041
u64,100000,24680,equal,2,adaptive,0.009583
u64,100000,24680,equal,2,std_sort,0.127792
u64,100000,24680,equal,2,ska_sort,1.736167
u64,100000,24680,equal,2,ska_sort_copy,1.728708
u64,100000,24680,equal,3,adaptive,0.009375
u64,100000,24680,equal,3,std_sort,0.131041
u64,100000,24680,equal,3,ska_sort,1.771792
u64,100000,24680,equal,3,ska_sort_copy,1.933708
u64,100000,24680,equal,3,radixkit,0.016625
u64,100000,24680,equal,4,std_sort,0.132875
u64,100000,24680,equal,4,ska_sort,1.787083
u64,100000,24680,equal,4,ska_sort_copy,1.7325
u64,100000,24680,equal,4,radixkit,0.015708
u64,100000,24680,equal,4,adaptive,0.009833
u64,100000,24680,equal,5,ska_sort,1.742792
u64,100000,24680,equal,5,ska_sort_copy,1.797333
u64,100000,24680,equal,5,radixkit,0.0165
u64,100000,24680,equal,5,adaptive,0.009875
u64,100000,24680,equal,5,std_sort,0.125375
u64,100000,24680,equal,6,ska_sort_copy,1.763375
u64,100000,24680,equal,6,radixkit,0.015792
u64,100000,24680,equal,6,adaptive,0.009417
u64,100000,24680,equal,6,std_sort,0.125708
u64,100000,24680,equal,6,ska_sort,1.764459
u64,100000,24680,equal,7,radixkit,0.016
u64,100000,24680,equal,7,adaptive,0.009541
u64,100000,24680,equal,7,std_sort,0.1275
u64,100000,24680,equal,7,ska_sort,1.780208
u64,100000,24680,equal,7,ska_sort_copy,1.888792
u64,100000,24680,equal,8,adaptive,0.010333
u64,100000,24680,equal,8,std_sort,0.135
u64,100000,24680,equal,8,ska_sort,1.788625
u64,100000,24680,equal,8,ska_sort_copy,1.741792
u64,100000,24680,equal,8,radixkit,0.016208
u64,100000,24680,ascending,0,ska_sort,2.219375
u64,100000,24680,ascending,0,ska_sort_copy,2.22075
u64,100000,24680,ascending,0,radixkit,0.063375
u64,100000,24680,ascending,0,adaptive,0.061208
u64,100000,24680,ascending,0,std_sort,0.09425
u64,100000,24680,ascending,1,ska_sort_copy,2.3705
u64,100000,24680,ascending,1,radixkit,0.069292
u64,100000,24680,ascending,1,adaptive,0.065834
u64,100000,24680,ascending,1,std_sort,0.097625
u64,100000,24680,ascending,1,ska_sort,2.290834
u64,100000,24680,ascending,2,radixkit,0.060792
u64,100000,24680,ascending,2,adaptive,0.061417
u64,100000,24680,ascending,2,std_sort,0.094208
u64,100000,24680,ascending,2,ska_sort,2.207583
u64,100000,24680,ascending,2,ska_sort_copy,2.286042
u64,100000,24680,ascending,3,adaptive,0.063375
u64,100000,24680,ascending,3,std_sort,0.1115
u64,100000,24680,ascending,3,ska_sort,2.290458
u64,100000,24680,ascending,3,ska_sort_copy,2.240875
u64,100000,24680,ascending,3,radixkit,0.060958
u64,100000,24680,ascending,4,std_sort,0.093875
u64,100000,24680,ascending,4,ska_sort,2.283916
u64,100000,24680,ascending,4,ska_sort_copy,2.445
u64,100000,24680,ascending,4,radixkit,0.060875
u64,100000,24680,ascending,4,adaptive,0.066208
u64,100000,24680,ascending,5,ska_sort,2.220833
u64,100000,24680,ascending,5,ska_sort_copy,2.221167
u64,100000,24680,ascending,5,radixkit,0.061459
u64,100000,24680,ascending,5,adaptive,0.065458
u64,100000,24680,ascending,5,std_sort,0.099584
u64,100000,24680,ascending,6,ska_sort_copy,2.496208
u64,100000,24680,ascending,6,radixkit,0.063209
u64,100000,24680,ascending,6,adaptive,0.063792
u64,100000,24680,ascending,6,std_sort,0.097709
u64,100000,24680,ascending,6,ska_sort,2.242583
u64,100000,24680,ascending,7,radixkit,0.060542
u64,100000,24680,ascending,7,adaptive,0.061375
u64,100000,24680,ascending,7,std_sort,0.094042
u64,100000,24680,ascending,7,ska_sort,2.21275
u64,100000,24680,ascending,7,ska_sort_copy,2.338958
u64,100000,24680,ascending,8,adaptive,0.06325
u64,100000,24680,ascending,8,std_sort,0.101583
u64,100000,24680,ascending,8,ska_sort,2.273166
u64,100000,24680,ascending,8,ska_sort_copy,2.209459
u64,100000,24680,ascending,8,radixkit,0.062083
u64,100000,24680,descending,0,ska_sort,2.275292
u64,100000,24680,descending,0,ska_sort_copy,6.870083
u64,100000,24680,descending,0,radixkit,0.094417
u64,100000,24680,descending,0,adaptive,0.085834
u64,100000,24680,descending,0,std_sort,0.180083
u64,100000,24680,descending,1,ska_sort_copy,2.335417
u64,100000,24680,descending,1,radixkit,0.084125
u64,100000,24680,descending,1,adaptive,0.087041
u64,100000,24680,descending,1,std_sort,0.170083
u64,100000,24680,descending,1,ska_sort,2.365125
u64,100000,24680,descending,2,radixkit,0.083209
u64,100000,24680,descending,2,adaptive,0.08425
u64,100000,24680,descending,2,std_sort,0.167917
u64,100000,24680,descending,2,ska_sort,2.306125
u64,100000,24680,descending,2,ska_sort_copy,2.318875
u64,100000,24680,descending,3,adaptive,0.083167
u64,100000,24680,descending,3,std_sort,0.16675
u64,100000,24680,descending,3,ska_sort,2.494125
u64,100000,24680,descending,3,ska_sort_copy,2.35825
u64,100000,24680,descending,3,radixkit,0.084042
u64,100000,24680,descending,4,std_sort,0.170584
u64,100000,24680,descending,4,ska_sort,2.333292
u64,100000,24680,descending,4,ska_sort_copy,2.364458
u64,100000,24680,descending,4,radixkit,0.085083
u64,100000,24680,descending,4,adaptive,0.104
u64,100000,24680,descending,5,ska_sort,2.325834
u64,100000,24680,descending,5,ska_sort_copy,2.286792
u64,100000,24680,descending,5,radixkit,0.082334
u64,100000,24680,descending,5,adaptive,0.083416
u64,100000,24680,descending,5,std_sort,0.165
u64,100000,24680,descending,6,ska_sort_copy,2.324459
u64,100000,24680,descending,6,radixkit,0.08525
u64,100000,24680,descending,6,adaptive,0.088666
u64,100000,24680,descending,6,std_sort,0.218291
u64,100000,24680,descending,6,ska_sort,2.377583
u64,100000,24680,descending,7,radixkit,0.0815
u64,100000,24680,descending,7,adaptive,0.081916
u64,100000,24680,descending,7,std_sort,0.164625
u64,100000,24680,descending,7,ska_sort,2.271709
u64,100000,24680,descending,7,ska_sort_copy,2.331417
u64,100000,24680,descending,8,adaptive,0.103917
u64,100000,24680,descending,8,std_sort,0.183833
u64,100000,24680,descending,8,ska_sort,2.302833
u64,100000,24680,descending,8,ska_sort_copy,2.266917
u64,100000,24680,descending,8,radixkit,0.081583
u64,100000,24680,sparse8,0,ska_sort,3.37325
u64,100000,24680,sparse8,0,ska_sort_copy,3.392208
u64,100000,24680,sparse8,0,radixkit,1.358084
u64,100000,24680,sparse8,0,adaptive,0.207333
u64,100000,24680,sparse8,0,std_sort,0.842
u64,100000,24680,sparse8,1,ska_sort_copy,3.303875
u64,100000,24680,sparse8,1,radixkit,1.245875
u64,100000,24680,sparse8,1,adaptive,0.202875
u64,100000,24680,sparse8,1,std_sort,0.840625
u64,100000,24680,sparse8,1,ska_sort,3.424584
u64,100000,24680,sparse8,2,radixkit,1.2235
u64,100000,24680,sparse8,2,adaptive,0.198
u64,100000,24680,sparse8,2,std_sort,0.838208
u64,100000,24680,sparse8,2,ska_sort,3.57025
u64,100000,24680,sparse8,2,ska_sort_copy,3.41925
u64,100000,24680,sparse8,3,adaptive,0.198042
u64,100000,24680,sparse8,3,std_sort,0.827833
u64,100000,24680,sparse8,3,ska_sort,3.422583
u64,100000,24680,sparse8,3,ska_sort_copy,3.377542
u64,100000,24680,sparse8,3,radixkit,1.228542
u64,100000,24680,sparse8,4,std_sort,0.824417
u64,100000,24680,sparse8,4,ska_sort,3.682
u64,100000,24680,sparse8,4,ska_sort_copy,3.331792
u64,100000,24680,sparse8,4,radixkit,1.205042
u64,100000,24680,sparse8,4,adaptive,0.214958
u64,100000,24680,sparse8,5,ska_sort,3.422084
u64,100000,24680,sparse8,5,ska_sort_copy,3.292708
u64,100000,24680,sparse8,5,radixkit,1.2315
u64,100000,24680,sparse8,5,adaptive,0.204083
u64,100000,24680,sparse8,5,std_sort,0.854334
u64,100000,24680,sparse8,6,ska_sort_copy,3.5115
u64,100000,24680,sparse8,6,radixkit,1.23
u64,100000,24680,sparse8,6,adaptive,0.198208
u64,100000,24680,sparse8,6,std_sort,0.832875
u64,100000,24680,sparse8,6,ska_sort,3.40025
u64,100000,24680,sparse8,7,radixkit,1.296042
u64,100000,24680,sparse8,7,adaptive,0.197334
u64,100000,24680,sparse8,7,std_sort,0.854209
u64,100000,24680,sparse8,7,ska_sort,3.345375
u64,100000,24680,sparse8,7,ska_sort_copy,3.585834
u64,100000,24680,sparse8,8,adaptive,0.207291
u64,100000,24680,sparse8,8,std_sort,0.836709
u64,100000,24680,sparse8,8,ska_sort,3.298041
u64,100000,24680,sparse8,8,ska_sort_copy,3.47375
u64,100000,24680,sparse8,8,radixkit,1.2675
u64,100000,24680,nearly_sorted,0,ska_sort,2.566958
u64,100000,24680,nearly_sorted,0,ska_sort_copy,2.590958
u64,100000,24680,nearly_sorted,0,radixkit,0.939959
u64,100000,24680,nearly_sorted,0,adaptive,0.923083
u64,100000,24680,nearly_sorted,0,std_sort,0.295
u64,100000,24680,nearly_sorted,1,ska_sort_copy,2.509125
u64,100000,24680,nearly_sorted,1,radixkit,0.881458
u64,100000,24680,nearly_sorted,1,adaptive,0.886792
u64,100000,24680,nearly_sorted,1,std_sort,0.299458
u64,100000,24680,nearly_sorted,1,ska_sort,2.776125
u64,100000,24680,nearly_sorted,2,radixkit,0.945958
u64,100000,24680,nearly_sorted,2,adaptive,0.916875
u64,100000,24680,nearly_sorted,2,std_sort,0.287334
u64,100000,24680,nearly_sorted,2,ska_sort,2.551084
u64,100000,24680,nearly_sorted,2,ska_sort_copy,2.691
u64,100000,24680,nearly_sorted,3,adaptive,0.9345
u64,100000,24680,nearly_sorted,3,std_sort,0.301334
u64,100000,24680,nearly_sorted,3,ska_sort,2.57425
u64,100000,24680,nearly_sorted,3,ska_sort_copy,2.554541
u64,100000,24680,nearly_sorted,3,radixkit,0.938375
u64,100000,24680,nearly_sorted,4,std_sort,0.386333
u64,100000,24680,nearly_sorted,4,ska_sort,2.714042
u64,100000,24680,nearly_sorted,4,ska_sort_copy,2.530583
u64,100000,24680,nearly_sorted,4,radixkit,0.929458
u64,100000,24680,nearly_sorted,4,adaptive,0.92575
u64,100000,24680,nearly_sorted,5,ska_sort,2.609667
u64,100000,24680,nearly_sorted,5,ska_sort_copy,2.526
u64,100000,24680,nearly_sorted,5,radixkit,0.904625
u64,100000,24680,nearly_sorted,5,adaptive,0.907458
u64,100000,24680,nearly_sorted,5,std_sort,0.2885
u64,100000,24680,nearly_sorted,6,ska_sort_copy,2.719833
u64,100000,24680,nearly_sorted,6,radixkit,0.958125
u64,100000,24680,nearly_sorted,6,adaptive,0.902417
u64,100000,24680,nearly_sorted,6,std_sort,0.283167
u64,100000,24680,nearly_sorted,6,ska_sort,2.517209
u64,100000,24680,nearly_sorted,7,radixkit,0.907625
u64,100000,24680,nearly_sorted,7,adaptive,0.904167
u64,100000,24680,nearly_sorted,7,std_sort,0.296208
u64,100000,24680,nearly_sorted,7,ska_sort,2.54275
u64,100000,24680,nearly_sorted,7,ska_sort_copy,2.521125
u64,100000,24680,nearly_sorted,8,adaptive,0.883917
u64,100000,24680,nearly_sorted,8,std_sort,0.296791
u64,100000,24680,nearly_sorted,8,ska_sort,2.790834
u64,100000,24680,nearly_sorted,8,ska_sort_copy,2.525541
u64,100000,24680,nearly_sorted,8,radixkit,0.910292
kv32,100000,24680,uniform,0,ska_sort,1.579208
kv32,100000,24680,uniform,0,ska_sort_copy,0.376541
kv32,100000,24680,uniform,0,radixkit,0.338583
kv32,100000,24680,uniform,0,std_sort,4.720333
kv32,100000,24680,uniform,1,ska_sort_copy,0.445959
kv32,100000,24680,uniform,1,radixkit,0.356375
kv32,100000,24680,uniform,1,std_sort,4.571375
kv32,100000,24680,uniform,1,ska_sort,1.822833
kv32,100000,24680,uniform,2,radixkit,0.401333
kv32,100000,24680,uniform,2,std_sort,4.637584
kv32,100000,24680,uniform,2,ska_sort,1.637125
kv32,100000,24680,uniform,2,ska_sort_copy,0.538125
kv32,100000,24680,uniform,3,std_sort,4.673833
kv32,100000,24680,uniform,3,ska_sort,1.574209
kv32,100000,24680,uniform,3,ska_sort_copy,0.448041
kv32,100000,24680,uniform,3,radixkit,0.407208
kv32,100000,24680,uniform,4,ska_sort,1.623791
kv32,100000,24680,uniform,4,ska_sort_copy,0.440584
kv32,100000,24680,uniform,4,radixkit,0.339167
kv32,100000,24680,uniform,4,std_sort,4.687792
kv32,100000,24680,uniform,5,ska_sort_copy,0.604458
kv32,100000,24680,uniform,5,radixkit,0.431
kv32,100000,24680,uniform,5,std_sort,4.606666
kv32,100000,24680,uniform,5,ska_sort,1.849834
kv32,100000,24680,uniform,6,radixkit,0.406958
kv32,100000,24680,uniform,6,std_sort,4.620083
kv32,100000,24680,uniform,6,ska_sort,1.590083
kv32,100000,24680,uniform,6,ska_sort_copy,0.509625
kv32,100000,24680,uniform,7,std_sort,4.617084
kv32,100000,24680,uniform,7,ska_sort,1.565125
kv32,100000,24680,uniform,7,ska_sort_copy,0.423625
kv32,100000,24680,uniform,7,radixkit,0.374
kv32,100000,24680,uniform,8,ska_sort,1.652375
kv32,100000,24680,uniform,8,ska_sort_copy,0.452584
kv32,100000,24680,uniform,8,radixkit,0.33925
kv32,100000,24680,uniform,8,std_sort,4.651917
kv32,100000,24680,uniform16,0,ska_sort,1.308042
kv32,100000,24680,uniform16,0,ska_sort_copy,0.802458
kv32,100000,24680,uniform16,0,radixkit,0.26575
kv32,100000,24680,uniform16,0,std_sort,4.595708
kv32,100000,24680,uniform16,1,ska_sort_copy,0.795416
kv32,100000,24680,uniform16,1,radixkit,0.260083
kv32,100000,24680,uniform16,1,std_sort,4.874542
kv32,100000,24680,uniform16,1,ska_sort,1.312916
kv32,100000,24680,uniform16,2,radixkit,0.323125
kv32,100000,24680,uniform16,2,std_sort,4.682875
kv32,100000,24680,uniform16,2,ska_sort,1.336334
kv32,100000,24680,uniform16,2,ska_sort_copy,0.8305
kv32,100000,24680,uniform16,3,std_sort,4.574667
kv32,100000,24680,uniform16,3,ska_sort,1.422084
kv32,100000,24680,uniform16,3,ska_sort_copy,0.85725
kv32,100000,24680,uniform16,3,radixkit,0.259917
kv32,100000,24680,uniform16,4,ska_sort,1.319875
kv32,100000,24680,uniform16,4,ska_sort_copy,0.785708
kv32,100000,24680,uniform16,4,radixkit,0.266125
kv32,100000,24680,uniform16,4,std_sort,4.574666
kv32,100000,24680,uniform16,5,ska_sort_copy,0.816333
kv32,100000,24680,uniform16,5,radixkit,0.258375
kv32,100000,24680,uniform16,5,std_sort,4.755167
kv32,100000,24680,uniform16,5,ska_sort,1.335292
kv32,100000,24680,uniform16,6,radixkit,0.315958
kv32,100000,24680,uniform16,6,std_sort,4.596042
kv32,100000,24680,uniform16,6,ska_sort,1.361666
kv32,100000,24680,uniform16,6,ska_sort_copy,0.853458
kv32,100000,24680,uniform16,7,std_sort,4.6285
kv32,100000,24680,uniform16,7,ska_sort,1.481084
kv32,100000,24680,uniform16,7,ska_sort_copy,0.888459
kv32,100000,24680,uniform16,7,radixkit,0.273833
kv32,100000,24680,uniform16,8,ska_sort,1.296792
kv32,100000,24680,uniform16,8,ska_sort_copy,0.761875
kv32,100000,24680,uniform16,8,radixkit,0.2545
kv32,100000,24680,uniform16,8,std_sort,4.616625
kv32,100000,24680,zeros99,0,ska_sort,1.114542
kv32,100000,24680,zeros99,0,ska_sort_copy,1.12375
kv32,100000,24680,zeros99,0,radixkit,0.804125
kv32,100000,24680,zeros99,0,std_sort,3.771667
kv32,100000,24680,zeros99,1,ska_sort_copy,1.074875
kv32,100000,24680,zeros99,1,radixkit,0.802084
kv32,100000,24680,zeros99,1,std_sort,4.084875
kv32,100000,24680,zeros99,1,ska_sort,1.093792
kv32,100000,24680,zeros99,2,radixkit,0.812125
kv32,100000,24680,zeros99,2,std_sort,3.879292
kv32,100000,24680,zeros99,2,ska_sort,1.091833
kv32,100000,24680,zeros99,2,ska_sort_copy,1.055042
kv32,100000,24680,zeros99,3,std_sort,3.881708
kv32,100000,24680,zeros99,3,ska_sort,1.143583
kv32,100000,24680,zeros99,3,ska_sort_copy,1.077958
kv32,100000,24680,zeros99,3,radixkit,0.771167
kv32,100000,24680,zeros99,4,ska_sort,1.082875
kv32,100000,24680,zeros99,4,ska_sort_copy,1.104667
kv32,100000,24680,zeros99,4,radixkit,0.796333
kv32,100000,24680,zeros99,4,std_sort,3.825667
kv32,100000,24680,zeros99,5,ska_sort_copy,1.079875
kv32,100000,24680,zeros99,5,radixkit,0.788208
kv32,100000,24680,zeros99,5,std_sort,4.044
kv32,100000,24680,zeros99,5,ska_sort,1.099791
kv32,100000,24680,zeros99,6,radixkit,0.797792
kv32,100000,24680,zeros99,6,std_sort,3.884833
kv32,100000,24680,zeros99,6,ska_sort,1.109334
kv32,100000,24680,zeros99,6,ska_sort_copy,1.055916
kv32,100000,24680,zeros99,7,std_sort,3.730542
kv32,100000,24680,zeros99,7,ska_sort,1.233708
kv32,100000,24680,zeros99,7,ska_sort_copy,1.169209
kv32,100000,24680,zeros99,7,radixkit,0.791167
kv32,100000,24680,zeros99,8,ska_sort,1.068917
kv32,100000,24680,zeros99,8,ska_sort_copy,1.052709
kv32,100000,24680,zeros99,8,radixkit,0.806792
kv32,100000,24680,zeros99,8,std_sort,4.013541
kv32,100000,24680,equal,0,ska_sort,0.908459
kv32,100000,24680,equal,0,ska_sort_copy,1.113666
kv32,100000,24680,equal,0,radixkit,0.119
kv32,100000,24680,equal,0,std_sort,0.074208
kv32,100000,24680,equal,1,ska_sort_copy,1.048375
kv32,100000,24680,equal,1,radixkit,0.124625
kv32,100000,24680,equal,1,std_sort,0.06925
kv32,100000,24680,equal,1,ska_sort,0.867916
kv32,100000,24680,equal,2,radixkit,0.118875
kv32,100000,24680,equal,2,std_sort,0.06875
kv32,100000,24680,equal,2,ska_sort,0.877666
kv32,100000,24680,equal,2,ska_sort_copy,1.099333
kv32,100000,24680,equal,3,std_sort,0.069709
kv32,100000,24680,equal,3,ska_sort,0.869291
kv32,100000,24680,equal,3,ska_sort_copy,1.05325
kv32,100000,24680,equal,3,radixkit,0.118792
kv32,100000,24680,equal,4,ska_sort,0.863792
kv32,100000,24680,equal,4,ska_sort_copy,1.047375
kv32,100000,24680,equal,4,radixkit,0.1205
kv32,100000,24680,equal,4,std_sort,0.066833
kv32,100000,24680,equal,5,ska_sort_copy,1.128833
kv32,100000,24680,equal,5,radixkit,0.133583
kv32,100000,24680,equal,5,std_sort,0.073042
kv32,100000,24680,equal,5,ska_sort,0.884584
kv32,100000,24680,equal,6,radixkit,0.1255
kv32,100000,24680,equal,6,std_sort,0.068
kv32,100000,24680,equal,6,ska_sort,0.878875
kv32,100000,24680,equal,6,ska_sort_copy,1.053792
kv32,100000,24680,equal,7,std_sort,0.066584
kv32,100000,24680,equal,7,ska_sort,0.87
kv32,100000,24680,equal,7,ska_sort_copy,1.086708
kv32,100000,24680,equal,7,radixkit,0.123
kv32,100000,24680,equal,8,ska_sort,0.923791
kv32,100000,24680,equal,8,ska_sort_copy,1.064917
kv32,100000,24680,equal,8,radixkit,0.119041
kv32,100000,24680,equal,8,std_sort,0.069542
kv32,100000,24680,ascending,0,ska_sort,1.545375
kv32,100000,24680,ascending,0,ska_sort_copy,1.147375
kv32,100000,24680,ascending,0,radixkit,0.800542
kv32,100000,24680,ascending,0,std_sort,0.070958
kv32,100000,24680,ascending,1,ska_sort_copy,1.062041
kv32,100000,24680,ascending,1,radixkit,0.81525
kv32,100000,24680,ascending,1,std_sort,0.069667
kv32,100000,24680,ascending,1,ska_sort,1.44775
kv32,100000,24680,ascending,2,radixkit,0.848125
kv32,100000,24680,ascending,2,std_sort,0.071042
kv32,100000,24680,ascending,2,ska_sort,1.392
kv32,100000,24680,ascending,2,ska_sort_copy,1.085083
kv32,100000,24680,ascending,3,std_sort,0.0685
kv32,100000,24680,ascending,3,ska_sort,1.406333
kv32,100000,24680,ascending,3,ska_sort_copy,1.188167
kv32,100000,24680,ascending,3,radixkit,0.875042
kv32,100000,24680,ascending,4,ska_sort,1.401125
kv32,100000,24680,ascending,4,ska_sort_copy,1.064792
kv32,100000,24680,ascending,4,radixkit,0.81075
kv32,100000,24680,ascending,4,std_sort,0.071
kv32,100000,24680,ascending,5,ska_sort_copy,1.071917
kv32,100000,24680,ascending,5,radixkit,0.822416
kv32,100000,24680,ascending,5,std_sort,0.0685
kv32,100000,24680,ascending,5,ska_sort,1.418875
kv32,100000,24680,ascending,6,radixkit,0.803583
kv32,100000,24680,ascending,6,std_sort,0.070875
kv32,100000,24680,ascending,6,ska_sort,1.3915
kv32,100000,24680,ascending,6,ska_sort_copy,1.101792
kv32,100000,24680,ascending,7,std_sort,0.072083
kv32,100000,24680,ascending,7,ska_sort,1.617833
kv32,100000,24680,ascending,7,ska_sort_copy,1.1715
kv32,100000,24680,ascending,7,radixkit,0.804917
kv32,100000,24680,ascending,8,ska_sort,1.398584
kv32,100000,24680,ascending,8,ska_sort_copy,1.079625
kv32,100000,24680,ascending,8,radixkit,0.80775
kv32,100000,24680,ascending,8,std_sort,0.069708
kv32,100000,24680,descending,0,ska_sort,1.494083
kv32,100000,24680,descending,0,ska_sort_copy,1.103417
kv32,100000,24680,descending,0,radixkit,0.826125
kv32,100000,24680,descending,0,std_sort,0.117958
kv32,100000,24680,descending,1,ska_sort_copy,1.117958
kv32,100000,24680,descending,1,radixkit,0.794833
kv32,100000,24680,descending,1,std_sort,0.112584
kv32,100000,24680,descending,1,ska_sort,1.468792
kv32,100000,24680,descending,2,radixkit,0.819291
kv32,100000,24680,descending,2,std_sort,0.116791
kv32,100000,24680,descending,2,ska_sort,1.554083
kv32,100000,24680,descending,2,ska_sort_copy,1.145834
kv32,100000,24680,descending,3,std_sort,0.115458
kv32,100000,24680,descending,3,ska_sort,1.468
kv32,100000,24680,descending,3,ska_sort_copy,1.075625
kv32,100000,24680,descending,3,radixkit,0.829458
kv32,100000,24680,descending,4,ska_sort,1.535458
kv32,100000,24680,descending,4,ska_sort_copy,1.166625
kv32,100000,24680,descending,4,radixkit,0.795625
kv32,100000,24680,descending,4,std_sort,0.117167
kv32,100000,24680,descending,5,ska_sort_copy,1.094958
kv32,100000,24680,descending,5,radixkit,0.781417
kv32,100000,24680,descending,5,std_sort,0.116166
kv32,100000,24680,descending,5,ska_sort,1.503958
kv32,100000,24680,descending,6,radixkit,0.860042
kv32,100000,24680,descending,6,std_sort,0.130167
kv32,100000,24680,descending,6,ska_sort,1.490583
kv32,100000,24680,descending,6,ska_sort_copy,1.053916
kv32,100000,24680,descending,7,std_sort,0.112667
kv32,100000,24680,descending,7,ska_sort,1.500292
kv32,100000,24680,descending,7,ska_sort_copy,1.081625
kv32,100000,24680,descending,7,radixkit,0.961584
kv32,100000,24680,descending,8,ska_sort,1.510375
kv32,100000,24680,descending,8,ska_sort_copy,1.15325
kv32,100000,24680,descending,8,radixkit,0.795
kv32,100000,24680,descending,8,std_sort,0.115833
kv32,100000,24680,sparse8,0,ska_sort,1.024333
kv32,100000,24680,sparse8,0,ska_sort_copy,0.716583
kv32,100000,24680,sparse8,0,radixkit,0.394959
kv32,100000,24680,sparse8,0,std_sort,2.423542
kv32,100000,24680,sparse8,1,ska_sort_copy,0.737334
kv32,100000,24680,sparse8,1,radixkit,0.391291
kv32,100000,24680,sparse8,1,std_sort,2.499416
kv32,100000,24680,sparse8,1,ska_sort,1.026125
kv32,100000,24680,sparse8,2,radixkit,0.387084
kv32,100000,24680,sparse8,2,std_sort,2.403292
kv32,100000,24680,sparse8,2,ska_sort,1.066916
kv32,100000,24680,sparse8,2,ska_sort_copy,0.844875
kv32,100000,24680,sparse8,3,std_sort,2.484625
kv32,100000,24680,sparse8,3,ska_sort,1.03425
kv32,100000,24680,sparse8,3,ska_sort_copy,0.715917
kv32,100000,24680,sparse8,3,radixkit,0.401584
kv32,100000,24680,sparse8,4,ska_sort,1.034834
kv32,100000,24680,sparse8,4,ska_sort_copy,0.7565
kv32,100000,24680,sparse8,4,radixkit,0.402458
kv32,100000,24680,sparse8,4,std_sort,2.383334
kv32,100000,24680,sparse8,5,ska_sort_copy,0.709166
kv32,100000,24680,sparse8,5,radixkit,0.385042
kv32,100000,24680,sparse8,5,std_sort,2.390041
kv32,100000,24680,sparse8,5,ska_sort,1.107417
kv32,100000,24680,sparse8,6,radixkit,0.396667
kv32,100000,24680,sparse8,6,std_sort,2.441917
kv32,100000,24680,sparse8,6,ska_sort,1.014333
kv32,100000,24680,sparse8,6,ska_sort_copy,0.700542
kv32,100000,24680,sparse8,7,std_sort,2.470917
kv32,100000,24680,sparse8,7,ska_sort,1.105917
kv32,100000,24680,sparse8,7,ska_sort_copy,0.70125
kv32,100000,24680,sparse8,7,radixkit,0.381708
kv32,100000,24680,sparse8,8,ska_sort,1.020334
kv32,100000,24680,sparse8,8,ska_sort_copy,0.708541
kv32,100000,24680,sparse8,8,radixkit,0.390625
kv32,100000,24680,sparse8,8,std_sort,2.528916
kv32,100000,24680,nearly_sorted,0,ska_sort,1.819375
kv32,100000,24680,nearly_sorted,0,ska_sort_copy,1.135292
kv32,100000,24680,nearly_sorted,0,radixkit,0.853459
kv32,100000,24680,nearly_sorted,0,std_sort,0.255542
kv32,100000,24680,nearly_sorted,1,ska_sort_copy,1.065
kv32,100000,24680,nearly_sorted,1,radixkit,0.796708
kv32,100000,24680,nearly_sorted,1,std_sort,0.250167
kv32,100000,24680,nearly_sorted,1,ska_sort,1.809875
kv32,100000,24680,nearly_sorted,2,radixkit,0.977334
kv32,100000,24680,nearly_sorted,2,std_sort,0.267667
kv32,100000,24680,nearly_sorted,2,ska_sort,1.733125
kv32,100000,24680,nearly_sorted,2,ska_sort_copy,1.081084
kv32,100000,24680,nearly_sorted,3,std_sort,0.245542
kv32,100000,24680,nearly_sorted,3,ska_sort,1.775625
kv32,100000,24680,nearly_sorted,3,ska_sort_copy,1.189792
kv32,100000,24680,nearly_sorted,3,radixkit,0.793792
kv32,100000,24680,nearly_sorted,4,ska_sort,1.731625
kv32,100000,24680,nearly_sorted,4,ska_sort_copy,1.072
kv32,100000,24680,nearly_sorted,4,radixkit,0.773375
kv32,100000,24680,nearly_sorted,4,std_sort,0.259708
kv32,100000,24680,nearly_sorted,5,ska_sort_copy,1.10775
kv32,100000,24680,nearly_sorted,5,radixkit,0.829292
kv32,100000,24680,nearly_sorted,5,std_sort,0.26325
kv32,100000,24680,nearly_sorted,5,ska_sort,1.759083
kv32,100000,24680,nearly_sorted,6,radixkit,0.785083
kv32,100000,24680,nearly_sorted,6,std_sort,0.2585
kv32,100000,24680,nearly_sorted,6,ska_sort,1.793417
kv32,100000,24680,nearly_sorted,6,ska_sort_copy,1.173792
kv32,100000,24680,nearly_sorted,7,std_sort,0.254208
kv32,100000,24680,nearly_sorted,7,ska_sort,1.762916
kv32,100000,24680,nearly_sorted,7,ska_sort_copy,1.05425
kv32,100000,24680,nearly_sorted,7,radixkit,0.796333
kv32,100000,24680,nearly_sorted,8,ska_sort,1.799458
kv32,100000,24680,nearly_sorted,8,ska_sort_copy,1.149
kv32,100000,24680,nearly_sorted,8,radixkit,0.96075
kv32,100000,24680,nearly_sorted,8,std_sort,0.259334
kv64,100000,24680,uniform,0,ska_sort,1.563625
kv64,100000,24680,uniform,0,ska_sort_copy,1.506583
kv64,100000,24680,uniform,0,radixkit,0.622375
kv64,100000,24680,uniform,0,std_sort,4.750042
kv64,100000,24680,uniform,1,ska_sort_copy,1.526875
kv64,100000,24680,uniform,1,radixkit,0.668833
kv64,100000,24680,uniform,1,std_sort,4.725708
kv64,100000,24680,uniform,1,ska_sort,1.537625
kv64,100000,24680,uniform,2,radixkit,0.68125
kv64,100000,24680,uniform,2,std_sort,4.716041
kv64,100000,24680,uniform,2,ska_sort,1.539958
kv64,100000,24680,uniform,2,ska_sort_copy,1.506
kv64,100000,24680,uniform,3,std_sort,5.004375
kv64,100000,24680,uniform,3,ska_sort,1.550208
kv64,100000,24680,uniform,3,ska_sort_copy,1.523042
kv64,100000,24680,uniform,3,radixkit,0.685167
kv64,100000,24680,uniform,4,ska_sort,1.538625
kv64,100000,24680,uniform,4,ska_sort_copy,1.608708
kv64,100000,24680,uniform,4,radixkit,0.767375
kv64,100000,24680,uniform,4,std_sort,4.787958
kv64,100000,24680,uniform,5,ska_sort_copy,1.594584
kv64,100000,24680,uniform,5,radixkit,0.716833
kv64,100000,24680,uniform,5,std_sort,4.607541
kv64,100000,24680,uniform,5,ska_sort,1.551542
kv64,100000,24680,uniform,6,radixkit,0.701583
kv64,100000,24680,uniform,6,std_sort,4.66
kv64,100000,24680,uniform,6,ska_sort,1.582458
kv64,100000,24680,uniform,6,ska_sort_copy,1.714208
kv64,100000,24680,uniform,7,std_sort,4.680458
kv64,100000,24680,uniform,7,ska_sort,1.548666
kv64,100000,24680,uniform,7,ska_sort_copy,1.608666
kv64,100000,24680,uniform,7,radixkit,0.722208
kv64,100000,24680,uniform,8,ska_sort,1.505875
kv64,100000,24680,uniform,8,ska_sort_copy,1.491333
kv64,100000,24680,uniform,8,radixkit,0.632125
kv64,100000,24680,uniform,8,std_sort,4.817667
kv64,100000,24680,uniform16,0,ska_sort,2.210625
kv64,100000,24680,uniform16,0,ska_sort_copy,2.213291
kv64,100000,24680,uniform16,0,radixkit,0.418625
kv64,100000,24680,uniform16,0,std_sort,4.6405
kv64,100000,24680,uniform16,1,ska_sort_copy,2.215458
kv64,100000,24680,uniform16,1,radixkit,0.533542
kv64,100000,24680,uniform16,1,std_sort,4.632541
kv64,100000,24680,uniform16,1,ska_sort,2.221292
kv64,100000,24680,uniform16,2,radixkit,0.463708
kv64,100000,24680,uniform16,2,std_sort,4.54525
kv64,100000,24680,uniform16,2,ska_sort,2.190667
kv64,100000,24680,uniform16,2,ska_sort_copy,2.249833
kv64,100000,24680,uniform16,3,std_sort,4.512917
kv64,100000,24680,uniform16,3,ska_sort,2.228917
kv64,100000,24680,uniform16,3,ska_sort_copy,2.245541
kv64,100000,24680,uniform16,3,radixkit,0.457166
kv64,100000,24680,uniform16,4,ska_sort,2.155875
kv64,100000,24680,uniform16,4,ska_sort_copy,2.221958
kv64,100000,24680,uniform16,4,radixkit,0.592417
kv64,100000,24680,uniform16,4,std_sort,4.472334
kv64,100000,24680,uniform16,5,ska_sort_copy,2.222167
kv64,100000,24680,uniform16,5,radixkit,0.461958
kv64,100000,24680,uniform16,5,std_sort,4.55575
kv64,100000,24680,uniform16,5,ska_sort,2.228792
kv64,100000,24680,uniform16,6,radixkit,0.469625
kv64,100000,24680,uniform16,6,std_sort,4.551166
kv64,100000,24680,uniform16,6,ska_sort,2.218542
kv64,100000,24680,uniform16,6,ska_sort_copy,2.253542
kv64,100000,24680,uniform16,7,std_sort,4.567708
kv64,100000,24680,uniform16,7,ska_sort,2.259292
kv64,100000,24680,uniform16,7,ska_sort_copy,2.193583
kv64,100000,24680,uniform16,7,radixkit,0.453042
kv64,100000,24680,uniform16,8,ska_sort,2.183541
kv64,100000,24680,uniform16,8,ska_sort_copy,2.238917
kv64,100000,24680,uniform16,8,radixkit,0.495125
kv64,100000,24680,uniform16,8,std_sort,4.55525
kv64,100000,24680,zeros99,0,ska_sort,2.1425
kv64,100000,24680,zeros99,0,ska_sort_copy,2.171458
kv64,100000,24680,zeros99,0,radixkit,0.048166
kv64,100000,24680,zeros99,0,std_sort,3.81975
kv64,100000,24680,zeros99,1,ska_sort_copy,2.17925
kv64,100000,24680,zeros99,1,radixkit,0.044708
kv64,100000,24680,zeros99,1,std_sort,3.889208
kv64,100000,24680,zeros99,1,ska_sort,2.171417
kv64,100000,24680,zeros99,2,radixkit,0.045958
kv64,100000,24680,zeros99,2,std_sort,4.025708
kv64,100000,24680,zeros99,2,ska_sort,2.183542
kv64,100000,24680,zeros99,2,ska_sort_copy,2.14975
kv64,100000,24680,zeros99,3,std_sort,3.839833
kv64,100000,24680,zeros99,3,ska_sort,2.129959
kv64,100000,24680,zeros99,3,ska_sort_copy,2.180292
kv64,100000,24680,zeros99,3,radixkit,0.04975
kv64,100000,24680,zeros99,4,ska_sort,2.194291
kv64,100000,24680,zeros99,4,ska_sort_copy,2.16525
kv64,100000,24680,zeros99,4,radixkit,0.043958
kv64,100000,24680,zeros99,4,std_sort,3.836583
kv64,100000,24680,zeros99,5,ska_sort_copy,2.188875
kv64,100000,24680,zeros99,5,radixkit,0.045542
kv64,100000,24680,zeros99,5,std_sort,3.797042
kv64,100000,24680,zeros99,5,ska_sort,2.230375
kv64,100000,24680,zeros99,6,radixkit,0.046125
kv64,100000,24680,zeros99,6,std_sort,3.756542
kv64,100000,24680,zeros99,6,ska_sort,2.195209
kv64,100000,24680,zeros99,6,ska_sort_copy,2.2375
kv64,100000,24680,zeros99,7,std_sort,3.743042
kv64,100000,24680,zeros99,7,ska_sort,2.267209
kv64,100000,24680,zeros99,7,ska_sort_copy,2.234375
kv64,100000,24680,zeros99,7,radixkit,0.046083
kv64,100000,24680,zeros99,8,ska_sort,2.180334
kv64,100000,24680,zeros99,8,ska_sort_copy,2.217666
kv64,100000,24680,zeros99,8,radixkit,0.059125
kv64,100000,24680,zeros99,8,std_sort,3.740417
kv64,100000,24680,equal,0,ska_sort,1.723292
kv64,100000,24680,equal,0,ska_sort_copy,1.72875
kv64,100000,24680,equal,0,radixkit,0.018583
kv64,100000,24680,equal,0,std_sort,0.09875
kv64,100000,24680,equal,1,ska_sort_copy,1.784083
kv64,100000,24680,equal,1,radixkit,0.02
kv64,100000,24680,equal,1,std_sort,0.109125
kv64,100000,24680,equal,1,ska_sort,1.763042
kv64,100000,24680,equal,2,radixkit,0.018917
kv64,100000,24680,equal,2,std_sort,0.095625
kv64,100000,24680,equal,2,ska_sort,1.756375
kv64,100000,24680,equal,2,ska_sort_copy,1.789709
kv64,100000,24680,equal,3,std_sort,0.10025
kv64,100000,24680,equal,3,ska_sort,1.877584
kv64,100000,24680,equal,3,ska_sort_copy,1.753959
kv64,100000,24680,equal,3,radixkit,0.018791
kv64,100000,24680,equal,4,ska_sort,1.724917
kv64,100000,24680,equal,4,ska_sort_copy,1.780542
kv64,100000,24680,equal,4,radixkit,0.019917
kv64,100000,24680,equal,4,std_sort,0.106041
kv64,100000,24680,equal,5,ska_sort_copy,1.732625
kv64,100000,24680,equal,5,radixkit,0.018583
kv64,100000,24680,equal,5,std_sort,0.093833
kv64,100000,24680,equal,5,ska_sort,1.718958
kv64,100000,24680,equal,6,radixkit,0.018583
kv64,100000,24680,equal,6,std_sort,0.093834
kv64,100000,24680,equal,6,ska_sort,1.816958
kv64,100000,24680,equal,6,ska_sort_copy,1.869209
kv64,100000,24680,equal,7,std_sort,0.094084
kv64,100000,24680,equal,7,ska_sort,1.724583
kv64,100000,24680,equal,7,ska_sort_copy,1.722708
kv64,100000,24680,equal,7,radixkit,0.018833
kv64,100000,24680,equal,8,ska_sort,1.811375
kv64,100000,24680,equal,8,ska_sort_copy,1.734792
kv64,100000,24680,equal,8,radixkit,0.018667
kv64,100000,24680,equal,8,std_sort,0.093958
kv64,100000,24680,ascending,0,ska_sort,2.223625
kv64,100000,24680,ascending,0,ska_sort_copy,2.219375
kv64,100000,24680,ascending,0,radixkit,0.060875
kv64,100000,24680,ascending,0,std_sort,0.097375
kv64,100000,24680,ascending,1,ska_sort_copy,2.324709
kv64,100000,24680,ascending,1,radixkit,0.060875
kv64,100000,24680,ascending,1,std_sort,0.1095
kv64,100000,24680,ascending,1,ska_sort,2.21775
kv64,100000,24680,ascending,2,radixkit,0.060583
kv64,100000,24680,ascending,2,std_sort,0.094
kv64,100000,24680,ascending,2,ska_sort,2.299333
kv64,100000,24680,ascending,2,ska_sort_copy,2.449041
kv64,100000,24680,ascending,3,std_sort,0.094208
kv64,100000,24680,ascending,3,ska_sort,2.229875
kv64,100000,24680,ascending,3,ska_sort_copy,2.273542
kv64,100000,24680,ascending,3,radixkit,0.063166
kv64,100000,24680,ascending,4,ska_sort,2.290542
kv64,100000,24680,ascending,4,ska_sort_copy,2.227292
kv64,100000,24680,ascending,4,radixkit,0.06075
kv64,100000,24680,ascending,4,std_sort,0.094042
kv64,100000,24680,ascending,5,ska_sort_copy,2.2765
kv64,100000,24680,ascending,5,radixkit,0.065625
kv64,100000,24680,ascending,5,std_sort,0.0975
kv64,100000,24680,ascending,5,ska_sort,2.250333
kv64,100000,24680,ascending,6,radixkit,0.061333
kv64,100000,24680,ascending,6,std_sort,0.101083
kv64,100000,24680,ascending,6,ska_sort,2.22875
kv64,100000,24680,ascending,6,ska_sort_copy,2.329833
kv64,100000,24680,ascending,7,std_sort,0.109209
kv64,100000,24680,ascending,7,ska_sort,2.229541
kv64,100000,24680,ascending,7,ska_sort_copy,2.224958
kv64,100000,24680,ascending,7,radixkit,0.06225
kv64,100000,24680,ascending,8,ska_sort,2.613417
kv64,100000,24680,ascending,8,ska_sort_copy,2.228084
kv64,100000,24680,ascending,8,radixkit,0.063083
kv64,100000,24680,ascending,8,std_sort,0.094667
kv64,100000,24680,descending,0,ska_sort,2.369041
kv64,100000,24680,descending,0,ska_sort_copy,2.4485
kv64,100000,24680,descending,0,radixkit,0.096917
kv64,100000,24680,descending,0,std_sort,0.143375
kv64,100000,24680,descending,1,ska_sort_copy,2.329
kv64,100000,24680,descending,1,radixkit,0.089208
kv64,100000,24680,descending,1,std_sort,0.139458
kv64,100000,24680,descending,1,ska_sort,2.350708
kv64,100000,24680,descending,2,radixkit,0.0925
kv64,100000,24680,descending,2,std_sort,0.144709
kv64,100000,24680,descending,2,ska_sort,2.430542
kv64,100000,24680,descending,2,ska_sort_copy,2.357917
kv64,100000,24680,descending,3,std_sort,0.140792
kv64,100000,24680,descending,3,ska_sort,2.416417
kv64,100000,24680,descending,3,ska_sort_copy,2.372334
kv64,100000,24680,descending,3,radixkit,0.089709
kv64,100000,24680,descending,4,ska_sort,2.310167
kv64,100000,24680,descending,4,ska_sort_copy,2.371
kv64,100000,24680,descending,4,radixkit,0.092792
kv64,100000,24680,descending,4,std_sort,0.145166
kv64,100000,24680,descending,5,ska_sort_copy,2.381916
kv64,100000,24680,descending,5,radixkit,0.089625
kv64,100000,24680,descending,5,std_sort,0.139417
kv64,100000,24680,descending,5,ska_sort,2.3165
kv64,100000,24680,descending,6,radixkit,0.090375
kv64,100000,24680,descending,6,std_sort,0.158875
kv64,100000,24680,descending,6,ska_sort,2.653708
kv64,100000,24680,descending,6,ska_sort_copy,2.319625
kv64,100000,24680,descending,7,std_sort,0.142416
kv64,100000,24680,descending,7,ska_sort,2.362916
kv64,100000,24680,descending,7,ska_sort_copy,2.471541
kv64,100000,24680,descending,7,radixkit,0.091
kv64,100000,24680,descending,8,ska_sort,2.332833
kv64,100000,24680,descending,8,ska_sort_copy,2.377041
kv64,100000,24680,descending,8,radixkit,0.102917
kv64,100000,24680,descending,8,std_sort,0.149917
kv64,100000,24680,sparse8,0,ska_sort,3.751625
kv64,100000,24680,sparse8,0,ska_sort_copy,3.393583
kv64,100000,24680,sparse8,0,radixkit,1.310083
kv64,100000,24680,sparse8,0,std_sort,2.487209
kv64,100000,24680,sparse8,1,ska_sort_copy,3.446125
kv64,100000,24680,sparse8,1,radixkit,1.315541
kv64,100000,24680,sparse8,1,std_sort,2.53525
kv64,100000,24680,sparse8,1,ska_sort,3.468042
kv64,100000,24680,sparse8,2,radixkit,1.295709
kv64,100000,24680,sparse8,2,std_sort,2.47575
kv64,100000,24680,sparse8,2,ska_sort,3.459042
kv64,100000,24680,sparse8,2,ska_sort_copy,3.447292
kv64,100000,24680,sparse8,3,std_sort,2.489083
kv64,100000,24680,sparse8,3,ska_sort,3.430625
kv64,100000,24680,sparse8,3,ska_sort_copy,3.534083
kv64,100000,24680,sparse8,3,radixkit,1.318291
kv64,100000,24680,sparse8,4,ska_sort,3.373833
kv64,100000,24680,sparse8,4,ska_sort_copy,3.746916
kv64,100000,24680,sparse8,4,radixkit,1.3055
kv64,100000,24680,sparse8,4,std_sort,2.390625
kv64,100000,24680,sparse8,5,ska_sort_copy,3.529916
kv64,100000,24680,sparse8,5,radixkit,1.300834
kv64,100000,24680,sparse8,5,std_sort,2.413042
kv64,100000,24680,sparse8,5,ska_sort,3.5955
kv64,100000,24680,sparse8,6,radixkit,1.326667
kv64,100000,24680,sparse8,6,std_sort,2.392583
kv64,100000,24680,sparse8,6,ska_sort,3.540875
kv64,100000,24680,sparse8,6,ska_sort_copy,3.408458
kv64,100000,24680,sparse8,7,std_sort,2.433
kv64,100000,24680,sparse8,7,ska_sort,3.754917
kv64,100000,24680,sparse8,7,ska_sort_copy,3.38375
kv64,100000,24680,sparse8,7,radixkit,1.31575
kv64,100000,24680,sparse8,8,ska_sort,3.4865
kv64,100000,24680,sparse8,8,ska_sort_copy,3.441667
kv64,100000,24680,sparse8,8,radixkit,1.3715
kv64,100000,24680,sparse8,8,std_sort,2.47
kv64,100000,24680,nearly_sorted,0,ska_sort,2.574292
kv64,100000,24680,nearly_sorted,0,ska_sort_copy,2.714
kv64,100000,24680,nearly_sorted,0,radixkit,0.981667
kv64,100000,24680,nearly_sorted,0,std_sort,0.278792
kv64,100000,24680,nearly_sorted,1,ska_sort_copy,2.593292
kv64,100000,24680,nearly_sorted,1,radixkit,0.941667
kv64,100000,24680,nearly_sorted,1,std_sort,0.283916
kv64,100000,24680,nearly_sorted,1,ska_sort,2.6675
kv64,100000,24680,nearly_sorted,2,radixkit,0.924125
kv64,100000,24680,nearly_sorted,2,std_sort,0.27625
kv64,100000,24680,nearly_sorted,2,ska_sort,2.586833
kv64,100000,24680,nearly_sorted,2,ska_sort_copy,2.899666
kv64,100000,24680,nearly_sorted,3,std_sort,0.278125
kv64,100000,24680,nearly_sorted,3,ska_sort,2.586709
kv64,100000,24680,nearly_sorted,3,ska_sort_copy,2.639375
kv64,100000,24680,nearly_sorted,3,radixkit,1.076917
kv64,100000,24680,nearly_sorted,4,ska_sort,2.594666
kv64,100000,24680,nearly_sorted,4,ska_sort_copy,2.600708
kv64,100000,24680,nearly_sorted,4,radixkit,0.961541
kv64,100000,24680,nearly_sorted,4,std_sort,0.293708
kv64,100000,24680,nearly_sorted,5,ska_sort_copy,2.645875
kv64,100000,24680,nearly_sorted,5,radixkit,0.94425
kv64,100000,24680,nearly_sorted,5,std_sort,0.273083
kv64,100000,24680,nearly_sorted,5,ska_sort,2.640875
kv64,100000,24680,nearly_sorted,6,radixkit,0.978125
kv64,100000,24680,nearly_sorted,6,std_sort,0.289667
kv64,100000,24680,nearly_sorted,6,ska_sort,2.6125
kv64,100000,24680,nearly_sorted,6,ska_sort_copy,2.646584
kv64,100000,24680,nearly_sorted,7,std_sort,0.293709
kv64,100000,24680,nearly_sorted,7,ska_sort,2.884208
kv64,100000,24680,nearly_sorted,7,ska_sort_copy,2.645083
kv64,100000,24680,nearly_sorted,7,radixkit,0.991542
kv64,100000,24680,nearly_sorted,8,ska_sort,2.75375
kv64,100000,24680,nearly_sorted,8,ska_sort_copy,2.619541
kv64,100000,24680,nearly_sorted,8,radixkit,0.922542
kv64,100000,24680,nearly_sorted,8,std_sort,0.285
u32,100000,97531,uniform,0,ska_sort,1.416666
u32,100000,97531,uniform,0,ska_sort_copy,0.406791
u32,100000,97531,uniform,0,radixkit,0.250083
u32,100000,97531,uniform,0,adaptive,0.265958
u32,100000,97531,uniform,0,std_sort,1.918208
u32,100000,97531,uniform,1,ska_sort_copy,0.371042
u32,100000,97531,uniform,1,radixkit,0.247666
u32,100000,97531,uniform,1,adaptive,0.248167
u32,100000,97531,uniform,1,std_sort,1.853083
u32,100000,97531,uniform,1,ska_sort,1.457292
u32,100000,97531,uniform,2,radixkit,0.274125
u32,100000,97531,uniform,2,adaptive,0.271042
u32,100000,97531,uniform,2,std_sort,1.903625
u32,100000,97531,uniform,2,ska_sort,1.434834
u32,100000,97531,uniform,2,ska_sort_copy,0.374
u32,100000,97531,uniform,3,adaptive,0.250125
u32,100000,97531,uniform,3,std_sort,1.87
u32,100000,97531,uniform,3,ska_sort,1.425875
u32,100000,97531,uniform,3,ska_sort_copy,0.377292
u32,100000,97531,uniform,3,radixkit,0.252042
u32,100000,97531,uniform,4,std_sort,1.955416
u32,100000,97531,uniform,4,ska_sort,1.424667
u32,100000,97531,uniform,4,ska_sort_copy,0.375833
u32,100000,97531,uniform,4,radixkit,0.251459
u32,100000,97531,uniform,4,adaptive,0.250417
u32,100000,97531,uniform,5,ska_sort,1.395625
u32,100000,97531,uniform,5,ska_sort_copy,0.371834
u32,100000,97531,uniform,5,radixkit,0.248167
u32,100000,97531,uniform,5,adaptive,0.250875
u32,100000,97531,uniform,5,std_sort,1.944708
u32,100000,97531,uniform,6,ska_sort_copy,0.49925
u32,100000,97531,uniform,6,radixkit,0.310917
u32,100000,97531,uniform,6,adaptive,0.263792
u32,100000,97531,uniform,6,std_sort,1.94425
u32,100000,97531,uniform,6,ska_sort,1.407542
u32,100000,97531,uniform,7,radixkit,0.260125
u32,100000,97531,uniform,7,adaptive,0.24775
u32,100000,97531,uniform,7,std_sort,1.875708
u32,100000,97531,uniform,7,ska_sort,1.445708
u32,100000,97531,uniform,7,ska_sort_copy,0.381375
u32,100000,97531,uniform,8,adaptive,0.256375
u32,100000,97531,uniform,8,std_sort,1.888209
u32,100000,97531,uniform,8,ska_sort,1.423667
u32,100000,97531,uniform,8,ska_sort_copy,0.3805
u32,100000,97531,uniform,8,radixkit,0.251625
u32,100000,97531,uniform16,0,ska_sort,1.245167
u32,100000,97531,uniform16,0,ska_sort_copy,0.837667
u32,100000,97531,uniform16,0,radixkit,0.203292
u32,100000,97531,uniform16,0,adaptive,0.195375
u32,100000,97531,uniform16,0,std_sort,1.976417
u32,100000,97531,uniform16,1,ska_sort_copy,0.846458
u32,100000,97531,uniform16,1,radixkit,0.197458
u32,100000,97531,uniform16,1,adaptive,0.20925
u32,100000,97531,uniform16,1,std_sort,1.93575
u32,100000,97531,uniform16,1,ska_sort,1.2675
u32,100000,97531,uniform16,2,radixkit,0.198167
u32,100000,97531,uniform16,2,adaptive,0.194875
u32,100000,97531,uniform16,2,std_sort,1.948042
u32,100000,97531,uniform16,2,ska_sort,1.233208
u32,100000,97531,uniform16,2,ska_sort_copy,0.791
u32,100000,97531,uniform16,3,adaptive,0.1895
u32,100000,97531,uniform16,3,std_sort,1.848958
u32,100000,97531,uniform16,3,ska_sort,1.255375
u32,100000,97531,uniform16,3,ska_sort_copy,0.798333
u32,100000,97531,uniform16,3,radixkit,0.193292
u32,100000,97531,uniform16,4,std_sort,1.9485
u32,100000,97531,uniform16,4,ska_sort,1.229084
u32,100000,97531,uniform16,4,ska_sort_copy,0.78625
u32,100000,97531,uniform16,4,radixkit,0.18925
u32,100000,97531,uniform16,4,adaptive,0.189375
u32,100000,97531,uniform16,5,ska_sort,1.228
u32,100000,97531,uniform16,5,ska_sort_copy,0.800833
u32,100000,97531,uniform16,5,radixkit,0.188709
u32,100000,97531,uniform16,5,adaptive,0.196
u32,100000,97531,uniform16,5,std_sort,2.119458
u32,100000,97531,uniform16,6,ska_sort_copy,0.837541
u32,100000,97531,uniform16,6,radixkit,0.203833
u32,100000,97531,uniform16,6,adaptive,0.189209
u32,100000,97531,uniform16,6,std_sort,1.872417
u32,100000,97531,uniform16,6,ska_sort,1.2385
u32,100000,97531,uniform16,7,radixkit,0.188709
u32,100000,97531,uniform16,7,adaptive,0.189041
u32,100000,97531,uniform16,7,std_sort,1.881625
u32,100000,97531,uniform16,7,ska_sort,1.292042
u32,100000,97531,uniform16,7,ska_sort_copy,0.808042
u32,100000,97531,uniform16,8,adaptive,0.206958
u32,100000,97531,uniform16,8,std_sort,1.861667
u32,100000,97531,uniform16,8,ska_sort,1.23975
u32,100000,97531,uniform16,8,ska_sort_copy,0.788917
u32,100000,97531,uniform16,8,radixkit,0.18875
u32,100000,97531,zeros99,0,ska_sort,1.319417
u32,100000,97531,zeros99,0,ska_sort_copy,1.11075
u32,100000,97531,zeros99,0,radixkit,0.299542
u32,100000,97531,zeros99,0,adaptive,0.044667
u32,100000,97531,zeros99,0,std_sort,0.087584
u32,100000,97531,zeros99,1,ska_sort_copy,1.115083
u32,100000,97531,zeros99,1,radixkit,0.276375
u32,100000,97531,zeros99,1,adaptive,0.0545
u32,100000,97531,zeros99,1,std_sort,0.081
u32,100000,97531,zeros99,1,ska_sort,1.288292
u32,100000,97531,zeros99,2,radixkit,0.27
u32,100000,97531,zeros99,2,adaptive,0.038542
u32,100000,97531,zeros99,2,std_sort,0.077125
u32,100000,97531,zeros99,2,ska_sort,1.256416
u32,100000,97531,zeros99,2,ska_sort_copy,1.077292
u32,100000,97531,zeros99,3,adaptive,0.038208
u32,100000,97531,zeros99,3,std_sort,0.076167
u32,100000,97531,zeros99,3,ska_sort,1.298792
u32,100000,97531,zeros99,3,ska_sort_copy,1.119209
u32,100000,97531,zeros99,3,radixkit,0.287166
u32,100000,97531,zeros99,4,std_sort,0.08975
u32,100000,97531,zeros99,4,ska_sort,1.451417
u32,100000,97531,zeros99,4,ska_sort_copy,1.098208
u32,100000,97531,zeros99,4,radixkit,0.270291
u32,100000,97531,zeros99,4,adaptive,0.049333
u32,100000,97531,zeros99,5,ska_sort,1.28375
u32,100000,97531,zeros99,5,ska_sort_copy,1.105917
u32,100000,97531,zeros99,5,radixkit,0.282417
u32,100000,97531,zeros99,5,adaptive,0.039833
u32,100000,97531,zeros99,5,std_sort,0.088125
u32,100000,97531,zeros99,6,ska_sort_copy,1.128125
u32,100000,97531,zeros99,6,radixkit,0.275834
u32,100000,97531,zeros99,6,adaptive,0.055584
u32,100000,97531,zeros99,6,std_sort,0.089708
u32,100000,97531,zeros99,6,ska_sort,1.289792
u32,100000,97531,zeros99,7,radixkit,0.270167
u32,100000,97531,zeros99,7,adaptive,0.038541
u32,100000,97531,zeros99,7,std_sort,0.081334
u32,100000,97531,zeros99,7,ska_sort,1.293542
u32,100000,97531,zeros99,7,ska_sort_copy,1.095708
u32,100000,97531,zeros99,8,adaptive,0.039083
u32,100000,97531,zeros99,8,std_sort,0.07925
u32,100000,97531,zeros99,8,ska_sort,1.290417
u32,100000,97531,zeros99,8,ska_sort_copy,1.120333
u32,100000,97531,zeros99,8,radixkit,0.284709
u32,100000,97531,equal,0,ska_sort,0.881917
u32,100000,97531,equal,0,ska_sort_copy,1.082708
u32,100000,97531,equal,0,radixkit,0.114833
u32,100000,97531,equal,0,adaptive,0.004708
u32,100000,97531,equal,0,std_sort,0.131667
u32,100000,97531,equal,1,ska_sort_copy,1.082083
u32,100000,97531,equal,1,radixkit,0.119834
u32,100000,97531,equal,1,adaptive,0.004709
u32,100000,97531,equal,1,std_sort,0.129833
u32,100000,97531,equal,1,ska_sort,0.891166
u32,100000,97531,equal,2,radixkit,0.118916
u32,100000,97531,equal,2,adaptive,0.004875
u32,100000,97531,equal,2,std_sort,0.129333
u32,100000,97531,equal,2,ska_sort,0.912833
u32,100000,97531,equal,2,ska_sort_copy,1.087416
u32,100000,97531,equal,3,adaptive,0.00525
u32,100000,97531,equal,3,std_sort,0.1305
u32,100000,97531,equal,3,ska_sort,0.867292
u32,100000,97531,equal,3,ska_sort_copy,1.069667
u32,100000,97531,equal,3,radixkit,0.114959
u32,100000,97531,equal,4,std_sort,0.124875
u32,100000,97531,equal,4,ska_sort,0.861125
u32,100000,97531,equal,4,ska_sort_copy,1.074875
u32,100000,97531,equal,4,radixkit,0.114792
u32,100000,97531,equal,4,adaptive,0.004709
u32,100000,97531,equal,5,ska_sort,0.902583
u32,100000,97531,equal,5,ska_sort_copy,1.156
u32,100000,97531,equal,5,radixkit,0.122209
u32,100000,97531,equal,5,adaptive,0.005
u32,100000,97531,equal,5,std_sort,0.132375
u32,100000,97531,equal,6,ska_sort_copy,1.103833
u32,100000,97531,equal,6,radixkit,0.114875
u32,100000,97531,equal,6,adaptive,0.004708
u32,100000,97531,equal,6,std_sort,0.124959
u32,100000,97531,equal,6,ska_sort,0.881709
u32,100000,97531,equal,7,radixkit,0.11475
u32,100000,97531,equal,7,adaptive,0.004708
u32,100000,97531,equal,7,std_sort,0.124916
u32,100000,97531,equal,7,ska_sort,0.85575
u32,100000,97531,equal,7,ska_sort_copy,1.071416
u32,100000,97531,equal,8,adaptive,0.00475
u32,100000,97531,equal,8,std_sort,0.124875
u32,100000,97531,equal,8,ska_sort,0.885083
u32,100000,97531,equal,8,ska_sort_copy,1.106125
u32,100000,97531,equal,8,radixkit,0.118792
u32,100000,97531,ascending,0,ska_sort,1.341208
u32,100000,97531,ascending,0,ska_sort_copy,0.731083
u32,100000,97531,ascending,0,radixkit,0.667459
u32,100000,97531,ascending,0,adaptive,0.033708
u32,100000,97531,ascending,0,std_sort,0.096667
u32,100000,97531,ascending,1,ska_sort_copy,0.755834
u32,100000,97531,ascending,1,radixkit,0.673833
u32,100000,97531,ascending,1,adaptive,0.035167
u32,100000,97531,ascending,1,std_sort,0.101334
u32,100000,97531,ascending,1,ska_sort,1.554875
u32,100000,97531,ascending,2,radixkit,0.699459
u32,100000,97531,ascending,2,adaptive,0.032333
u32,100000,97531,ascending,2,std_sort,0.096167
u32,100000,97531,ascending,2,ska_sort,1.386125
u32,100000,97531,ascending,2,ska_sort_copy,0.744625
u32,100000,97531,ascending,3,adaptive,0.031959
u32,100000,97531,ascending,3,std_sort,0.095625
u32,100000,97531,ascending,3,ska_sort,1.387417
u32,100000,97531,ascending,3,ska_sort_copy,0.758625
u32,100000,97531,ascending,3,radixkit,0.663709
u32,100000,97531,ascending,4,std_sort,0.097
u32,100000,97531,ascending,4,ska_sort,1.453667
u32,100000,97531,ascending,4,ska_sort_copy,0.753708
u32,100000,97531,ascending,4,radixkit,0.6695
u32,100000,97531,ascending,4,adaptive,0.032334
u32,100000,97531,ascending,5,ska_sort,1.370583
u32,100000,97531,ascending,5,ska_sort_copy,0.745417
u32,100000,97531,ascending,5,radixkit,0.732625
u32,100000,97531,ascending,5,adaptive,0.050125
u32,100000,97531,ascending,5,std_sort,0.095917
u32,100000,97531,ascending,6,ska_sort_copy,0.765875
u32,100000,97531,ascending,6,radixkit,0.668125
u32,100000,97531,ascending,6,adaptive,0.033333
u32,100000,97531,ascending,6,std_sort,0.100708
u32,100000,97531,ascending,6,ska_sort,1.428333
u32,100000,97531,ascending,7,radixkit,0.691916
u32,100000,97531,ascending,7,adaptive,0.032334
u32,100000,97531,ascending,7,std_sort,0.096291
u32,100000,97531,ascending,7,ska_sort,1.371542
u32,100000,97531,ascending,7,ska_sort_copy,0.745334
u32,100000,97531,ascending,8,adaptive,0.032041
u32,100000,97531,ascending,8,std_sort,0.095583
u32,100000,97531,ascending,8,ska_sort,1.378584
u32,100000,97531,ascending,8,ska_sort_copy,0.759791
u32,100000,97531,ascending,8,radixkit,0.66675
u32,100000,97531,descending,0,ska_sort,1.400667
u32,100000,97531,descending,0,ska_sort_copy,0.728416
u32,100000,97531,descending,0,radixkit,0.651125
u32,100000,97531,descending,0,adaptive,0.049875
u32,100000,97531,descending,0,std_sort,0.162667
u32,100000,97531,descending,1,ska_sort_copy,0.761042
u32,100000,97531,descending,1,radixkit,0.66975
u32,100000,97531,descending,1,adaptive,0.053792
u32,100000,97531,descending,1,std_sort,0.193458
u32,100000,97531,descending,1,ska_sort,1.517625
u32,100000,97531,descending,2,radixkit,0.68325
u32,100000,97531,descending,2,adaptive,0.0505
u32,100000,97531,descending,2,std_sort,0.16275
u32,100000,97531,descending,2,ska_sort,1.399125
u32,100000,97531,descending,2,ska_sort_copy,0.726542
u32,100000,97531,descending,3,adaptive,0.049958
u32,100000,97531,descending,3,std_sort,0.165208
u32,100000,97531,descending,3,ska_sort,1.393875
u32,100000,97531,descending,3,ska_sort_copy,0.760667
u32,100000,97531,descending,3,radixkit,0.672833
u32,100000,97531,descending,4,std_sort,0.168166
u32,100000,97531,descending,4,ska_sort,1.494166
u32,100000,97531,descending,4,ska_sort_copy,0.758292
u32,100000,97531,descending,4,radixkit,0.654208
u32,100000,97531,descending,4,adaptive,0.050042
u32,100000,97531,descending,5,ska_sort,1.423166
u32,100000,97531,descending,5,ska_sort_copy,0.741959
u32,100000,97531,descending,5,radixkit,0.684541
u32,100000,97531,descending,5,adaptive,0.050709
u32,100000,97531,descending,5,std_sort,0.166
u32,100000,97531,descending,6,ska_sort_copy,0.765291
u32,100000,97531,descending,6,radixkit,0.684625
u32,100000,97531,descending,6,adaptive,0.051667
u32,100000,97531,descending,6,std_sort,0.174375
u32,100000,97531,descending,6,ska_sort,1.463625
u32,100000,97531,descending,7,radixkit,0.699958
u32,100000,97531,descending,7,adaptive,0.050834
u32,100000,97531,descending,7,std_sort,0.165583
u32,100000,97531,descending,7,ska_sort,1.427875
u32,100000,97531,descending,7,ska_sort_copy,0.744917
u32,100000,97531,descending,8,adaptive,0.051125
u32,100000,97531,descending,8,std_sort,0.165875
u32,100000,97531,descending,8,ska_sort,1.427125
u32,100000,97531,descending,8,ska_sort_copy,0.773333
u32,100000,97531,descending,8,radixkit,0.678333
u32,100000,97531,sparse8,0,ska_sort,0.975209
u32,100000,97531,sparse8,0,ska_sort_copy,0.652209
u32,100000,97531,sparse8,0,radixkit,0.345875
u32,100000,97531,sparse8,0,adaptive,0.105292
u32,100000,97531,sparse8,0,std_sort,0.853375
u32,100000,97531,sparse8,1,ska_sort_copy,0.66575
u32,100000,97531,sparse8,1,radixkit,0.325125
u32,100000,97531,sparse8,1,adaptive,0.103958
u32,100000,97531,sparse8,1,std_sort,0.824125
u32,100000,97531,sparse8,1,ska_sort,0.972375
u32,100000,97531,sparse8,2,radixkit,0.325083
u32,100000,97531,sparse8,2,adaptive,0.103625
u32,100000,97531,sparse8,2,std_sort,0.809917
u32,100000,97531,sparse8,2,ska_sort,0.968
u32,100000,97531,sparse8,2,ska_sort_copy,0.641625
u32,100000,97531,sparse8,3,adaptive,0.107584
u32,100000,97531,sparse8,3,std_sort,0.816416
u32,100000,97531,sparse8,3,ska_sort,0.985292
u32,100000,97531,sparse8,3,ska_sort_copy,0.670458
u32,100000,97531,sparse8,3,radixkit,0.339708
u32,100000,97531,sparse8,4,std_sort,0.850375
u32,100000,97531,sparse8,4,ska_sort,0.980458
u32,100000,97531,sparse8,4,ska_sort_copy,0.639667
u32,100000,97531,sparse8,4,radixkit,0.324625
u32,100000,97531,sparse8,4,adaptive,0.107583
u32,100000,97531,sparse8,5,ska_sort,0.973583
u32,100000,97531,sparse8,5,ska_sort_copy,0.649917
u32,100000,97531,sparse8,5,radixkit,0.328459
u32,100000,97531,sparse8,5,adaptive,0.103917
u32,100000,97531,sparse8,5,std_sort,0.8255
u32,100000,97531,sparse8,6,ska_sort_copy,0.65075
u32,100000,97531,sparse8,6,radixkit,0.341875
u32,100000,97531,sparse8,6,adaptive,0.106333
u32,100000,97531,sparse8,6,std_sort,0.975
u32,100000,97531,sparse8,6,ska_sort,1.04025
u32,100000,97531,sparse8,7,radixkit,0.332667
u32,100000,97531,sparse8,7,adaptive,0.11425
u32,100000,97531,sparse8,7,std_sort,0.831
u32,100000,97531,sparse8,7,ska_sort,0.974209
u32,100000,97531,sparse8,7,ska_sort_copy,0.629583
u32,100000,97531,sparse8,8,adaptive,0.101959
u32,100000,97531,sparse8,8,std_sort,0.806042
u32,100000,97531,sparse8,8,ska_sort,0.985625
u32,100000,97531,sparse8,8,ska_sort_copy,0.653792
u32,100000,97531,sparse8,8,radixkit,0.354792
u32,100000,97531,nearly_sorted,0,ska_sort,1.648708
u32,100000,97531,nearly_sorted,0,ska_sort_copy,0.766334
u32,100000,97531,nearly_sorted,0,radixkit,0.664041
u32,100000,97531,nearly_sorted,0,adaptive,0.672041
u32,100000,97531,nearly_sorted,0,std_sort,0.297125
u32,100000,97531,nearly_sorted,1,ska_sort_copy,0.748084
u32,100000,97531,nearly_sorted,1,radixkit,0.659791
u32,100000,97531,nearly_sorted,1,adaptive,0.650667
u32,100000,97531,nearly_sorted,1,std_sort,0.272541
u32,100000,97531,nearly_sorted,1,ska_sort,1.617917
u32,100000,97531,nearly_sorted,2,radixkit,0.648667
u32,100000,97531,nearly_sorted,2,adaptive,0.680917
u32,100000,97531,nearly_sorted,2,std_sort,0.283834
u32,100000,97531,nearly_sorted,2,ska_sort,1.7025
u32,100000,97531,nearly_sorted,2,ska_sort_copy,0.771334
u32,100000,97531,nearly_sorted,3,adaptive,0.680541
u32,100000,97531,nearly_sorted,3,std_sort,0.284916
u32,100000,97531,nearly_sorted,3,ska_sort,1.665292
u32,100000,97531,nearly_sorted,3,ska_sort_copy,0.744792
u32,100000,97531,nearly_sorted,3,radixkit,0.672791
u32,100000,97531,nearly_sorted,4,std_sort,0.277583
u32,100000,97531,nearly_sorted,4,ska_sort,1.686459
u32,100000,97531,nearly_sorted,4,ska_sort_copy,0.919791
u32,100000,97531,nearly_sorted,4,radixkit,0.687291
u32,100000,97531,nearly_sorted,4,adaptive,0.684709
u32,100000,97531,nearly_sorted,5,ska_sort,1.65675
u32,100000,97531,nearly_sorted,5,ska_sort_copy,0.745167
u32,100000,97531,nearly_sorted,5,radixkit,0.661083
u32,100000,97531,nearly_sorted,5,adaptive,0.675125
u32,100000,97531,nearly_sorted,5,std_sort,0.283
u32,100000,97531,nearly_sorted,6,ska_sort_copy,0.767959
u32,100000,97531,nearly_sorted,6,radixkit,0.68025
u32,100000,97531,nearly_sorted,6,adaptive,0.672208
u32,100000,97531,nearly_sorted,6,std_sort,0.306667
u32,100000,97531,nearly_sorted,6,ska_sort,1.679958
u32,100000,97531,nearly_sorted,7,radixkit,0.646917
u32,100000,97531,nearly_sorted,7,adaptive,0.667
u32,100000,97531,nearly_sorted,7,std_sort,0.277791
u32,100000,97531,nearly_sorted,7,ska_sort,1.617
u32,100000,97531,nearly_sorted,7,ska_sort_copy,0.727166
u32,100000,97531,nearly_sorted,8,adaptive,0.637667
u32,100000,97531,nearly_sorted,8,std_sort,0.286042
u32,100000,97531,nearly_sorted,8,ska_sort,1.769083
u32,100000,97531,nearly_sorted,8,ska_sort_copy,0.788958
u32,100000,97531,nearly_sorted,8,radixkit,0.668208
u64,100000,97531,uniform,0,ska_sort,1.363209
u64,100000,97531,uniform,0,ska_sort_copy,1.412417
u64,100000,97531,uniform,0,radixkit,0.528042
u64,100000,97531,uniform,0,adaptive,0.526916
u64,100000,97531,uniform,0,std_sort,1.937
u64,100000,97531,uniform,1,ska_sort_copy,1.387458
u64,100000,97531,uniform,1,radixkit,0.507833
u64,100000,97531,uniform,1,adaptive,0.506542
u64,100000,97531,uniform,1,std_sort,1.967208
u64,100000,97531,uniform,1,ska_sort,1.464625
u64,100000,97531,uniform,2,radixkit,0.558666
u64,100000,97531,uniform,2,adaptive,0.506667
u64,100000,97531,uniform,2,std_sort,1.92525
u64,100000,97531,uniform,2,ska_sort,1.41825
u64,100000,97531,uniform,2,ska_sort_copy,1.390375
u64,100000,97531,uniform,3,adaptive,0.506375
u64,100000,97531,uniform,3,std_sort,2.126083
u64,100000,97531,uniform,3,ska_sort,1.44125
u64,100000,97531,uniform,3,ska_sort_copy,1.396375
u64,100000,97531,uniform,3,radixkit,0.543458
u64,100000,97531,uniform,4,std_sort,1.926042
u64,100000,97531,uniform,4,ska_sort,1.473208
u64,100000,97531,uniform,4,ska_sort_copy,1.467792
u64,100000,97531,uniform,4,radixkit,0.56475
u64,100000,97531,uniform,4,adaptive,0.528792
u64,100000,97531,uniform,5,ska_sort,1.395416
u64,100000,97531,uniform,5,ska_sort_copy,1.402125
u64,100000,97531,uniform,5,radixkit,0.506541
u64,100000,97531,uniform,5,adaptive,0.538458
u64,100000,97531,uniform,5,std_sort,2.051875
u64,100000,97531,uniform,6,ska_sort_copy,1.41
u64,100000,97531,uniform,6,radixkit,0.537375
u64,100000,97531,uniform,6,adaptive,0.508333
u64,100000,97531,uniform,6,std_sort,1.912792
u64,100000,97531,uniform,6,ska_sort,1.405792
u64,100000,97531,uniform,7,radixkit,0.516459
u64,100000,97531,uniform,7,adaptive,0.516709
u64,100000,97531,uniform,7,std_sort,1.972083
u64,100000,97531,uniform,7,ska_sort,1.419583
u64,100000,97531,uniform,7,ska_sort_copy,1.390166
u64,100000,97531,uniform,8,adaptive,0.517375
u64,100000,97531,uniform,8,std_sort,1.910417
u64,100000,97531,uniform,8,ska_sort,1.428959
u64,100000,97531,uniform,8,ska_sort_copy,1.598208
u64,100000,97531,uniform,8,radixkit,0.588125
u64,100000,97531,uniform16,0,ska_sort,2.186084
u64,100000,97531,uniform16,0,ska_sort_copy,2.180083
u64,100000,97531,uniform16,0,radixkit,0.381417
u64,100000,97531,uniform16,0,adaptive,0.357875
u64,100000,97531,uniform16,0,std_sort,1.91725
u64,100000,97531,uniform16,1,ska_sort_copy,2.149
u64,100000,97531,uniform16,1,radixkit,0.361334
u64,100000,97531,uniform16,1,adaptive,0.359458
u64,100000,97531,uniform16,1,std_sort,1.998666
u64,100000,97531,uniform16,1,ska_sort,2.142333
u64,100000,97531,uniform16,2,radixkit,0.37375
u64,100000,97531,uniform16,2,adaptive,0.354875
u64,100000,97531,uniform16,2,std_sort,1.939584
u64,100000,97531,uniform16,2,ska_sort,2.263625
u64,100000,97531,uniform16,2,ska_sort_copy,2.120125
u64,100000,97531,uniform16,3,adaptive,0.383291
u64,100000,97531,uniform16,3,std_sort,1.868792
u64,100000,97531,uniform16,3,ska_sort,2.133958
u64,100000,97531,uniform16,3,ska_sort_copy,2.18
u64,100000,97531,uniform16,3,radixkit,0.378083
u64,100000,97531,uniform16,4,std_sort,1.934583
u64,100000,97531,uniform16,4,ska_sort,2.114708
u64,100000,97531,uniform16,4,ska_sort_copy,2.385292
u64,100000,97531,uniform16,4,radixkit,0.428959
u64,100000,97531,uniform16,4,adaptive,0.366042
u64,100000,97531,uniform16,5,ska_sort,2.120792
u64,100000,97531,uniform16,5,ska_sort_copy,2.092
u64,100000,97531,uniform16,5,radixkit,0.348416
u64,100000,97531,uniform16,5,adaptive,0.34675
u64,100000,97531,uniform16,5,std_sort,1.951917
u64,100000,97531,uniform16,6,ska_sort_copy,2.152416
u64,100000,97531,uniform16,6,radixkit,0.370458
u64,100000,97531,uniform16,6,adaptive,0.347333
u64,100000,97531,uniform16,6,std_sort,1.906625
u64,100000,97531,uniform16,6,ska_sort,2.143
u64,100000,97531,uniform16,7,radixkit,0.430833
u64,100000,97531,uniform16,7,adaptive,0.368208
u64,100000,97531,uniform16,7,std_sort,1.959
u64,100000,97531,uniform16,7,ska_sort,2.12625
u64,100000,97531,uniform16,7,ska_sort_copy,2.116958
u64,100000,97531,uniform16,8,adaptive,0.361083
u64,100000,97531,uniform16,8,std_sort,1.950583
u64,100000,97531,uniform16,8,ska_sort,2.180583
u64,100000,97531,uniform16,8,ska_sort_copy,2.121583
u64,100000,97531,uniform16,8,radixkit,0.38
u64,100000,97531,zeros99,0,ska_sort,2.195917
u64,100000,97531,zeros99,0,ska_sort_copy,2.224917
u64,100000,97531,zeros99,0,radixkit,0.048333
u64,100000,97531,zeros99,0,adaptive,0.054417
u64,100000,97531,zeros99,0,std_sort,0.094625
u64,100000,97531,zeros99,1,ska_sort_copy,2.137084
u64,100000,97531,zeros99,1,radixkit,0.041708
u64,100000,97531,zeros99,1,adaptive,0.043708
u64,100000,97531,zeros99,1,std_sort,0.08925
u64,100000,97531,zeros99,1,ska_sort,2.13725
u64,100000,97531,zeros99,2,radixkit,0.045125
u64,100000,97531,zeros99,2,adaptive,0.044584
u64,100000,97531,zeros99,2,std_sort,0.093917
u64,100000,97531,zeros99,2,ska_sort,2.226208
u64,100000,97531,zeros99,2,ska_sort_copy,2.17875
u64,100000,97531,zeros99,3,adaptive,0.043542
u64,100000,97531,zeros99,3,std_sort,0.087959
u64,100000,97531,zeros99,3,ska_sort,2.1795
u64,100000,97531,zeros99,3,ska_sort_copy,2.21825
u64,100000,97531,zeros99,3,radixkit,0.044
u64,100000,97531,zeros99,4,std_sort,0.087458
u64,100000,97531,zeros99,4,ska_sort,2.195708
u64,100000,97531,zeros99,4,ska_sort_copy,2.177209
u64,100000,97531,zeros99,4,radixkit,0.042583
u64,100000,97531,zeros99,4,adaptive,0.042375
u64,100000,97531,zeros99,5,ska_sort,2.174708
u64,100000,97531,zeros99,5,ska_sort_copy,2.224125
u64,100000,97531,zeros99,5,radixkit,0.047917
u64,100000,97531,zeros99,5,adaptive,0.043416
u64,100000,97531,zeros99,5,std_sort,0.1015
u64,100000,97531,zeros99,6,ska_sort_copy,2.182791
u64,100000,97531,zeros99,6,radixkit,0.042375
u64,100000,97531,zeros99,6,adaptive,0.042208
u64,100000,97531,zeros99,6,std_sort,0.089417
u64,100000,97531,zeros99,6,ska_sort,2.1215
u64,100000,97531,zeros99,7,radixkit,0.042708
u64,100000,97531,zeros99,7,adaptive,0.047208
u64,100000,97531,zeros99,7,std_sort,0.089542
u64,100000,97531,zeros99,7,ska_sort,2.19
u64,100000,97531,zeros99,7,ska_sort_copy,2.16475
u64,100000,97531,zeros99,8,adaptive,0.045667
u64,100000,97531,zeros99,8,std_sort,0.09925
u64,100000,97531,zeros99,8,ska_sort,2.134625
u64,100000,97531,zeros99,8,ska_sort_copy,2.148
u64,100000,97531,zeros99,8,radixkit,0.043792
u64,100000,97531,equal,0,ska_sort,1.76
u64,100000,97531,equal,0,ska_sort_copy,1.7785
u64,100000,97531,equal,0,radixkit,0.016208
u64,100000,97531,equal,0,adaptive,0.009625
u64,100000,97531,equal,0,std_sort,0.129542
u64,100000,97531,equal,1,ska_sort_copy,1.8
u64,100000,97531,equal,1,radixkit,0.016625
u64,100000,97531,equal,1,adaptive,0.010417
u64,100000,97531,equal,1,std_sort,0.130125
u64,100000,97531,equal,1,ska_sort,1.738875
u64,100000,97531,equal,2,radixkit,0.015708
u64,100000,97531,equal,2,adaptive,0.0095
u64,100000,97531,equal,2,std_sort,0.124959
u64,100000,97531,equal,2,ska_sort,1.717542
u64,100000,97531,equal,2,ska_sort_copy,1.712792
u64,100000,97531,equal,3,adaptive,0.009292
u64,100000,97531,equal,3,std_sort,0.133209
u64,100000,97531,equal,3,ska_sort,1.830834
u64,100000,97531,equal,3,ska_sort_copy,1.746958
u64,100000,97531,equal,3,radixkit,0.016083
u64,100000,97531,equal,4,std_sort,0.127875
u64,100000,97531,equal,4,ska_sort,1.718417
u64,100000,97531,equal,4,ska_sort_copy,1.744667
u64,100000,97531,equal,4,radixkit,0.01625
u64,100000,97531,equal,4,adaptive,0.010584
u64,100000,97531,equal,5,ska_sort,1.793917
u64,100000,97531,equal,5,ska_sort_copy,1.756916
u64,100000,97531,equal,5,radixkit,0.016792
u64,100000,97531,equal,5,adaptive,0.009958
u64,100000,97531,equal,5,std_sort,0.130334
u64,100000,97531,equal,6,ska_sort_copy,1.730334
u64,100000,97531,equal,6,radixkit,0.015833
u64,100000,97531,equal,6,adaptive,0.009375
u64,100000,97531,equal,6,std_sort,0.125041
u64,100000,97531,equal,6,ska_sort,1.730625
u64,100000,97531,equal,7,radixkit,0.016583
u64,100000,97531,equal,7,adaptive,0.010167
u64,100000,97531,equal,7,std_sort,0.130083
u64,100000,97531,equal,7,ska_sort,1.916584
u64,100000,97531,equal,7,ska_sort_copy,1.804834
u64,100000,97531,equal,8,adaptive,0.009708
u64,100000,97531,equal,8,std_sort,0.130792
u64,100000,97531,equal,8,ska_sort,1.72475
u64,100000,97531,equal,8,ska_sort_copy,1.737666
u64,100000,97531,equal,8,radixkit,0.015958
u64,100000,97531,ascending,0,ska_sort,2.221916
u64,100000,97531,ascending,0,ska_sort_copy,2.249917
u64,100000,97531,ascending,0,radixkit,0.062708
u64,100000,97531,ascending,0,adaptive,0.077708
u64,100000,97531,ascending,0,std_sort,0.099083
u64,100000,97531,ascending,1,ska_sort_copy,2.313042
u64,100000,97531,ascending,1,radixkit,0.07225
u64,100000,97531,ascending,1,adaptive,0.060625
u64,100000,97531,ascending,1,std_sort,0.093917
u64,100000,97531,ascending,1,ska_sort,2.223666
u64,100000,97531,ascending,2,radixkit,0.060625
u64,100000,97531,ascending,2,adaptive,0.061292
u64,100000,97531,ascending,2,std_sort,0.09375
u64,100000,97531,ascending,2,ska_sort,2.409583
u64,100000,97531,ascending,2,ska_sort_copy,2.382125
u64,100000,97531,ascending,3,adaptive,0.061417
u64,100000,97531,ascending,3,std_sort,0.106625
u64,100000,97531,ascending,3,ska_sort,2.225334
u64,100000,97531,ascending,3,ska_sort_copy,2.232041
u64,100000,97531,ascending,3,radixkit,0.061833
u64,100000,97531,ascending,4,std_sort,0.113917
u64,100000,97531,ascending,4,ska_sort,2.374
u64,100000,97531,ascending,4,ska_sort_copy,2.256084
u64,100000,97531,ascending,4,radixkit,0.061
u64,100000,97531,ascending,4,adaptive,0.061375
u64,100000,97531,ascending,5,ska_sort,2.234542
u64,100000,97531,ascending,5,ska_sort_copy,2.302458
u64,100000,97531,ascending,5,radixkit,0.065541
u64,100000,97531,ascending,5,adaptive,0.063042
u64,100000,97531,ascending,5,std_sort,0.118542
u64,100000,97531,ascending,6,ska_sort_copy,2.295375
u64,100000,97531,ascending,6,radixkit,0.062459
u64,100000,97531,ascending,6,adaptive,0.062375
u64,100000,97531,ascending,6,std_sort,0.095542
u64,100000,97531,ascending,6,ska_sort,2.232666
u64,100000,97531,ascending,7,radixkit,0.061625
u64,100000,97531,ascending,7,adaptive,0.060791
u64,100000,97531,ascending,7,std_sort,0.093958
u64,100000,97531,ascending,7,ska_sort,2.305625
u64,100000,97531,ascending,7,ska_sort_copy,2.463959
u64,100000,97531,ascending,8,adaptive,0.061375
u64,100000,97531,ascending,8,std_sort,0.096833
u64,100000,97531,ascending,8,ska_sort,2.232375
u64,100000,97531,ascending,8,ska_sort_copy,2.24525
u64,100000,97531,ascending,8,radixkit,0.064334
u64,100000,97531,descending,0,ska_sort,2.254333
u64,100000,97531,descending,0,ska_sort_copy,2.355125
u64,100000,97531,descending,0,radixkit,0.086792
u64,100000,97531,descending,0,adaptive,0.083166
u64,100000,97531,descending,0,std_sort,0.176042
u64,100000,97531,descending,1,ska_sort_copy,2.270417
u64,100000,97531,descending,1,radixkit,0.08275
u64,100000,97531,descending,1,adaptive,0.082209
u64,100000,97531,descending,1,std_sort,0.1635
u64,100000,97531,descending,1,ska_sort,2.297125
u64,100000,97531,descending,2,radixkit,0.086
u64,100000,97531,descending,2,adaptive,0.085
u64,100000,97531,descending,2,std_sort,0.172833
u64,100000,97531,descending,2,ska_sort,2.3625
u64,100000,97531,descending,2,ska_sort_copy,2.271958
u64,100000,97531,descending,3,adaptive,0.081917
u64,100000,97531,descending,3,std_sort,0.168792
u64,100000,97531,descending,3,ska_sort,2.256708
u64,100000,97531,descending,3,ska_sort_copy,2.373042
u64,100000,97531,descending,3,radixkit,0.088625
u64,100000,97531,descending,4,std_sort,0.287583
u64,100000,97531,descending,4,ska_sort,2.390875
u64,100000,97531,descending,4,ska_sort_copy,2.281292
u64,100000,97531,descending,4,radixkit,0.082166
u64,100000,97531,descending,4,adaptive,0.082875
u64,100000,97531,descending,5,ska_sort,2.343291
u64,100000,97531,descending,5,ska_sort_copy,2.359792
u64,100000,97531,descending,5,radixkit,0.085875
u64,100000,97531,descending,5,adaptive,0.082
u64,100000,97531,descending,5,std_sort,0.166625
u64,100000,97531,descending,6,ska_sort_copy,2.274
u64,100000,97531,descending,6,radixkit,0.082875
u64,100000,97531,descending,6,adaptive,0.081542
u64,100000,97531,descending,6,std_sort,0.163583
u64,100000,97531,descending,6,ska_sort,2.328041
u64,100000,97531,descending,7,radixkit,0.085333
u64,100000,97531,descending,7,adaptive,0.087334
u64,100000,97531,descending,7,std_sort,0.175583
u64,100000,97531,descending,7,ska_sort,2.350167
u64,100000,97531,descending,7,ska_sort_copy,2.280583
u64,100000,97531,descending,8,adaptive,0.081166
u64,100000,97531,descending,8,std_sort,0.163583
u64,100000,97531,descending,8,ska_sort,2.343625
u64,100000,97531,descending,8,ska_sort_copy,2.348208
u64,100000,97531,descending,8,radixkit,0.083667
u64,100000,97531,sparse8,0,ska_sort,3.43425
u64,100000,97531,sparse8,0,ska_sort_copy,3.347917
u64,100000,97531,sparse8,0,radixkit,1.206375
u64,100000,97531,sparse8,0,adaptive,0.194292
u64,100000,97531,sparse8,0,std_sort,0.843958
u64,100000,97531,sparse8,1,ska_sort_copy,3.590917
u64,100000,97531,sparse8,1,radixkit,1.243334
u64,100000,97531,sparse8,1,adaptive,0.19725
u64,100000,97531,sparse8,1,std_sort,0.829667
u64,100000,97531,sparse8,1,ska_sort,3.352333
u64,100000,97531,sparse8,2,radixkit,1.295708
u64,100000,97531,sparse8,2,adaptive,0.19525
u64,100000,97531,sparse8,2,std_sort,0.851209
u64,100000,97531,sparse8,2,ska_sort,3.321291
u64,100000,97531,sparse8,2,ska_sort_copy,3.467708
u64,100000,97531,sparse8,3,adaptive,0.203542
u64,100000,97531,sparse8,3,std_sort,0.873875
u64,100000,97531,sparse8,3,ska_sort,3.319084
u64,100000,97531,sparse8,3,ska_sort_copy,3.3795
u64,100000,97531,sparse8,3,radixkit,1.273667
u64,100000,97531,sparse8,4,std_sort,0.865875
u64,100000,97531,sparse8,4,ska_sort,3.341125
u64,100000,97531,sparse8,4,ska_sort_copy,3.547625
u64,100000,97531,sparse8,4,radixkit,1.298334
u64,100000,97531,sparse8,4,adaptive,0.19825
u64,100000,97531,sparse8,5,ska_sort,3.348958
u64,100000,97531,sparse8,5,ska_sort_copy,3.44925
u64,100000,97531,sparse8,5,radixkit,1.26525
u64,100000,97531,sparse8,5,adaptive,0.197958
u64,100000,97531,sparse8,5,std_sort,0.853625
u64,100000,97531,sparse8,6,ska_sort_copy,3.354209
u64,100000,97531,sparse8,6,radixkit,1.355875
u64,100000,97531,sparse8,6,adaptive,0.217958
u64,100000,97531,sparse8,6,std_sort,0.871375
u64,100000,97531,sparse8,6,ska_sort,3.352833
u64,100000,97531,sparse8,7,radixkit,1.238208
u64,100000,97531,sparse8,7,adaptive,0.214833
u64,100000,97531,sparse8,7,std_sort,0.854917
u64,100000,97531,sparse8,7,ska_sort,3.494333
u64,100000,97531,sparse8,7,ska_sort_copy,3.342875
u64,100000,97531,sparse8,8,adaptive,0.198917
u64,100000,97531,sparse8,8,std_sort,0.941
u64,100000,97531,sparse8,8,ska_sort,3.48425
u64,100000,97531,sparse8,8,ska_sort_copy,3.286792
u64,100000,97531,sparse8,8,radixkit,1.25475
u64,100000,97531,nearly_sorted,0,ska_sort,2.768208
u64,100000,97531,nearly_sorted,0,ska_sort_copy,2.537459
u64,100000,97531,nearly_sorted,0,radixkit,0.908709
u64,100000,97531,nearly_sorted,0,adaptive,0.896083
u64,100000,97531,nearly_sorted,0,std_sort,0.292041
u64,100000,97531,nearly_sorted,1,ska_sort_copy,2.574916
u64,100000,97531,nearly_sorted,1,radixkit,0.933292
u64,100000,97531,nearly_sorted,1,adaptive,0.928375
u64,100000,97531,nearly_sorted,1,std_sort,0.298334
u64,100000,97531,nearly_sorted,1,ska_sort,2.539542
u64,100000,97531,nearly_sorted,2,radixkit,0.924542
u64,100000,97531,nearly_sorted,2,adaptive,0.951917
u64,100000,97531,nearly_sorted,2,std_sort,0.319166
u64,100000,97531,nearly_sorted,2,ska_sort,2.604792
u64,100000,97531,nearly_sorted,2,ska_sort_copy,2.469959
u64,100000,97531,nearly_sorted,3,adaptive,0.883
u64,100000,97531,nearly_sorted,3,std_sort,0.290042
u64,100000,97531,nearly_sorted,3,ska_sort,2.565792
u64,100000,97531,nearly_sorted,3,ska_sort_copy,2.506708
u64,100000,97531,nearly_sorted,3,radixkit,0.876042
u64,100000,97531,nearly_sorted,4,std_sort,0.29175
u64,100000,97531,nearly_sorted,4,ska_sort,2.490916
u64,100000,97531,nearly_sorted,4,ska_sort_copy,2.788
u64,100000,97531,nearly_sorted,4,radixkit,0.949875
u64,100000,97531,nearly_sorted,4,adaptive,0.897291
u64,100000,97531,nearly_sorted,5,ska_sort,2.489625
u64,100000,97531,nearly_sorted,5,ska_sort_copy,2.561917
u64,100000,97531,nearly_sorted,5,radixkit,0.9535
u64,100000,97531,nearly_sorted,5,adaptive,0.92175
u64,100000,97531,nearly_sorted,5,std_sort,0.294459
u64,100000,97531,nearly_sorted,6,ska_sort_copy,2.533625
u64,100000,97531,nearly_sorted,6,radixkit,0.920292
u64,100000,97531,nearly_sorted,6,adaptive,0.921417
u64,100000,97531,nearly_sorted,6,std_sort,0.320708
u64,100000,97531,nearly_sorted,6,ska_sort,2.605375
u64,100000,97531,nearly_sorted,7,radixkit,0.930708
u64,100000,97531,nearly_sorted,7,adaptive,0.8975
u64,100000,97531,nearly_sorted,7,std_sort,0.28875
u64,100000,97531,nearly_sorted,7,ska_sort,2.469125
u64,100000,97531,nearly_sorted,7,ska_sort_copy,2.590458
u64,100000,97531,nearly_sorted,8,adaptive,0.949458
u64,100000,97531,nearly_sorted,8,std_sort,0.288834
u64,100000,97531,nearly_sorted,8,ska_sort,2.544959
u64,100000,97531,nearly_sorted,8,ska_sort_copy,2.545208
u64,100000,97531,nearly_sorted,8,radixkit,0.943833
kv32,100000,97531,uniform,0,ska_sort,1.546584
kv32,100000,97531,uniform,0,ska_sort_copy,0.372625
kv32,100000,97531,uniform,0,radixkit,0.365875
kv32,100000,97531,uniform,0,std_sort,4.935417
kv32,100000,97531,uniform,1,ska_sort_copy,0.4305
kv32,100000,97531,uniform,1,radixkit,0.332166
kv32,100000,97531,uniform,1,std_sort,4.672625
kv32,100000,97531,uniform,1,ska_sort,1.52675
kv32,100000,97531,uniform,2,radixkit,0.400125
kv32,100000,97531,uniform,2,std_sort,4.735625
kv32,100000,97531,uniform,2,ska_sort,1.547917
kv32,100000,97531,uniform,2,ska_sort_copy,0.448333
kv32,100000,97531,uniform,3,std_sort,4.623958
kv32,100000,97531,uniform,3,ska_sort,1.605125
kv32,100000,97531,uniform,3,ska_sort_copy,0.449333
kv32,100000,97531,uniform,3,radixkit,0.345375
kv32,100000,97531,uniform,4,ska_sort,1.536291
kv32,100000,97531,uniform,4,ska_sort_copy,0.393833
kv32,100000,97531,uniform,4,radixkit,0.337708
kv32,100000,97531,uniform,4,std_sort,4.915333
kv32,100000,97531,uniform,5,ska_sort_copy,0.4345
kv32,100000,97531,uniform,5,radixkit,0.332041
kv32,100000,97531,uniform,5,std_sort,4.548292
kv32,100000,97531,uniform,5,ska_sort,1.557792
kv32,100000,97531,uniform,6,radixkit,0.415459
kv32,100000,97531,uniform,6,std_sort,4.682125
kv32,100000,97531,uniform,6,ska_sort,1.653208
kv32,100000,97531,uniform,6,ska_sort_copy,0.429917
kv32,100000,97531,uniform,7,std_sort,4.613875
kv32,100000,97531,uniform,7,ska_sort,1.583084
kv32,100000,97531,uniform,7,ska_sort_copy,0.472583
kv32,100000,97531,uniform,7,radixkit,0.351583
kv32,100000,97531,uniform,8,ska_sort,1.565166
kv32,100000,97531,uniform,8,ska_sort_copy,0.374041
kv32,100000,97531,uniform,8,radixkit,0.347
kv32,100000,97531,uniform,8,std_sort,4.655875
kv32,100000,97531,uniform16,0,ska_sort,1.289167
kv32,100000,97531,uniform16,0,ska_sort_copy,0.809625
kv32,100000,97531,uniform16,0,radixkit,0.292792
kv32,100000,97531,uniform16,0,std_sort,4.837291
kv32,100000,97531,uniform16,1,ska_sort_copy,0.855333
kv32,100000,97531,uniform16,1,radixkit,0.2655
kv32,100000,97531,uniform16,1,std_sort,4.635958
kv32,100000,97531,uniform16,1,ska_sort,1.315333
kv32,100000,97531,uniform16,2,radixkit,0.298542
kv32,100000,97531,uniform16,2,std_sort,4.703542
kv32,100000,97531,uniform16,2,ska_sort,1.316875
kv32,100000,97531,uniform16,2,ska_sort_copy,0.834666
kv32,100000,97531,uniform16,3,std_sort,4.63675
kv32,100000,97531,uniform16,3,ska_sort,1.324583
kv32,100000,97531,uniform16,3,ska_sort_copy,0.824834
kv32,100000,97531,uniform16,3,radixkit,0.259666
kv32,100000,97531,uniform16,4,ska_sort,1.304791
kv32,100000,97531,uniform16,4,ska_sort_copy,0.776542
kv32,100000,97531,uniform16,4,radixkit,0.259458
kv32,100000,97531,uniform16,4,std_sort,4.928667
kv32,100000,97531,uniform16,5,ska_sort_copy,0.849667
kv32,100000,97531,uniform16,5,radixkit,0.260667
kv32,100000,97531,uniform16,5,std_sort,4.682625
kv32,100000,97531,uniform16,5,ska_sort,1.321
kv32,100000,97531,uniform16,6,radixkit,0.312417
kv32,100000,97531,uniform16,6,std_sort,4.675834
kv32,100000,97531,uniform16,6,ska_sort,1.334625
kv32,100000,97531,uniform16,6,ska_sort_copy,0.821666
kv32,100000,97531,uniform16,7,std_sort,4.570208
kv32,100000,97531,uniform16,7,ska_sort,1.364167
kv32,100000,97531,uniform16,7,ska_sort_copy,0.829
kv32,100000,97531,uniform16,7,radixkit,0.254834
kv32,100000,97531,uniform16,8,ska_sort,1.2865
kv32,100000,97531,uniform16,8,ska_sort_copy,0.760208
kv32,100000,97531,uniform16,8,radixkit,0.254584
kv32,100000,97531,uniform16,8,std_sort,4.688208
kv32,100000,97531,zeros99,0,ska_sort,1.366708
kv32,100000,97531,zeros99,0,ska_sort_copy,1.292583
kv32,100000,97531,zeros99,0,radixkit,0.824458
kv32,100000,97531,zeros99,0,std_sort,3.805333
kv32,100000,97531,zeros99,1,ska_sort_copy,1.093042
kv32,100000,97531,zeros99,1,radixkit,0.829833
kv32,100000,97531,zeros99,1,std_sort,3.785
kv32,100000,97531,zeros99,1,ska_sort,1.304917
kv32,100000,97531,zeros99,2,radixkit,0.805667
kv32,100000,97531,zeros99,2,std_sort,3.878875
kv32,100000,97531,zeros99,2,ska_sort,1.294292
kv32,100000,97531,zeros99,2,ska_sort_copy,1.072667
kv32,100000,97531,zeros99,3,std_sort,3.8895
kv32,100000,97531,zeros99,3,ska_sort,1.305
kv32,100000,97531,zeros99,3,ska_sort_copy,1.075917
kv32,100000,97531,zeros99,3,radixkit,0.783084
kv32,100000,97531,zeros99,4,ska_sort,1.342792
kv32,100000,97531,zeros99,4,ska_sort_copy,1.25275
kv32,100000,97531,zeros99,4,radixkit,0.816167
kv32,100000,97531,zeros99,4,std_sort,3.761042
kv32,100000,97531,zeros99,5,ska_sort_copy,1.10075
kv32,100000,97531,zeros99,5,radixkit,0.797
kv32,100000,97531,zeros99,5,std_sort,3.820417
kv32,100000,97531,zeros99,5,ska_sort,1.296917
kv32,100000,97531,zeros99,6,radixkit,0.855125
kv32,100000,97531,zeros99,6,std_sort,3.896708
kv32,100000,97531,zeros99,6,ska_sort,1.302167
kv32,100000,97531,zeros99,6,ska_sort_copy,1.0825
kv32,100000,97531,zeros99,7,std_sort,3.959
kv32,100000,97531,zeros99,7,ska_sort,1.319334
kv32,100000,97531,zeros99,7,ska_sort_copy,1.075417
kv32,100000,97531,zeros99,7,radixkit,0.784584
kv32,100000,97531,zeros99,8,ska_sort,1.309458
kv32,100000,97531,zeros99,8,ska_sort_copy,1.128375
kv32,100000,97531,zeros99,8,radixkit,0.803167
kv32,100000,97531,zeros99,8,std_sort,3.699042
kv32,100000,97531,equal,0,ska_sort,0.887666
kv32,100000,97531,equal,0,ska_sort_copy,1.066375
kv32,100000,97531,equal,0,radixkit,0.121541
kv32,100000,97531,equal,0,std_sort,0.068125
kv32,100000,97531,equal,1,ska_sort_copy,1.064333
kv32,100000,97531,equal,1,radixkit,0.120959
kv32,100000,97531,equal,1,std_sort,0.06775
kv32,100000,97531,equal,1,ska_sort,0.882875
kv32,100000,97531,equal,2,radixkit,0.125333
kv32,100000,97531,equal,2,std_sort,0.073375
kv32,100000,97531,equal,2,ska_sort,0.897125
kv32,100000,97531,equal,2,ska_sort_copy,1.096166
kv32,100000,97531,equal,3,std_sort,0.066542
kv32,100000,97531,equal,3,ska_sort,0.866625
kv32,100000,97531,equal,3,ska_sort_copy,1.064375
kv32,100000,97531,equal,3,radixkit,0.120834
kv32,100000,97531,equal,4,ska_sort,0.890334
kv32,100000,97531,equal,4,ska_sort_copy,1.084375
kv32,100000,97531,equal,4,radixkit,0.134958
kv32,100000,97531,equal,4,std_sort,0.068708
kv32,100000,97531,equal,5,ska_sort_copy,1.080292
kv32,100000,97531,equal,5,radixkit,0.119042
kv32,100000,97531,equal,5,std_sort,0.066916
kv32,100000,97531,equal,5,ska_sort,0.856875
kv32,100000,97531,equal,6,radixkit,0.118666
kv32,100000,97531,equal,6,std_sort,0.066917
kv32,100000,97531,equal,6,ska_sort,0.860416
kv32,100000,97531,equal,6,ska_sort_copy,1.114167
kv32,100000,97531,equal,7,std_sort,0.070625
kv32,100000,97531,equal,7,ska_sort,0.933042
kv32,100000,97531,equal,7,ska_sort_copy,1.060917
kv32,100000,97531,equal,7,radixkit,0.123291
kv32,100000,97531,equal,8,ska_sort,0.854958
kv32,100000,97531,equal,8,ska_sort_copy,1.047167
kv32,100000,97531,equal,8,radixkit,0.118917
kv32,100000,97531,equal,8,std_sort,0.066958
kv32,100000,97531,ascending,0,ska_sort,1.382417
kv32,100000,97531,ascending,0,ska_sort_copy,1.054125
kv32,100000,97531,ascending,0,radixkit,0.783291
kv32,100000,97531,ascending,0,std_sort,0.068416
kv32,100000,97531,ascending,1,ska_sort_copy,1.082042
kv32,100000,97531,ascending,1,radixkit,0.853917
kv32,100000,97531,ascending,1,std_sort,0.071958
kv32,100000,97531,ascending,1,ska_sort,1.585292
kv32,100000,97531,ascending,2,radixkit,0.882459
kv32,100000,97531,ascending,2,std_sort,0.075292
kv32,100000,97531,ascending,2,ska_sort,1.388958
kv32,100000,97531,ascending,2,ska_sort_copy,1.065291
kv32,100000,97531,ascending,3,std_sort,0.069375
kv32,100000,97531,ascending,3,ska_sort,1.463125
kv32,100000,97531,ascending,3,ska_sort_copy,1.144959
kv32,100000,97531,ascending,3,radixkit,0.787583
kv32,100000,97531,ascending,4,ska_sort,1.383791
kv32,100000,97531,ascending,4,ska_sort_copy,1.075334
kv32,100000,97531,ascending,4,radixkit,0.857292
kv32,100000,97531,ascending,4,std_sort,0.071709
kv32,100000,97531,ascending,5,ska_sort_copy,1.158875
kv32,100000,97531,ascending,5,radixkit,0.807
kv32,100000,97531,ascending,5,std_sort,0.067
kv32,100000,97531,ascending,5,ska_sort,1.380791
kv32,100000,97531,ascending,6,radixkit,0.786416
kv32,100000,97531,ascending,6,std_sort,0.066875
kv32,100000,97531,ascending,6,ska_sort,1.409958
kv32,100000,97531,ascending,6,ska_sort_copy,1.13125
kv32,100000,97531,ascending,7,std_sort,0.078709
kv32,100000,97531,ascending,7,ska_sort,1.404833
kv32,100000,97531,ascending,7,ska_sort_copy,1.059875
kv32,100000,97531,ascending,7,radixkit,0.797625
kv32,100000,97531,ascending,8,ska_sort,1.42775
kv32,100000,97531,ascending,8,ska_sort_copy,1.214333
kv32,100000,97531,ascending,8,radixkit,0.851625
kv32,100000,97531,ascending,8,std_sort,0.068667
kv32,100000,97531,descending,0,ska_sort,1.547708
kv32,100000,97531,descending,0,ska_sort_copy,1.1925
kv32,100000,97531,descending,0,radixkit,0.794792
kv32,100000,97531,descending,0,std_sort,0.115667
kv32,100000,97531,descending,1,ska_sort_copy,1.095166
kv32,100000,97531,descending,1,radixkit,0.810125
kv32,100000,97531,descending,1,std_sort,0.119458
kv32,100000,97531,descending,1,ska_sort,1.7205
kv32,100000,97531,descending,2,radixkit,0.914917
kv32,100000,97531,descending,2,std_sort,0.115042
kv32,100000,97531,descending,2,ska_sort,1.495125
kv32,100000,97531,descending,2,ska_sort_copy,1.063541
kv32,100000,97531,descending,3,std_sort,0.115125
kv32,100000,97531,descending,3,ska_sort,1.505625
kv32,100000,97531,descending,3,ska_sort_copy,1.08125
kv32,100000,97531,descending,3,radixkit,0.849041
kv32,100000,97531,descending,4,ska_sort,1.476834
kv32,100000,97531,descending,4,ska_sort_copy,1.049708
kv32,100000,97531,descending,4,radixkit,0.785958
kv32,100000,97531,descending,4,std_sort,0.113041
kv32,100000,97531,descending,5,ska_sort_copy,1.118291
kv32,100000,97531,descending,5,radixkit,0.854167
kv32,100000,97531,descending,5,std_sort,0.118916
kv32,100000,97531,descending,5,ska_sort,1.596917
kv32,100000,97531,descending,6,radixkit,0.830667
kv32,100000,97531,descending,6,std_sort,0.137042
kv32,100000,97531,descending,6,ska_sort,1.466625
kv32,100000,97531,descending,6,ska_sort_copy,1.110833
kv32,100000,97531,descending,7,std_sort,0.116584
kv32,100000,97531,descending,7,ska_sort,1.531375
kv32,100000,97531,descending,7,ska_sort_copy,1.169834
kv32,100000,97531,descending,7,radixkit,0.781417
kv32,100000,97531,descending,8,ska_sort,1.45425
kv32,100000,97531,descending,8,ska_sort_copy,1.0945
kv32,100000,97531,descending,8,radixkit,0.824666
kv32,100000,97531,descending,8,std_sort,0.16575
kv32,100000,97531,sparse8,0,ska_sort,1.027125
kv32,100000,97531,sparse8,0,ska_sort_copy,0.713958
kv32,100000,97531,sparse8,0,radixkit,0.383916
kv32,100000,97531,sparse8,0,std_sort,2.40575
kv32,100000,97531,sparse8,1,ska_sort_copy,0.710833
kv32,100000,97531,sparse8,1,radixkit,0.387167
kv32,100000,97531,sparse8,1,std_sort,2.52625
kv32,100000,97531,sparse8,1,ska_sort,1.17325
kv32,100000,97531,sparse8,2,radixkit,0.386458
kv32,100000,97531,sparse8,2,std_sort,2.423625
kv32,100000,97531,sparse8,2,ska_sort,1.042041
kv32,100000,97531,sparse8,2,ska_sort_copy,0.721292
kv32,100000,97531,sparse8,3,std_sort,2.479917
kv32,100000,97531,sparse8,3,ska_sort,1.022375
kv32,100000,97531,sparse8,3,ska_sort_copy,0.71075
kv32,100000,97531,sparse8,3,radixkit,0.3835
kv32,100000,97531,sparse8,4,ska_sort,1.0185
kv32,100000,97531,sparse8,4,ska_sort_copy,0.757
kv32,100000,97531,sparse8,4,radixkit,0.395458
kv32,100000,97531,sparse8,4,std_sort,2.457542
kv32,100000,97531,sparse8,5,ska_sort_copy,0.711708
kv32,100000,97531,sparse8,5,radixkit,0.384375
kv32,100000,97531,sparse8,5,std_sort,2.408542
kv32,100000,97531,sparse8,5,ska_sort,1.042208
kv32,100000,97531,sparse8,6,radixkit,0.392625
kv32,100000,97531,sparse8,6,std_sort,2.425708
kv32,100000,97531,sparse8,6,ska_sort,1.024583
kv32,100000,97531,sparse8,6,ska_sort_copy,0.709083
kv32,100000,97531,sparse8,7,std_sort,2.435125
kv32,100000,97531,sparse8,7,ska_sort,1.063167
kv32,100000,97531,sparse8,7,ska_sort_copy,0.803959
kv32,100000,97531,sparse8,7,radixkit,0.387583
kv32,100000,97531,sparse8,8,ska_sort,1.024875
kv32,100000,97531,sparse8,8,ska_sort_copy,0.708792
kv32,100000,97531,sparse8,8,radixkit,0.383459
kv32,100000,97531,sparse8,8,std_sort,2.439458
kv32,100000,97531,nearly_sorted,0,ska_sort,1.731334
kv32,100000,97531,nearly_sorted,0,ska_sort_copy,1.12125
kv32,100000,97531,nearly_sorted,0,radixkit,0.824666
kv32,100000,97531,nearly_sorted,0,std_sort,0.263542
kv32,100000,97531,nearly_sorted,1,ska_sort_copy,1.084542
kv32,100000,97531,nearly_sorted,1,radixkit,0.797083
kv32,100000,97531,nearly_sorted,1,std_sort,0.255833
kv32,100000,97531,nearly_sorted,1,ska_sort,1.729666
kv32,100000,97531,nearly_sorted,2,radixkit,0.814625
kv32,100000,97531,nearly_sorted,2,std_sort,0.295291
kv32,100000,97531,nearly_sorted,2,ska_sort,1.729333
kv32,100000,97531,nearly_sorted,2,ska_sort_copy,1.091041
kv32,100000,97531,nearly_sorted,3,std_sort,0.256875
kv32,100000,97531,nearly_sorted,3,ska_sort,1.716167
kv32,100000,97531,nearly_sorted,3,ska_sort_copy,1.105916
kv32,100000,97531,nearly_sorted,3,radixkit,0.861875
kv32,100000,97531,nearly_sorted,4,ska_sort,1.755917
kv32,100000,97531,nearly_sorted,4,ska_sort_copy,1.11175
kv32,100000,97531,nearly_sorted,4,radixkit,0.78425
kv32,100000,97531,nearly_sorted,4,std_sort,0.254208
kv32,100000,97531,nearly_sorted,5,ska_sort_copy,1.085375
kv32,100000,97531,nearly_sorted,5,radixkit,0.807709
kv32,100000,97531,nearly_sorted,5,std_sort,0.283791
kv32,100000,97531,nearly_sorted,5,ska_sort,1.712125
kv32,100000,97531,nearly_sorted,6,radixkit,0.796959
kv32,100000,97531,nearly_sorted,6,std_sort,0.251458
kv32,100000,97531,nearly_sorted,6,ska_sort,1.686125
kv32,100000,97531,nearly_sorted,6,ska_sort_copy,1.07975
kv32,100000,97531,nearly_sorted,7,std_sort,0.268209
kv32,100000,97531,nearly_sorted,7,ska_sort,1.754875
kv32,100000,97531,nearly_sorted,7,ska_sort_copy,1.128125
kv32,100000,97531,nearly_sorted,7,radixkit,0.797625
kv32,100000,97531,nearly_sorted,8,ska_sort,1.718917
kv32,100000,97531,nearly_sorted,8,ska_sort_copy,1.098167
kv32,100000,97531,nearly_sorted,8,radixkit,0.811084
kv32,100000,97531,nearly_sorted,8,std_sort,0.263459
kv64,100000,97531,uniform,0,ska_sort,1.553417
kv64,100000,97531,uniform,0,ska_sort_copy,1.5285
kv64,100000,97531,uniform,0,radixkit,0.671209
kv64,100000,97531,uniform,0,std_sort,4.781084
kv64,100000,97531,uniform,1,ska_sort_copy,1.571125
kv64,100000,97531,uniform,1,radixkit,0.698125
kv64,100000,97531,uniform,1,std_sort,4.651416
kv64,100000,97531,uniform,1,ska_sort,1.62425
kv64,100000,97531,uniform,2,radixkit,0.706125
kv64,100000,97531,uniform,2,std_sort,4.632625
kv64,100000,97531,uniform,2,ska_sort,1.599708
kv64,100000,97531,uniform,2,ska_sort_copy,1.551625
kv64,100000,97531,uniform,3,std_sort,4.642542
kv64,100000,97531,uniform,3,ska_sort,1.593917
kv64,100000,97531,uniform,3,ska_sort_copy,1.542375
kv64,100000,97531,uniform,3,radixkit,0.689958
kv64,100000,97531,uniform,4,ska_sort,1.495209
kv64,100000,97531,uniform,4,ska_sort_copy,1.494125
kv64,100000,97531,uniform,4,radixkit,0.634541
kv64,100000,97531,uniform,4,std_sort,4.924333
kv64,100000,97531,uniform,5,ska_sort_copy,1.523417
kv64,100000,97531,uniform,5,radixkit,0.705458
kv64,100000,97531,uniform,5,std_sort,4.725667
kv64,100000,97531,uniform,5,ska_sort,1.517625
kv64,100000,97531,uniform,6,radixkit,0.676041
kv64,100000,97531,uniform,6,std_sort,4.782958
kv64,100000,97531,uniform,6,ska_sort,1.545667
kv64,100000,97531,uniform,6,ska_sort_copy,1.521834
kv64,100000,97531,uniform,7,std_sort,4.766208
kv64,100000,97531,uniform,7,ska_sort,1.518167
kv64,100000,97531,uniform,7,ska_sort_copy,1.503208
kv64,100000,97531,uniform,7,radixkit,0.745834
kv64,100000,97531,uniform,8,ska_sort,1.592292
kv64,100000,97531,uniform,8,ska_sort_copy,1.528209
kv64,100000,97531,uniform,8,radixkit,0.684417
kv64,100000,97531,uniform,8,std_sort,4.7195
kv64,100000,97531,uniform16,0,ska_sort,2.2885
kv64,100000,97531,uniform16,0,ska_sort_copy,2.148375
kv64,100000,97531,uniform16,0,radixkit,0.406208
kv64,100000,97531,uniform16,0,std_sort,4.581542
kv64,100000,97531,uniform16,1,ska_sort_copy,2.135292
kv64,100000,97531,uniform16,1,radixkit,0.444375
kv64,100000,97531,uniform16,1,std_sort,4.55525
kv64,100000,97531,uniform16,1,ska_sort,2.210834
kv64,100000,97531,uniform16,2,radixkit,0.441833
kv64,100000,97531,uniform16,2,std_sort,4.707291
kv64,100000,97531,uniform16,2,ska_sort,2.266167
kv64,100000,97531,uniform16,2,ska_sort_copy,2.191209
kv64,100000,97531,uniform16,3,std_sort,4.630083
kv64,100000,97531,uniform16,3,ska_sort,2.155125
kv64,100000,97531,uniform16,3,ska_sort_copy,2.171125
kv64,100000,97531,uniform16,3,radixkit,0.47325
kv64,100000,97531,uniform16,4,ska_sort,2.266625
kv64,100000,97531,uniform16,4,ska_sort_copy,2.192833
kv64,100000,97531,uniform16,4,radixkit,0.4435
kv64,100000,97531,uniform16,4,std_sort,4.681042
kv64,100000,97531,uniform16,5,ska_sort_copy,2.182042
kv64,100000,97531,uniform16,5,radixkit,0.437958
kv64,100000,97531,uniform16,5,std_sort,4.697208
kv64,100000,97531,uniform16,5,ska_sort,2.162875
kv64,100000,97531,uniform16,6,radixkit,0.446167
kv64,100000,97531,uniform16,6,std_sort,4.637042
kv64,100000,97531,uniform16,6,ska_sort,2.198584
kv64,100000,97531,uniform16,6,ska_sort_copy,2.191208
kv64,100000,97531,uniform16,7,std_sort,4.839708
kv64,100000,97531,uniform16,7,ska_sort,2.210958
kv64,100000,97531,uniform16,7,ska_sort_copy,2.2375
kv64,100000,97531,uniform16,7,radixkit,0.464375
kv64,100000,97531,uniform16,8,ska_sort,2.236
kv64,100000,97531,uniform16,8,ska_sort_copy,2.192333
kv64,100000,97531,uniform16,8,radixkit,0.410167
kv64,100000,97531,uniform16,8,std_sort,4.55575
kv64,100000,97531,zeros99,0,ska_sort,2.349333
kv64,100000,97531,zeros99,0,ska_sort_copy,2.238917
kv64,100000,97531,zeros99,0,radixkit,0.045
kv64,100000,97531,zeros99,0,std_sort,3.750042
kv64,100000,97531,zeros99,1,ska_sort_copy,2.1915
kv64,100000,97531,zeros99,1,radixkit,0.044583
kv64,100000,97531,zeros99,1,std_sort,3.6945
kv64,100000,97531,zeros99,1,ska_sort,2.259542
kv64,100000,97531,zeros99,2,radixkit,0.046792
kv64,100000,97531,zeros99,2,std_sort,3.774166
kv64,100000,97531,zeros99,2,ska_sort,2.18675
kv64,100000,97531,zeros99,2,ska_sort_copy,2.240042
kv64,100000,97531,zeros99,3,std_sort,3.783667
kv64,100000,97531,zeros99,3,ska_sort,2.184292
kv64,100000,97531,zeros99,3,ska_sort_copy,2.242375
kv64,100000,97531,zeros99,3,radixkit,0.045958
kv64,100000,97531,zeros99,4,ska_sort,2.150208
kv64,100000,97531,zeros99,4,ska_sort_copy,2.170875
kv64,100000,97531,zeros99,4,radixkit,0.044208
kv64,100000,97531,zeros99,4,std_sort,3.818833
kv64,100000,97531,zeros99,5,ska_sort_copy,2.168916
kv64,100000,97531,zeros99,5,radixkit,0.044834
kv64,100000,97531,zeros99,5,std_sort,4.012708
kv64,100000,97531,zeros99,5,ska_sort,2.195833
kv64,100000,97531,zeros99,6,radixkit,0.045708
kv64,100000,97531,zeros99,6,std_sort,3.861125
kv64,100000,97531,zeros99,6,ska_sort,2.196834
kv64,100000,97531,zeros99,6,ska_sort_copy,2.167584
kv64,100000,97531,zeros99,7,std_sort,3.953833
kv64,100000,97531,zeros99,7,ska_sort,2.175375
kv64,100000,97531,zeros99,7,ska_sort_copy,2.180291
kv64,100000,97531,zeros99,7,radixkit,0.050791
kv64,100000,97531,zeros99,8,ska_sort,2.239417
kv64,100000,97531,zeros99,8,ska_sort_copy,2.14325
kv64,100000,97531,zeros99,8,radixkit,0.043875
kv64,100000,97531,zeros99,8,std_sort,3.753083
kv64,100000,97531,equal,0,ska_sort,1.743208
kv64,100000,97531,equal,0,ska_sort_copy,1.810125
kv64,100000,97531,equal,0,radixkit,0.018625
kv64,100000,97531,equal,0,std_sort,0.094584
kv64,100000,97531,equal,1,ska_sort_copy,1.733541
kv64,100000,97531,equal,1,radixkit,0.0185
kv64,100000,97531,equal,1,std_sort,0.093833
kv64,100000,97531,equal,1,ska_sort,1.724292
kv64,100000,97531,equal,2,radixkit,0.018459
kv64,100000,97531,equal,2,std_sort,0.09375
kv64,100000,97531,equal,2,ska_sort,1.792166
kv64,100000,97531,equal,2,ska_sort_copy,1.737625
kv64,100000,97531,equal,3,std_sort,0.094041
kv64,100000,97531,equal,3,ska_sort,1.71525
kv64,100000,97531,equal,3,ska_sort_copy,1.750292
kv64,100000,97531,equal,3,radixkit,0.019167
kv64,100000,97531,equal,4,ska_sort,1.811708
kv64,100000,97531,equal,4,ska_sort_copy,1.730208
kv64,100000,97531,equal,4,radixkit,0.018833
kv64,100000,97531,equal,4,std_sort,0.094166
kv64,100000,97531,equal,5,ska_sort_copy,1.734667
kv64,100000,97531,equal,5,radixkit,0.018917
kv64,100000,97531,equal,5,std_sort,0.095583
kv64,100000,97531,equal,5,ska_sort,1.786
kv64,100000,97531,equal,6,radixkit,0.020708
kv64,100000,97531,equal,6,std_sort,0.098625
kv64,100000,97531,equal,6,ska_sort,1.733083
kv64,100000,97531,equal,6,ska_sort_copy,1.72225
kv64,100000,97531,equal,7,std_sort,0.093792
kv64,100000,97531,equal,7,ska_sort,1.760375
kv64,100000,97531,equal,7,ska_sort_copy,1.79
kv64,100000,97531,equal,7,radixkit,0.018708
kv64,100000,97531,equal,8,ska_sort,1.738625
kv64,100000,97531,equal,8,ska_sort_copy,1.72425
kv64,100000,97531,equal,8,radixkit,0.018542
kv64,100000,97531,equal,8,std_sort,0.094208
kv64,100000,97531,ascending,0,ska_sort,2.288791
kv64,100000,97531,ascending,0,ska_sort_copy,2.356291
kv64,100000,97531,ascending,0,radixkit,0.062875
kv64,100000,97531,ascending,0,std_sort,0.0985
kv64,100000,97531,ascending,1,ska_sort_copy,2.26925
kv64,100000,97531,ascending,1,radixkit,0.062542
kv64,100000,97531,ascending,1,std_sort,0.095625
kv64,100000,97531,ascending,1,ska_sort,2.321166
kv64,100000,97531,ascending,2,radixkit,0.065708
kv64,100000,97531,ascending,2,std_sort,0.100833
kv64,100000,97531,ascending,2,ska_sort,2.282959
kv64,100000,97531,ascending,2,ska_sort_copy,2.222541
kv64,100000,97531,ascending,3,std_sort,0.095625
kv64,100000,97531,ascending,3,ska_sort,2.295
kv64,100000,97531,ascending,3,ska_sort_copy,2.301791
kv64,100000,97531,ascending,3,radixkit,0.061958
kv64,100000,97531,ascending,4,ska_sort,2.229625
kv64,100000,97531,ascending,4,ska_sort_copy,2.275541
kv64,100000,97531,ascending,4,radixkit,0.065375
kv64,100000,97531,ascending,4,std_sort,0.101042
kv64,100000,97531,ascending,5,ska_sort_copy,2.3605
kv64,100000,97531,ascending,5,radixkit,0.060917
kv64,100000,97531,ascending,5,std_sort,0.094042
kv64,100000,97531,ascending,5,ska_sort,2.246459
kv64,100000,97531,ascending,6,radixkit,0.062625
kv64,100000,97531,ascending,6,std_sort,0.10075
kv64,100000,97531,ascending,6,ska_sort,2.345167
kv64,100000,97531,ascending,6,ska_sort_copy,2.249625
kv64,100000,97531,ascending,7,std_sort,0.094209
kv64,100000,97531,ascending,7,ska_sort,2.233542
kv64,100000,97531,ascending,7,ska_sort_copy,2.324209
kv64,100000,97531,ascending,7,radixkit,0.0655
kv64,100000,97531,ascending,8,ska_sort,2.22925
kv64,100000,97531,ascending,8,ska_sort_copy,2.21675
kv64,100000,97531,ascending,8,radixkit,0.062916
kv64,100000,97531,ascending,8,std_sort,0.099458
kv64,100000,97531,descending,0,ska_sort,2.418625
kv64,100000,97531,descending,0,ska_sort_copy,2.409708
kv64,100000,97531,descending,0,radixkit,0.089541
kv64,100000,97531,descending,0,std_sort,0.140125
kv64,100000,97531,descending,1,ska_sort_copy,2.312959
kv64,100000,97531,descending,1,radixkit,0.100958
kv64,100000,97531,descending,1,std_sort,0.1445
kv64,100000,97531,descending,1,ska_sort,2.424292
kv64,100000,97531,descending,2,radixkit,0.089416
kv64,100000,97531,descending,2,std_sort,0.157208
kv64,100000,97531,descending,2,ska_sort,2.328083
kv64,100000,97531,descending,2,ska_sort_copy,2.327583
kv64,100000,97531,descending,3,std_sort,0.1465
kv64,100000,97531,descending,3,ska_sort,2.607875
kv64,100000,97531,descending,3,ska_sort_copy,2.31525
kv64,100000,97531,descending,3,radixkit,0.089667
kv64,100000,97531,descending,4,ska_sort,2.36875
kv64,100000,97531,descending,4,ska_sort_copy,2.378208
kv64,100000,97531,descending,4,radixkit,0.0895
kv64,100000,97531,descending,4,std_sort,0.140042
kv64,100000,97531,descending,5,ska_sort_copy,2.313166
kv64,100000,97531,descending,5,radixkit,0.089208
kv64,100000,97531,descending,5,std_sort,0.159
kv64,100000,97531,descending,5,ska_sort,2.446792
kv64,100000,97531,descending,6,radixkit,0.093875
kv64,100000,97531,descending,6,std_sort,0.142042
kv64,100000,97531,descending,6,ska_sort,2.31575
kv64,100000,97531,descending,6,ska_sort_copy,2.345833
kv64,100000,97531,descending,7,std_sort,0.144459
kv64,100000,97531,descending,7,ska_sort,2.399459
kv64,100000,97531,descending,7,ska_sort_copy,2.369916
kv64,100000,97531,descending,7,radixkit,0.090958
kv64,100000,97531,descending,8,ska_sort,2.365625
kv64,100000,97531,descending,8,ska_sort_copy,2.630708
kv64,100000,97531,descending,8,radixkit,0.092833
kv64,100000,97531,descending,8,std_sort,0.144583
kv64,100000,97531,sparse8,0,ska_sort,3.388833
kv64,100000,97531,sparse8,0,ska_sort_copy,3.4455
kv64,100000,97531,sparse8,0,radixkit,1.364167
kv64,100000,97531,sparse8,0,std_sort,2.41325
kv64,100000,97531,sparse8,1,ska_sort_copy,3.442167
kv64,100000,97531,sparse8,1,radixkit,1.370917
kv64,100000,97531,sparse8,1,std_sort,2.417542
kv64,100000,97531,sparse8,1,ska_sort,3.432
kv64,100000,97531,sparse8,2,radixkit,1.326125
kv64,100000,97531,sparse8,2,std_sort,2.381583
kv64,100000,97531,sparse8,2,ska_sort,3.400417
kv64,100000,97531,sparse8,2,ska_sort_copy,3.684375
kv64,100000,97531,sparse8,3,std_sort,2.427667
kv64,100000,97531,sparse8,3,ska_sort,3.524791
kv64,100000,97531,sparse8,3,ska_sort_copy,3.468375
kv64,100000,97531,sparse8,3,radixkit,1.299792
kv64,100000,97531,sparse8,4,ska_sort,3.640833
kv64,100000,97531,sparse8,4,ska_sort_copy,3.395916
kv64,100000,97531,sparse8,4,radixkit,1.314458
kv64,100000,97531,sparse8,4,std_sort,2.503958
kv64,100000,97531,sparse8,5,ska_sort_copy,3.387625
kv64,100000,97531,sparse8,5,radixkit,1.296416
kv64,100000,97531,sparse8,5,std_sort,2.661167
kv64,100000,97531,sparse8,5,ska_sort,3.511667
kv64,100000,97531,sparse8,6,radixkit,1.3465
kv64,100000,97531,sparse8,6,std_sort,2.517708
kv64,100000,97531,sparse8,6,ska_sort,3.449708
kv64,100000,97531,sparse8,6,ska_sort_copy,3.568125
kv64,100000,97531,sparse8,7,std_sort,2.497667
kv64,100000,97531,sparse8,7,ska_sort,3.397166
kv64,100000,97531,sparse8,7,ska_sort_copy,3.489542
kv64,100000,97531,sparse8,7,radixkit,1.277334
kv64,100000,97531,sparse8,8,ska_sort,3.447458
kv64,100000,97531,sparse8,8,ska_sort_copy,3.63425
kv64,100000,97531,sparse8,8,radixkit,1.275333
kv64,100000,97531,sparse8,8,std_sort,2.420458
kv64,100000,97531,nearly_sorted,0,ska_sort,2.871583
kv64,100000,97531,nearly_sorted,0,ska_sort_copy,2.553583
kv64,100000,97531,nearly_sorted,0,radixkit,0.951125
kv64,100000,97531,nearly_sorted,0,std_sort,0.2935
kv64,100000,97531,nearly_sorted,1,ska_sort_copy,2.677875
kv64,100000,97531,nearly_sorted,1,radixkit,0.963584
kv64,100000,97531,nearly_sorted,1,std_sort,0.286959
kv64,100000,97531,nearly_sorted,1,ska_sort,2.55425
kv64,100000,97531,nearly_sorted,2,radixkit,0.938333
kv64,100000,97531,nearly_sorted,2,std_sort,0.291542
kv64,100000,97531,nearly_sorted,2,ska_sort,2.81625
kv64,100000,97531,nearly_sorted,2,ska_sort_copy,2.541625
kv64,100000,97531,nearly_sorted,3,std_sort,0.285333
kv64,100000,97531,nearly_sorted,3,ska_sort,2.6625
kv64,100000,97531,nearly_sorted,3,ska_sort_copy,2.559625
kv64,100000,97531,nearly_sorted,3,radixkit,0.957208
kv64,100000,97531,nearly_sorted,4,ska_sort,2.583958
kv64,100000,97531,nearly_sorted,4,ska_sort_copy,2.796375
kv64,100000,97531,nearly_sorted,4,radixkit,0.982
kv64,100000,97531,nearly_sorted,4,std_sort,0.286291
kv64,100000,97531,nearly_sorted,5,ska_sort_copy,2.59925
kv64,100000,97531,nearly_sorted,5,radixkit,0.935083
kv64,100000,97531,nearly_sorted,5,std_sort,0.321333
kv64,100000,97531,nearly_sorted,5,ska_sort,2.581458
kv64,100000,97531,nearly_sorted,6,radixkit,0.92475
kv64,100000,97531,nearly_sorted,6,std_sort,0.280667
kv64,100000,97531,nearly_sorted,6,ska_sort,2.648041
kv64,100000,97531,nearly_sorted,6,ska_sort_copy,2.836625
kv64,100000,97531,nearly_sorted,7,std_sort,0.287125
kv64,100000,97531,nearly_sorted,7,ska_sort,2.551958
kv64,100000,97531,nearly_sorted,7,ska_sort_copy,2.796292
kv64,100000,97531,nearly_sorted,7,radixkit,0.965708
kv64,100000,97531,nearly_sorted,8,ska_sort,2.544792
kv64,100000,97531,nearly_sorted,8,ska_sort_copy,2.576708
kv64,100000,97531,nearly_sorted,8,radixkit,0.927792
kv64,100000,97531,nearly_sorted,8,std_sort,0.281459
u32,1000000,13579,uniform,0,ska_sort,11.939125
u32,1000000,13579,uniform,0,ska_sort_copy,4.320458
u32,1000000,13579,uniform,0,radixkit,2.575042
u32,1000000,13579,uniform,0,adaptive,2.517084
u32,1000000,13579,uniform,0,std_sort,20.623
u32,1000000,13579,uniform,1,ska_sort_copy,4.476791
u32,1000000,13579,uniform,1,radixkit,2.642208
u32,1000000,13579,uniform,1,adaptive,2.539375
u32,1000000,13579,uniform,1,std_sort,20.599833
u32,1000000,13579,uniform,1,ska_sort,12.128875
u32,1000000,13579,uniform,2,radixkit,2.632041
u32,1000000,13579,uniform,2,adaptive,2.644458
u32,1000000,13579,uniform,2,std_sort,20.779584
u32,1000000,13579,uniform,2,ska_sort,11.907333
u32,1000000,13579,uniform,2,ska_sort_copy,4.54025
u32,1000000,13579,uniform,3,adaptive,2.503334
u32,1000000,13579,uniform,3,std_sort,20.598125
u32,1000000,13579,uniform,3,ska_sort,12.117459
u32,1000000,13579,uniform,3,ska_sort_copy,4.015375
u32,1000000,13579,uniform,3,radixkit,2.527917
u32,1000000,13579,uniform,4,std_sort,20.734417
u32,1000000,13579,uniform,4,ska_sort,12.435209
u32,1000000,13579,uniform,4,ska_sort_copy,4.360417
u32,1000000,13579,uniform,4,radixkit,2.78875
u32,1000000,13579,uniform,4,adaptive,2.713292
u32,1000000,13579,uniform,5,ska_sort,12.525417
u32,1000000,13579,uniform,5,ska_sort_copy,4.222708
u32,1000000,13579,uniform,5,radixkit,4.633792
u32,1000000,13579,uniform,5,adaptive,2.813416
u32,1000000,13579,uniform,5,std_sort,21.081791
u32,1000000,13579,uniform,6,ska_sort_copy,4.047041
u32,1000000,13579,uniform,6,radixkit,2.637084
u32,1000000,13579,uniform,6,adaptive,3.000958
u32,1000000,13579,uniform,6,std_sort,20.592625
u32,1000000,13579,uniform,6,ska_sort,12.165959
u32,1000000,13579,uniform,7,radixkit,2.689167
u32,1000000,13579,uniform,7,adaptive,2.534125
u32,1000000,13579,uniform,7,std_sort,20.484583
u32,1000000,13579,uniform,7,ska_sort,12.258292
u32,1000000,13579,uniform,7,ska_sort_copy,4.012458
u32,1000000,13579,uniform,8,adaptive,2.665167
u32,1000000,13579,uniform,8,std_sort,20.871916
u32,1000000,13579,uniform,8,ska_sort,11.872
u32,1000000,13579,uniform,8,ska_sort_copy,4.398125
u32,1000000,13579,uniform,8,radixkit,2.5775
u32,1000000,13579,uniform16,0,ska_sort,8.419292
u32,1000000,13579,uniform16,0,ska_sort_copy,8.257333
u32,1000000,13579,uniform16,0,radixkit,1.985584
u32,1000000,13579,uniform16,0,adaptive,1.898958
u32,1000000,13579,uniform16,0,std_sort,18.117041
u32,1000000,13579,uniform16,1,ska_sort_copy,8.240167
u32,1000000,13579,uniform16,1,radixkit,2.077167
u32,1000000,13579,uniform16,1,adaptive,1.871917
u32,1000000,13579,uniform16,1,std_sort,17.985041
u32,1000000,13579,uniform16,1,ska_sort,8.335167
u32,1000000,13579,uniform16,2,radixkit,2.154625
u32,1000000,13579,uniform16,2,adaptive,1.980167
u32,1000000,13579,uniform16,2,std_sort,17.924209
u32,1000000,13579,uniform16,2,ska_sort,8.384584
u32,1000000,13579,uniform16,2,ska_sort_copy,8.299542
u32,1000000,13579,uniform16,3,adaptive,1.877333
u32,1000000,13579,uniform16,3,std_sort,18.037
u32,1000000,13579,uniform16,3,ska_sort,8.791333
u32,1000000,13579,uniform16,3,ska_sort_copy,8.139833
u32,1000000,13579,uniform16,3,radixkit,2.013458
u32,1000000,13579,uniform16,4,std_sort,17.960667
u32,1000000,13579,uniform16,4,ska_sort,8.405375
u32,1000000,13579,uniform16,4,ska_sort_copy,8.213167
u32,1000000,13579,uniform16,4,radixkit,2.040458
u32,1000000,13579,uniform16,4,adaptive,1.981416
u32,1000000,13579,uniform16,5,ska_sort,8.436583
u32,1000000,13579,uniform16,5,ska_sort_copy,8.455292
u32,1000000,13579,uniform16,5,radixkit,1.886125
u32,1000000,13579,uniform16,5,adaptive,1.87375
u32,1000000,13579,uniform16,5,std_sort,18.199708
u32,1000000,13579,uniform16,6,ska_sort_copy,8.26925
u32,1000000,13579,uniform16,6,radixkit,1.905875
u32,1000000,13579,uniform16,6,adaptive,1.90725
u32,1000000,13579,uniform16,6,std_sort,18.030333
u32,1000000,13579,uniform16,6,ska_sort,8.762042
u32,1000000,13579,uniform16,7,radixkit,2.017875
u32,1000000,13579,uniform16,7,adaptive,1.872667
u32,1000000,13579,uniform16,7,std_sort,17.97575
u32,1000000,13579,uniform16,7,ska_sort,8.787291
u32,1000000,13579,uniform16,7,ska_sort_copy,8.026958
u32,1000000,13579,uniform16,8,adaptive,2.012291
u32,1000000,13579,uniform16,8,std_sort,18.33975
u32,1000000,13579,uniform16,8,ska_sort,8.603292
u32,1000000,13579,uniform16,8,ska_sort_copy,8.470083
u32,1000000,13579,uniform16,8,radixkit,2.151875
u32,1000000,13579,zeros99,0,ska_sort,12.966792
u32,1000000,13579,zeros99,0,ska_sort_copy,11.170875
u32,1000000,13579,zeros99,0,radixkit,2.7135
u32,1000000,13579,zeros99,0,adaptive,0.35375
u32,1000000,13579,zeros99,0,std_sort,0.858791
u32,1000000,13579,zeros99,1,ska_sort_copy,11.098084
u32,1000000,13579,zeros99,1,radixkit,2.7125
u32,1000000,13579,zeros99,1,adaptive,0.348958
u32,1000000,13579,zeros99,1,std_sort,0.850584
u32,1000000,13579,zeros99,1,ska_sort,12.931333
u32,1000000,13579,zeros99,2,radixkit,2.695292
u32,1000000,13579,zeros99,2,adaptive,0.349208
u32,1000000,13579,zeros99,2,std_sort,0.875208
u32,1000000,13579,zeros99,2,ska_sort,12.844333
u32,1000000,13579,zeros99,2,ska_sort_copy,11.091375
u32,1000000,13579,zeros99,3,adaptive,0.350667
u32,1000000,13579,zeros99,3,std_sort,0.867833
u32,1000000,13579,zeros99,3,ska_sort,12.761709
u32,1000000,13579,zeros99,3,ska_sort_copy,10.879917
u32,1000000,13579,zeros99,3,radixkit,2.7855
u32,1000000,13579,zeros99,4,std_sort,0.873709
u32,1000000,13579,zeros99,4,ska_sort,12.773458
u32,1000000,13579,zeros99,4,ska_sort_copy,10.886
u32,1000000,13579,zeros99,4,radixkit,2.731125
u32,1000000,13579,zeros99,4,adaptive,0.348958
u32,1000000,13579,zeros99,5,ska_sort,12.731416
u32,1000000,13579,zeros99,5,ska_sort_copy,11.107417
u32,1000000,13579,zeros99,5,radixkit,2.729625
u32,1000000,13579,zeros99,5,adaptive,0.348958
u32,1000000,13579,zeros99,5,std_sort,0.858417
u32,1000000,13579,zeros99,6,ska_sort_copy,11.173041
u32,1000000,13579,zeros99,6,radixkit,2.732291
u32,1000000,13579,zeros99,6,adaptive,0.349
u32,1000000,13579,zeros99,6,std_sort,0.850417
u32,1000000,13579,zeros99,6,ska_sort,12.844583
u32,1000000,13579,zeros99,7,radixkit,2.708083
u32,1000000,13579,zeros99,7,adaptive,0.349042
u32,1000000,13579,zeros99,7,std_sort,0.858416
u32,1000000,13579,zeros99,7,ska_sort,12.813791
u32,1000000,13579,zeros99,7,ska_sort_copy,11.114
u32,1000000,13579,zeros99,8,adaptive,0.355625
u32,1000000,13579,zeros99,8,std_sort,0.858791
u32,1000000,13579,zeros99,8,ska_sort,12.784417
u32,1000000,13579,zeros99,8,ska_sort_copy,10.89375
u32,1000000,13579,zeros99,8,radixkit,2.93225
u32,1000000,13579,equal,0,ska_sort,8.58825
u32,1000000,13579,equal,0,ska_sort_copy,11.060875
u32,1000000,13579,equal,0,radixkit,1.150041
u32,1000000,13579,equal,0,adaptive,0.048
u32,1000000,13579,equal,0,std_sort,1.277375
u32,1000000,13579,equal,1,ska_sort_copy,10.8895
u32,1000000,13579,equal,1,radixkit,1.22825
u32,1000000,13579,equal,1,adaptive,0.052041
u32,1000000,13579,equal,1,std_sort,1.310709
u32,1000000,13579,equal,1,ska_sort,8.429209
u32,1000000,13579,equal,2,radixkit,1.146416
u32,1000000,13579,equal,2,adaptive,0.047792
u32,1000000,13579,equal,2,std_sort,1.39025
u32,1000000,13579,equal,2,ska_sort,8.514459
u32,1000000,13579,equal,2,ska_sort_copy,10.886917
u32,1000000,13579,equal,3,adaptive,0.059792
u32,1000000,13579,equal,3,std_sort,1.285333
u32,1000000,13579,equal,3,ska_sort,8.404917
u32,1000000,13579,equal,3,ska_sort_copy,11.029625
u32,1000000,13579,equal,3,radixkit,1.14375
u32,1000000,13579,equal,4,std_sort,1.249459
u32,1000000,13579,equal,4,ska_sort,8.723958
u32,1000000,13579,equal,4,ska_sort_copy,10.85975
u32,1000000,13579,equal,4,radixkit,1.257625
u32,1000000,13579,equal,4,adaptive,0.053625
u32,1000000,13579,equal,5,ska_sort,8.399625
u32,1000000,13579,equal,5,ska_sort_copy,11.053084
u32,1000000,13579,equal,5,radixkit,1.163416
u32,1000000,13579,equal,5,adaptive,0.047875
u32,1000000,13579,equal,5,std_sort,1.249083
u32,1000000,13579,equal,6,ska_sort_copy,10.953125
u32,1000000,13579,equal,6,radixkit,1.145875
u32,1000000,13579,equal,6,adaptive,0.050917
u32,1000000,13579,equal,6,std_sort,1.257
u32,1000000,13579,equal,6,ska_sort,8.452584
u32,1000000,13579,equal,7,radixkit,1.234791
u32,1000000,13579,equal,7,adaptive,0.0485
u32,1000000,13579,equal,7,std_sort,1.304291
u32,1000000,13579,equal,7,ska_sort,8.433125
u32,1000000,13579,equal,7,ska_sort_copy,11.07075
u32,1000000,13579,equal,8,adaptive,0.048208
u32,1000000,13579,equal,8,std_sort,1.252125
u32,1000000,13579,equal,8,ska_sort,8.601584
u32,1000000,13579,equal,8,ska_sort_copy,10.87075
u32,1000000,13579,equal,8,radixkit,1.16575
u32,1000000,13579,ascending,0,ska_sort,13.698
u32,1000000,13579,ascending,0,ska_sort_copy,12.361833
u32,1000000,13579,ascending,0,radixkit,6.403833
u32,1000000,13579,ascending,0,adaptive,0.31425
u32,1000000,13579,ascending,0,std_sort,0.93775
u32,1000000,13579,ascending,1,ska_sort_copy,12.250375
u32,1000000,13579,ascending,1,radixkit,6.20375
u32,1000000,13579,ascending,1,adaptive,0.31725
u32,1000000,13579,ascending,1,std_sort,0.9405
u32,1000000,13579,ascending,1,ska_sort,13.511291
u32,1000000,13579,ascending,2,radixkit,6.674792
u32,1000000,13579,ascending,2,adaptive,0.33625
u32,1000000,13579,ascending,2,std_sort,0.944375
u32,1000000,13579,ascending,2,ska_sort,13.597208
u32,1000000,13579,ascending,2,ska_sort_copy,12.191875
u32,1000000,13579,ascending,3,adaptive,0.319
u32,1000000,13579,ascending,3,std_sort,1.010167
u32,1000000,13579,ascending,3,ska_sort,13.628167
u32,1000000,13579,ascending,3,ska_sort_copy,12.908458
u32,1000000,13579,ascending,3,radixkit,6.438292
u32,1000000,13579,ascending,4,std_sort,0.941041
u32,1000000,13579,ascending,4,ska_sort,13.45075
u32,1000000,13579,ascending,4,ska_sort_copy,12.599625
u32,1000000,13579,ascending,4,radixkit,6.60725
u32,1000000,13579,ascending,4,adaptive,0.330666
u32,1000000,13579,ascending,5,ska_sort,13.580875
u32,1000000,13579,ascending,5,ska_sort_copy,12.647333
u32,1000000,13579,ascending,5,radixkit,6.526
u32,1000000,13579,ascending,5,adaptive,0.314042
u32,1000000,13579,ascending,5,std_sort,0.943708
u32,1000000,13579,ascending,6,ska_sort_copy,12.486167
u32,1000000,13579,ascending,6,radixkit,6.231459
u32,1000000,13579,ascending,6,adaptive,0.314041
u32,1000000,13579,ascending,6,std_sort,0.937625
u32,1000000,13579,ascending,6,ska_sort,13.633042
u32,1000000,13579,ascending,7,radixkit,6.475916
u32,1000000,13579,ascending,7,adaptive,0.326334
u32,1000000,13579,ascending,7,std_sort,0.964459
u32,1000000,13579,ascending,7,ska_sort,13.451292
u32,1000000,13579,ascending,7,ska_sort_copy,12.583
u32,1000000,13579,ascending,8,adaptive,0.315125
u32,1000000,13579,ascending,8,std_sort,0.961542
u32,1000000,13579,ascending,8,ska_sort,13.642125
u32,1000000,13579,ascending,8,ska_sort_copy,12.471792
u32,1000000,13579,ascending,8,radixkit,6.240125
u32,1000000,13579,descending,0,ska_sort,14.743375
u32,1000000,13579,descending,0,ska_sort_copy,12.397583
u32,1000000,13579,descending,0,radixkit,6.328875
u32,1000000,13579,descending,0,adaptive,0.512916
u32,1000000,13579,descending,0,std_sort,1.668875
u32,1000000,13579,descending,1,ska_sort_copy,12.215917
u32,1000000,13579,descending,1,radixkit,6.220625
u32,1000000,13579,descending,1,adaptive,0.662583
u32,1000000,13579,descending,1,std_sort,1.663167
u32,1000000,13579,descending,1,ska_sort,14.660209
u32,1000000,13579,descending,2,radixkit,6.384792
u32,1000000,13579,descending,2,adaptive,0.512209
u32,1000000,13579,descending,2,std_sort,1.626792
u32,1000000,13579,descending,2,ska_sort,14.7435
u32,1000000,13579,descending,2,ska_sort_copy,12.359458
u32,1000000,13579,descending,3,adaptive,0.515041
u32,1000000,13579,descending,3,std_sort,1.649084
u32,1000000,13579,descending,3,ska_sort,14.689833
u32,1000000,13579,descending,3,ska_sort_copy,12.544292
u32,1000000,13579,descending,3,radixkit,6.243542
u32,1000000,13579,descending,4,std_sort,1.623542
u32,1000000,13579,descending,4,ska_sort,14.668709
u32,1000000,13579,descending,4,ska_sort_copy,12.659666
u32,1000000,13579,descending,4,radixkit,6.242333
u32,1000000,13579,descending,4,adaptive,0.519334
u32,1000000,13579,descending,5,ska_sort,14.604125
u32,1000000,13579,descending,5,ska_sort_copy,12.632167
u32,1000000,13579,descending,5,radixkit,6.247334
u32,1000000,13579,descending,5,adaptive,0.663833
u32,1000000,13579,descending,5,std_sort,1.647458
u32,1000000,13579,descending,6,ska_sort_copy,12.538
u32,1000000,13579,descending,6,radixkit,6.609709
u32,1000000,13579,descending,6,adaptive,0.513167
u32,1000000,13579,descending,6,std_sort,1.637625
u32,1000000,13579,descending,6,ska_sort,14.726625
u32,1000000,13579,descending,7,radixkit,6.300417
u32,1000000,13579,descending,7,adaptive,0.511917
u32,1000000,13579,descending,7,std_sort,1.753375
u32,1000000,13579,descending,7,ska_sort,14.512792
u32,1000000,13579,descending,7,ska_sort_copy,12.492833
u32,1000000,13579,descending,8,adaptive,0.512917
u32,1000000,13579,descending,8,std_sort,1.661334
u32,1000000,13579,descending,8,ska_sort,14.679916
u32,1000000,13579,descending,8,ska_sort_copy,12.70375
u32,1000000,13579,descending,8,radixkit,6.169417
u32,1000000,13579,sparse8,0,ska_sort,9.755208
u32,1000000,13579,sparse8,0,ska_sort_copy,6.425584
u32,1000000,13579,sparse8,0,radixkit,3.235125
u32,1000000,13579,sparse8,0,adaptive,1.028834
u32,1000000,13579,sparse8,0,std_sort,8.455542
u32,1000000,13579,sparse8,1,ska_sort_copy,6.486708
u32,1000000,13579,sparse8,1,radixkit,3.443375
u32,1000000,13579,sparse8,1,adaptive,1.016458
u32,1000000,13579,sparse8,1,std_sort,7.96825
u32,1000000,13579,sparse8,1,ska_sort,9.7815
u32,1000000,13579,sparse8,2,radixkit,3.198875
u32,1000000,13579,sparse8,2,adaptive,0.994916
u32,1000000,13579,sparse8,2,std_sort,8.234834
u32,1000000,13579,sparse8,2,ska_sort,9.496
u32,1000000,13579,sparse8,2,ska_sort_copy,6.618833
u32,1000000,13579,sparse8,3,adaptive,1.009875
u32,1000000,13579,sparse8,3,std_sort,7.957125
u32,1000000,13579,sparse8,3,ska_sort,9.647084
u32,1000000,13579,sparse8,3,ska_sort_copy,6.353542
u32,1000000,13579,sparse8,3,radixkit,3.2605
u32,1000000,13579,sparse8,4,std_sort,8.058958
u32,1000000,13579,sparse8,4,ska_sort,9.507625
u32,1000000,13579,sparse8,4,ska_sort_copy,6.508584
u32,1000000,13579,sparse8,4,radixkit,3.178292
u32,1000000,13579,sparse8,4,adaptive,0.995667
u32,1000000,13579,sparse8,5,ska_sort,9.861292
u32,1000000,13579,sparse8,5,ska_sort_copy,6.466584
u32,1000000,13579,sparse8,5,radixkit,3.423084
u32,1000000,13579,sparse8,5,adaptive,1.0975
u32,1000000,13579,sparse8,5,std_sort,7.973125
u32,1000000,13579,sparse8,6,ska_sort_copy,6.567333
u32,1000000,13579,sparse8,6,radixkit,3.238292
u32,1000000,13579,sparse8,6,adaptive,1.025709
u32,1000000,13579,sparse8,6,std_sort,7.900167
u32,1000000,13579,sparse8,6,ska_sort,9.566208
u32,1000000,13579,sparse8,7,radixkit,3.205375
u32,1000000,13579,sparse8,7,adaptive,0.994375
u32,1000000,13579,sparse8,7,std_sort,8.09375
u32,1000000,13579,sparse8,7,ska_sort,9.42425
u32,1000000,13579,sparse8,7,ska_sort_copy,6.610333
u32,1000000,13579,sparse8,8,adaptive,1.023
u32,1000000,13579,sparse8,8,std_sort,7.916625
u32,1000000,13579,sparse8,8,ska_sort,9.683833
u32,1000000,13579,sparse8,8,ska_sort_copy,6.357709
u32,1000000,13579,sparse8,8,radixkit,3.426542
u32,1000000,13579,nearly_sorted,0,ska_sort,15.85425
u32,1000000,13579,nearly_sorted,0,ska_sort_copy,12.299791
u32,1000000,13579,nearly_sorted,0,radixkit,6.537958
u32,1000000,13579,nearly_sorted,0,adaptive,6.234167
u32,1000000,13579,nearly_sorted,0,std_sort,2.695208
u32,1000000,13579,nearly_sorted,1,ska_sort_copy,12.447458
u32,1000000,13579,nearly_sorted,1,radixkit,6.5505
u32,1000000,13579,nearly_sorted,1,adaptive,6.301166
u32,1000000,13579,nearly_sorted,1,std_sort,2.564959
u32,1000000,13579,nearly_sorted,1,ska_sort,16.050417
u32,1000000,13579,nearly_sorted,2,radixkit,6.562833
u32,1000000,13579,nearly_sorted,2,adaptive,6.275042
u32,1000000,13579,nearly_sorted,2,std_sort,2.552459
u32,1000000,13579,nearly_sorted,2,ska_sort,16.006209
u32,1000000,13579,nearly_sorted,2,ska_sort_copy,12.598
u32,1000000,13579,nearly_sorted,3,adaptive,6.316167
u32,1000000,13579,nearly_sorted,3,std_sort,2.690666
u32,1000000,13579,nearly_sorted,3,ska_sort,15.841542
u32,1000000,13579,nearly_sorted,3,ska_sort_copy,12.221625
u32,1000000,13579,nearly_sorted,3,radixkit,6.672
u32,1000000,13579,nearly_sorted,4,std_sort,2.58375
u32,1000000,13579,nearly_sorted,4,ska_sort,15.865458
u32,1000000,13579,nearly_sorted,4,ska_sort_copy,12.433375
u32,1000000,13579,nearly_sorted,4,radixkit,6.221625
u32,1000000,13579,nearly_sorted,4,adaptive,6.390542
u32,1000000,13579,nearly_sorted,5,ska_sort,15.888125
u32,1000000,13579,nearly_sorted,5,ska_sort_copy,12.576791
u32,1000000,13579,nearly_sorted,5,radixkit,6.714375
u32,1000000,13579,nearly_sorted,5,adaptive,6.250792
u32,1000000,13579,nearly_sorted,5,std_sort,2.569417
u32,1000000,13579,nearly_sorted,6,ska_sort_copy,12.828167
u32,1000000,13579,nearly_sorted,6,radixkit,6.458292
u32,1000000,13579,nearly_sorted,6,adaptive,6.607167
u32,1000000,13579,nearly_sorted,6,std_sort,2.556625
u32,1000000,13579,nearly_sorted,6,ska_sort,16.004167
u32,1000000,13579,nearly_sorted,7,radixkit,6.606417
u32,1000000,13579,nearly_sorted,7,adaptive,6.590875
u32,1000000,13579,nearly_sorted,7,std_sort,2.557542
u32,1000000,13579,nearly_sorted,7,ska_sort,15.940542
u32,1000000,13579,nearly_sorted,7,ska_sort_copy,12.79325
u32,1000000,13579,nearly_sorted,8,adaptive,6.203375
u32,1000000,13579,nearly_sorted,8,std_sort,2.720292
u32,1000000,13579,nearly_sorted,8,ska_sort,15.982583
u32,1000000,13579,nearly_sorted,8,ska_sort_copy,12.622209
u32,1000000,13579,nearly_sorted,8,radixkit,6.676166
u64,1000000,13579,uniform,0,ska_sort,12.641916
u64,1000000,13579,uniform,0,ska_sort_copy,12.476708
u64,1000000,13579,uniform,0,radixkit,6.052875
u64,1000000,13579,uniform,0,adaptive,7.369375
u64,1000000,13579,uniform,0,std_sort,21.215958
u64,1000000,13579,uniform,1,ska_sort_copy,12.592958
u64,1000000,13579,uniform,1,radixkit,6.009584
u64,1000000,13579,uniform,1,adaptive,7.387708
u64,1000000,13579,uniform,1,std_sort,21.37125
u64,1000000,13579,uniform,1,ska_sort,12.564958
u64,1000000,13579,uniform,2,radixkit,5.998542
u64,1000000,13579,uniform,2,adaptive,7.117041
u64,1000000,13579,uniform,2,std_sort,21.390833
u64,1000000,13579,uniform,2,ska_sort,12.458375
u64,1000000,13579,uniform,2,ska_sort_copy,12.418875
u64,1000000,13579,uniform,3,adaptive,6.723333
u64,1000000,13579,uniform,3,std_sort,21.190083
u64,1000000,13579,uniform,3,ska_sort,12.509458
u64,1000000,13579,uniform,3,ska_sort_copy,12.523042
u64,1000000,13579,uniform,3,radixkit,5.972375
u64,1000000,13579,uniform,4,std_sort,21.4785
u64,1000000,13579,uniform,4,ska_sort,12.167292
u64,1000000,13579,uniform,4,ska_sort_copy,12.642167
u64,1000000,13579,uniform,4,radixkit,7.755333
u64,1000000,13579,uniform,4,adaptive,6.095625
u64,1000000,13579,uniform,5,ska_sort,12.673
u64,1000000,13579,uniform,5,ska_sort_copy,12.431875
u64,1000000,13579,uniform,5,radixkit,5.990917
u64,1000000,13579,uniform,5,adaptive,6.332834
u64,1000000,13579,uniform,5,std_sort,21.588833
u64,1000000,13579,uniform,6,ska_sort_copy,12.149542
u64,1000000,13579,uniform,6,radixkit,6.417792
u64,1000000,13579,uniform,6,adaptive,6.364708
u64,1000000,13579,uniform,6,std_sort,21.644209
u64,1000000,13579,uniform,6,ska_sort,12.278709
u64,1000000,13579,uniform,7,radixkit,6.432833
u64,1000000,13579,uniform,7,adaptive,6.100584
u64,1000000,13579,uniform,7,std_sort,21.398334
u64,1000000,13579,uniform,7,ska_sort,12.106791
u64,1000000,13579,uniform,7,ska_sort_copy,12.654958
u64,1000000,13579,uniform,8,adaptive,7.840416
u64,1000000,13579,uniform,8,std_sort,21.286541
u64,1000000,13579,uniform,8,ska_sort,12.600208
u64,1000000,13579,uniform,8,ska_sort_copy,12.348667
u64,1000000,13579,uniform,8,radixkit,6.180375
u64,1000000,13579,uniform16,0,ska_sort,17.484833
u64,1000000,13579,uniform16,0,ska_sort_copy,17.321875
u64,1000000,13579,uniform16,0,radixkit,4.145583
u64,1000000,13579,uniform16,0,adaptive,2.127584
u64,1000000,13579,uniform16,0,std_sort,18.776333
u64,1000000,13579,uniform16,1,ska_sort_copy,17.27575
u64,1000000,13579,uniform16,1,radixkit,3.9255
u64,1000000,13579,uniform16,1,adaptive,1.902375
u64,1000000,13579,uniform16,1,std_sort,18.757667
u64,1000000,13579,uniform16,1,ska_sort,17.200708
u64,1000000,13579,uniform16,2,radixkit,4.419334
u64,1000000,13579,uniform16,2,adaptive,1.965459
u64,1000000,13579,uniform16,2,std_sort,18.933041
u64,1000000,13579,uniform16,2,ska_sort,17.133333
u64,1000000,13579,uniform16,2,ska_sort_copy,17.103542
u64,1000000,13579,uniform16,3,adaptive,1.871125
u64,1000000,13579,uniform16,3,std_sort,18.705334
u64,1000000,13579,uniform16,3,ska_sort,17.210459
u64,1000000,13579,uniform16,3,ska_sort_copy,17.175
u64,1000000,13579,uniform16,3,radixkit,3.900167
u64,1000000,13579,uniform16,4,std_sort,18.611125
u64,1000000,13579,uniform16,4,ska_sort,17.137459
u64,1000000,13579,uniform16,4,ska_sort_copy,17.082791
u64,1000000,13579,uniform16,4,radixkit,4.018417
u64,1000000,13579,uniform16,4,adaptive,2.321
u64,1000000,13579,uniform16,5,ska_sort,17.192709
u64,1000000,13579,uniform16,5,ska_sort_copy,17.312709
u64,1000000,13579,uniform16,5,radixkit,3.915875
u64,1000000,13579,uniform16,5,adaptive,1.907041
u64,1000000,13579,uniform16,5,std_sort,18.750834
u64,1000000,13579,uniform16,6,ska_sort_copy,17.095958
u64,1000000,13579,uniform16,6,radixkit,4.581708
u64,1000000,13579,uniform16,6,adaptive,1.899208
u64,1000000,13579,uniform16,6,std_sort,18.515125
u64,1000000,13579,uniform16,6,ska_sort,17.107209
u64,1000000,13579,uniform16,7,radixkit,4.002167
u64,1000000,13579,uniform16,7,adaptive,1.952083
u64,1000000,13579,uniform16,7,std_sort,18.76725
u64,1000000,13579,uniform16,7,ska_sort,17.555375
u64,1000000,13579,uniform16,7,ska_sort_copy,17.004833
u64,1000000,13579,uniform16,8,adaptive,1.903334
u64,1000000,13579,uniform16,8,std_sort,18.766708
u64,1000000,13579,uniform16,8,ska_sort,17.049875
u64,1000000,13579,uniform16,8,ska_sort_copy,17.094
u64,1000000,13579,uniform16,8,radixkit,4.181833
u64,1000000,13579,zeros99,0,ska_sort,21.190375
u64,1000000,13579,zeros99,0,ska_sort_copy,21.041208
u64,1000000,13579,zeros99,0,radixkit,0.384334
u64,1000000,13579,zeros99,0,adaptive,0.40175
u64,1000000,13579,zeros99,0,std_sort,1.028875
u64,1000000,13579,zeros99,1,ska_sort_copy,21.148208
u64,1000000,13579,zeros99,1,radixkit,0.3975
u64,1000000,13579,zeros99,1,adaptive,0.383125
u64,1000000,13579,zeros99,1,std_sort,0.93575
u64,1000000,13579,zeros99,1,ska_sort,21.092333
u64,1000000,13579,zeros99,2,radixkit,0.407666
u64,1000000,13579,zeros99,2,adaptive,0.383625
u64,1000000,13579,zeros99,2,std_sort,1.010375
u64,1000000,13579,zeros99,2,ska_sort,21.271292
u64,1000000,13579,zeros99,2,ska_sort_copy,21.00375
u64,1000000,13579,zeros99,3,adaptive,0.384625
u64,1000000,13579,zeros99,3,std_sort,0.924791
u64,1000000,13579,zeros99,3,ska_sort,21.352583
u64,1000000,13579,zeros99,3,ska_sort_copy,21.170959
u64,1000000,13579,zeros99,3,radixkit,0.384917
u64,1000000,13579,zeros99,4,std_sort,0.928625
u64,1000000,13579,zeros99,4,ska_sort,21.301958
u64,1000000,13579,zeros99,4,ska_sort_copy,21.204875
u64,1000000,13579,zeros99,4,radixkit,0.407125
u64,1000000,13579,zeros99,4,adaptive,0.416083
u64,1000000,13579,zeros99,5,ska_sort,21.222416
u64,1000000,13579,zeros99,5,ska_sort_copy,21.180917
u64,1000000,13579,zeros99,5,radixkit,0.393917
u64,1000000,13579,zeros99,5,adaptive,0.393125
u64,1000000,13579,zeros99,5,std_sort,0.995958
u64,1000000,13579,zeros99,6,ska_sort_copy,21.045125
u64,1000000,13579,zeros99,6,radixkit,0.385292
u64,1000000,13579,zeros99,6,adaptive,0.383084
u64,1000000,13579,zeros99,6,std_sort,0.935916
u64,1000000,13579,zeros99,6,ska_sort,21.186791
u64,1000000,13579,zeros99,7,radixkit,0.387583
u64,1000000,13579,zeros99,7,adaptive,0.563375
u64,1000000,13579,zeros99,7,std_sort,0.958542
u64,1000000,13579,zeros99,7,ska_sort,21.114958
u64,1000000,13579,zeros99,7,ska_sort_copy,21.164333
u64,1000000,13579,zeros99,8,adaptive,0.407959
u64,1000000,13579,zeros99,8,std_sort,0.937542
u64,1000000,13579,zeros99,8,ska_sort,21.276625
u64,1000000,13579,zeros99,8,ska_sort_copy,21.207625
u64,1000000,13579,zeros99,8,radixkit,0.38375
u64,1000000,13579,equal,0,ska_sort,16.918208
u64,1000000,13579,equal,0,ska_sort_copy,17.012833
u64,1000000,13579,equal,0,radixkit,0.163167
u64,1000000,13579,equal,0,adaptive,0.124291
u64,1000000,13579,equal,0,std_sort,1.259834
u64,1000000,13579,equal,1,ska_sort_copy,17.058458
u64,1000000,13579,equal,1,radixkit,0.163667
u64,1000000,13579,equal,1,adaptive,0.11275
u64,1000000,13579,equal,1,std_sort,1.262166
u64,1000000,13579,equal,1,ska_sort,17.015458
u64,1000000,13579,equal,2,radixkit,0.169167
u64,1000000,13579,equal,2,adaptive,0.141666
u64,1000000,13579,equal,2,std_sort,1.289584
u64,1000000,13579,equal,2,ska_sort,17.016542
u64,1000000,13579,equal,2,ska_sort_copy,17.032875
u64,1000000,13579,equal,3,adaptive,0.142292
u64,1000000,13579,equal,3,std_sort,1.26
u64,1000000,13579,equal,3,ska_sort,17.024667
u64,1000000,13579,equal,3,ska_sort_copy,16.981916
u64,1000000,13579,equal,3,radixkit,0.1625
u64,1000000,13579,equal,4,std_sort,1.263083
u64,1000000,13579,equal,4,ska_sort,16.906792
u64,1000000,13579,equal,4,ska_sort_copy,16.978333
u64,1000000,13579,equal,4,radixkit,0.163333
u64,1000000,13579,equal,4,adaptive,0.165291
u64,1000000,13579,equal,5,ska_sort,17.075167
u64,1000000,13579,equal,5,ska_sort_copy,17.014708
u64,1000000,13579,equal,5,radixkit,0.183583
u64,1000000,13579,equal,5,adaptive,0.180125
u64,1000000,13579,equal,5,std_sort,1.281125
u64,1000000,13579,equal,6,ska_sort_copy,16.91
u64,1000000,13579,equal,6,radixkit,0.176833
u64,1000000,13579,equal,6,adaptive,0.11425
u64,1000000,13579,equal,6,std_sort,1.260291
u64,1000000,13579,equal,6,ska_sort,17.034834
u64,1000000,13579,equal,7,radixkit,0.16225
u64,1000000,13579,equal,7,adaptive,0.111292
u64,1000000,13579,equal,7,std_sort,1.268458
u64,1000000,13579,equal,7,ska_sort,16.999417
u64,1000000,13579,equal,7,ska_sort_copy,16.99075
u64,1000000,13579,equal,8,adaptive,0.11975
u64,1000000,13579,equal,8,std_sort,1.287167
u64,1000000,13579,equal,8,ska_sort,16.977416
u64,1000000,13579,equal,8,ska_sort_copy,17.106708
u64,1000000,13579,equal,8,radixkit,0.174542
u64,1000000,13579,ascending,0,ska_sort,21.969875
u64,1000000,13579,ascending,0,ska_sort_copy,22.25575
u64,1000000,13579,ascending,0,radixkit,0.632375
u64,1000000,13579,ascending,0,adaptive,0.636125
u64,1000000,13579,ascending,0,std_sort,1.009125
u64,1000000,13579,ascending,1,ska_sort_copy,22.120708
u64,1000000,13579,ascending,1,radixkit,0.626584
u64,1000000,13579,ascending,1,adaptive,0.616291
u64,1000000,13579,ascending,1,std_sort,0.978417
u64,1000000,13579,ascending,1,ska_sort,22.280083
u64,1000000,13579,ascending,2,radixkit,0.614625
u64,1000000,13579,ascending,2,adaptive,0.615416
u64,1000000,13579,ascending,2,std_sort,0.963292
u64,1000000,13579,ascending,2,ska_sort,22.050333
u64,1000000,13579,ascending,2,ska_sort_copy,22.390417
u64,1000000,13579,ascending,3,adaptive,0.610917
u64,1000000,13579,ascending,3,std_sort,0.952667
u64,1000000,13579,ascending,3,ska_sort,22.125
u64,1000000,13579,ascending,3,ska_sort_copy,22.201375
u64,1000000,13579,ascending,3,radixkit,0.617292
u64,1000000,13579,ascending,4,std_sort,1.016208
u64,1000000,13579,ascending,4,ska_sort,22.063333
u64,1000000,13579,ascending,4,ska_sort_copy,22.231666
u64,1000000,13579,ascending,4,radixkit,0.6245
u64,1000000,13579,ascending,4,adaptive,0.623584
u64,1000000,13579,ascending,5,ska_sort,22.040708
u64,1000000,13579,ascending,5,ska_sort_copy,22.018292
u64,1000000,13579,ascending,5,radixkit,0.618917
u64,1000000,13579,ascending,5,adaptive,0.746
u64,1000000,13579,ascending,5,std_sort,0.995916
u64,1000000,13579,ascending,6,ska_sort_copy,22.1875
u64,1000000,13579,ascending,6,radixkit,0.61375
u64,1000000,13579,ascending,6,adaptive,0.618584
u64,1000000,13579,ascending,6,std_sort,0.946375
u64,1000000,13579,ascending,6,ska_sort,22.407042
u64,1000000,13579,ascending,7,radixkit,0.650667
u64,1000000,13579,ascending,7,adaptive,0.631667
u64,1000000,13579,ascending,7,std_sort,0.946
u64,1000000,13579,ascending,7,ska_sort,21.994708
u64,1000000,13579,ascending,7,ska_sort_copy,22.361833
u64,1000000,13579,ascending,8,adaptive,0.632583
u64,1000000,13579,ascending,8,std_sort,0.979458
u64,1000000,13579,ascending,8,ska_sort,22.05025
u64,1000000,13579,ascending,8,ska_sort_copy,22.035375
u64,1000000,13579,ascending,8,radixkit,0.683708
u64,1000000,13579,descending,0,ska_sort,23.081042
u64,1000000,13579,descending,0,ska_sort_copy,23.366708
u64,1000000,13579,descending,0,radixkit,0.847042
u64,1000000,13579,descending,0,adaptive,0.846125
u64,1000000,13579,descending,0,std_sort,1.635041
u64,1000000,13579,descending,1,ska_sort_copy,23.460458
u64,1000000,13579,descending,1,radixkit,0.891875
u64,1000000,13579,descending,1,adaptive,0.842583
u64,1000000,13579,descending,1,std_sort,1.667542
u64,1000000,13579,descending,1,ska_sort,23.043625
u64,1000000,13579,descending,2,radixkit,0.908959
u64,1000000,13579,descending,2,adaptive,0.949292
u64,1000000,13579,descending,2,std_sort,1.654958
u64,1000000,13579,descending,2,ska_sort,23.195
u64,1000000,13579,descending,2,ska_sort_copy,23.410667
u64,1000000,13579,descending,3,adaptive,0.870958
u64,1000000,13579,descending,3,std_sort,1.712125
u64,1000000,13579,descending,3,ska_sort,23.032333
u64,1000000,13579,descending,3,ska_sort_copy,23.4365
u64,1000000,13579,descending,3,radixkit,0.872625
u64,1000000,13579,descending,4,std_sort,1.653166
u64,1000000,13579,descending,4,ska_sort,23.201458
u64,1000000,13579,descending,4,ska_sort_copy,23.334917
u64,1000000,13579,descending,4,radixkit,0.844417
u64,1000000,13579,descending,4,adaptive,0.848292
u64,1000000,13579,descending,5,ska_sort,23.134334
u64,1000000,13579,descending,5,ska_sort_copy,23.317375
u64,1000000,13579,descending,5,radixkit,0.858708
u64,1000000,13579,descending,5,adaptive,0.847708
u64,1000000,13579,descending,5,std_sort,1.646209
u64,1000000,13579,descending,6,ska_sort_copy,23.139458
u64,1000000,13579,descending,6,radixkit,0.904792
u64,1000000,13579,descending,6,adaptive,0.85125
u64,1000000,13579,descending,6,std_sort,1.7375
u64,1000000,13579,descending,6,ska_sort,23.103166
u64,1000000,13579,descending,7,radixkit,0.869042
u64,1000000,13579,descending,7,adaptive,0.850417
u64,1000000,13579,descending,7,std_sort,1.848375
u64,1000000,13579,descending,7,ska_sort,23.240875
u64,1000000,13579,descending,7,ska_sort_copy,23.179958
u64,1000000,13579,descending,8,adaptive,0.85425
u64,1000000,13579,descending,8,std_sort,1.860792
u64,1000000,13579,descending,8,ska_sort,23.05225
u64,1000000,13579,descending,8,ska_sort_copy,23.159292
u64,1000000,13579,descending,8,radixkit,0.937709
u64,1000000,13579,sparse8,0,ska_sort,29.969791
u64,1000000,13579,sparse8,0,ska_sort_copy,30.201416
u64,1000000,13579,sparse8,0,radixkit,12.597875
u64,1000000,13579,sparse8,0,adaptive,1.897958
u64,1000000,13579,sparse8,0,std_sort,8.268166
u64,1000000,13579,sparse8,1,ska_sort_copy,30.002083
u64,1000000,13579,sparse8,1,radixkit,12.58025
u64,1000000,13579,sparse8,1,adaptive,1.960458
u64,1000000,13579,sparse8,1,std_sort,8.373875
u64,1000000,13579,sparse8,1,ska_sort,30.102292
u64,1000000,13579,sparse8,2,radixkit,12.431708
u64,1000000,13579,sparse8,2,adaptive,2.031833
u64,1000000,13579,sparse8,2,std_sort,8.177792
u64,1000000,13579,sparse8,2,ska_sort,30.432667
u64,1000000,13579,sparse8,2,ska_sort_copy,30.349083
u64,1000000,13579,sparse8,3,adaptive,1.914459
u64,1000000,13579,sparse8,3,std_sort,8.3255
u64,1000000,13579,sparse8,3,ska_sort,30.041792
u64,1000000,13579,sparse8,3,ska_sort_copy,30.274459
u64,1000000,13579,sparse8,3,radixkit,12.457417
u64,1000000,13579,sparse8,4,std_sort,8.420208
u64,1000000,13579,sparse8,4,ska_sort,30.5045
u64,1000000,13579,sparse8,4,ska_sort_copy,30.136584
u64,1000000,13579,sparse8,4,radixkit,12.726125
u64,1000000,13579,sparse8,4,adaptive,1.946583
u64,1000000,13579,sparse8,5,ska_sort,30.3625
u64,1000000,13579,sparse8,5,ska_sort_copy,30.463333
u64,1000000,13579,sparse8,5,radixkit,12.728959
u64,1000000,13579,sparse8,5,adaptive,1.924542
u64,1000000,13579,sparse8,5,std_sort,8.249125
u64,1000000,13579,sparse8,6,ska_sort_copy,30.144333
u64,1000000,13579,sparse8,6,radixkit,12.658958
u64,1000000,13579,sparse8,6,adaptive,1.907084
u64,1000000,13579,sparse8,6,std_sort,8.544375
u64,1000000,13579,sparse8,6,ska_sort,30.423084
u64,1000000,13579,sparse8,7,radixkit,12.315458
u64,1000000,13579,sparse8,7,adaptive,2.075208
u64,1000000,13579,sparse8,7,std_sort,8.117209
u64,1000000,13579,sparse8,7,ska_sort,30.362334
u64,1000000,13579,sparse8,7,ska_sort_copy,30.445292
u64,1000000,13579,sparse8,8,adaptive,1.901084
u64,1000000,13579,sparse8,8,std_sort,8.409541
u64,1000000,13579,sparse8,8,ska_sort,30.122209
u64,1000000,13579,sparse8,8,ska_sort_copy,30.308291
u64,1000000,13579,sparse8,8,radixkit,12.722834
u64,1000000,13579,nearly_sorted,0,ska_sort,25.040875
u64,1000000,13579,nearly_sorted,0,ska_sort_copy,24.490833
u64,1000000,13579,nearly_sorted,0,radixkit,9.610667
u64,1000000,13579,nearly_sorted,0,adaptive,9.223167
u64,1000000,13579,nearly_sorted,0,std_sort,2.988416
u64,1000000,13579,nearly_sorted,1,ska_sort_copy,24.502
u64,1000000,13579,nearly_sorted,1,radixkit,9.60075
u64,1000000,13579,nearly_sorted,1,adaptive,9.170375
u64,1000000,13579,nearly_sorted,1,std_sort,2.762
u64,1000000,13579,nearly_sorted,1,ska_sort,24.68225
u64,1000000,13579,nearly_sorted,2,radixkit,9.570292
u64,1000000,13579,nearly_sorted,2,adaptive,9.219958
u64,1000000,13579,nearly_sorted,2,std_sort,2.765541
u64,1000000,13579,nearly_sorted,2,ska_sort,24.509125
u64,1000000,13579,nearly_sorted,2,ska_sort_copy,24.440208
u64,1000000,13579,nearly_sorted,3,adaptive,9.773958
u64,1000000,13579,nearly_sorted,3,std_sort,2.741375
u64,1000000,13579,nearly_sorted,3,ska_sort,24.782875
u64,1000000,13579,nearly_sorted,3,ska_sort_copy,24.262541
u64,1000000,13579,nearly_sorted,3,radixkit,9.614459
u64,1000000,13579,nearly_sorted,4,std_sort,2.758625
u64,1000000,13579,nearly_sorted,4,ska_sort,24.618833
u64,1000000,13579,nearly_sorted,4,ska_sort_copy,24.521375
u64,1000000,13579,nearly_sorted,4,radixkit,9.219542
u64,1000000,13579,nearly_sorted,4,adaptive,9.336625
u64,1000000,13579,nearly_sorted,5,ska_sort,24.987375
u64,1000000,13579,nearly_sorted,5,ska_sort_copy,24.345042
u64,1000000,13579,nearly_sorted,5,radixkit,9.619084
u64,1000000,13579,nearly_sorted,5,adaptive,9.254708
u64,1000000,13579,nearly_sorted,5,std_sort,3.007791
u64,1000000,13579,nearly_sorted,6,ska_sort_copy,24.450709
u64,1000000,13579,nearly_sorted,6,radixkit,9.659958
u64,1000000,13579,nearly_sorted,6,adaptive,9.156209
u64,1000000,13579,nearly_sorted,6,std_sort,2.980959
u64,1000000,13579,nearly_sorted,6,ska_sort,24.570209
u64,1000000,13579,nearly_sorted,7,radixkit,9.59
u64,1000000,13579,nearly_sorted,7,adaptive,9.16625
u64,1000000,13579,nearly_sorted,7,std_sort,2.912708
u64,1000000,13579,nearly_sorted,7,ska_sort,24.319167
u64,1000000,13579,nearly_sorted,7,ska_sort_copy,24.587083
u64,1000000,13579,nearly_sorted,8,adaptive,9.283084
u64,1000000,13579,nearly_sorted,8,std_sort,2.779583
u64,1000000,13579,nearly_sorted,8,ska_sort,24.658458
u64,1000000,13579,nearly_sorted,8,ska_sort_copy,24.277833
u64,1000000,13579,nearly_sorted,8,radixkit,9.574042
kv32,1000000,13579,uniform,0,ska_sort,13.35125
kv32,1000000,13579,uniform,0,ska_sort_copy,6.880042
kv32,1000000,13579,uniform,0,radixkit,6.954708
kv32,1000000,13579,uniform,0,std_sort,55.858542
kv32,1000000,13579,uniform,1,ska_sort_copy,7.143208
kv32,1000000,13579,uniform,1,radixkit,5.9875
kv32,1000000,13579,uniform,1,std_sort,55.250541
kv32,1000000,13579,uniform,1,ska_sort,13.742167
kv32,1000000,13579,uniform,2,radixkit,6.663125
kv32,1000000,13579,uniform,2,std_sort,55.282917
kv32,1000000,13579,uniform,2,ska_sort,13.137125
kv32,1000000,13579,uniform,2,ska_sort_copy,7.161625
kv32,1000000,13579,uniform,3,std_sort,55.319375
kv32,1000000,13579,uniform,3,ska_sort,13.168708
kv32,1000000,13579,uniform,3,ska_sort_copy,6.771125
kv32,1000000,13579,uniform,3,radixkit,5.948167
kv32,1000000,13579,uniform,4,ska_sort,13.720833
kv32,1000000,13579,uniform,4,ska_sort_copy,6.734792
kv32,1000000,13579,uniform,4,radixkit,6.321083
kv32,1000000,13579,uniform,4,std_sort,56.198083
kv32,1000000,13579,uniform,5,ska_sort_copy,7.545875
kv32,1000000,13579,uniform,5,radixkit,6.477333
kv32,1000000,13579,uniform,5,std_sort,55.310167
kv32,1000000,13579,uniform,5,ska_sort,14.183875
kv32,1000000,13579,uniform,6,radixkit,5.951667
kv32,1000000,13579,uniform,6,std_sort,55.4695
kv32,1000000,13579,uniform,6,ska_sort,13.519708
kv32,1000000,13579,uniform,6,ska_sort_copy,7.780667
kv32,1000000,13579,uniform,7,std_sort,55.233416
kv32,1000000,13579,uniform,7,ska_sort,13.195708
kv32,1000000,13579,uniform,7,ska_sort_copy,7.125958
kv32,1000000,13579,uniform,7,radixkit,5.962208
kv32,1000000,13579,uniform,8,ska_sort,13.347292
kv32,1000000,13579,uniform,8,ska_sort_copy,6.724416
kv32,1000000,13579,uniform,8,radixkit,6.225
kv32,1000000,13579,uniform,8,std_sort,55.53575
kv32,1000000,13579,uniform16,0,ska_sort,9.483292
kv32,1000000,13579,uniform16,0,ska_sort_copy,10.000833
kv32,1000000,13579,uniform16,0,radixkit,4.008084
kv32,1000000,13579,uniform16,0,std_sort,49.03075
kv32,1000000,13579,uniform16,1,ska_sort_copy,9.748667
kv32,1000000,13579,uniform16,1,radixkit,4.183958
kv32,1000000,13579,uniform16,1,std_sort,49.097542
kv32,1000000,13579,uniform16,1,ska_sort,9.641458
kv32,1000000,13579,uniform16,2,radixkit,3.678375
kv32,1000000,13579,uniform16,2,std_sort,49.36875
kv32,1000000,13579,uniform16,2,ska_sort,9.561875
kv32,1000000,13579,uniform16,2,ska_sort_copy,9.272625
kv32,1000000,13579,uniform16,3,std_sort,49.09175
kv32,1000000,13579,uniform16,3,ska_sort,9.774708
kv32,1000000,13579,uniform16,3,ska_sort_copy,9.847417
kv32,1000000,13579,uniform16,3,radixkit,3.674208
kv32,1000000,13579,uniform16,4,ska_sort,9.102791
kv32,1000000,13579,uniform16,4,ska_sort_copy,9.418583
kv32,1000000,13579,uniform16,4,radixkit,3.760792
kv32,1000000,13579,uniform16,4,std_sort,49.258167
kv32,1000000,13579,uniform16,5,ska_sort_copy,9.286042
kv32,1000000,13579,uniform16,5,radixkit,3.826334
kv32,1000000,13579,uniform16,5,std_sort,50.720084
kv32,1000000,13579,uniform16,5,ska_sort,9.089
kv32,1000000,13579,uniform16,6,radixkit,3.68675
kv32,1000000,13579,uniform16,6,std_sort,49.273375
kv32,1000000,13579,uniform16,6,ska_sort,9.05425
kv32,1000000,13579,uniform16,6,ska_sort_copy,9.270291
kv32,1000000,13579,uniform16,7,std_sort,49.250958
kv32,1000000,13579,uniform16,7,ska_sort,9.783292
kv32,1000000,13579,uniform16,7,ska_sort_copy,9.307542
kv32,1000000,13579,uniform16,7,radixkit,3.701459
kv32,1000000,13579,uniform16,8,ska_sort,9.136958
kv32,1000000,13579,uniform16,8,ska_sort_copy,9.735541
kv32,1000000,13579,uniform16,8,radixkit,4.595042
kv32,1000000,13579,uniform16,8,std_sort,49.093542
kv32,1000000,13579,zeros99,0,ska_sort,13.204625
kv32,1000000,13579,zeros99,0,ska_sort_copy,10.812333
kv32,1000000,13579,zeros99,0,radixkit,9.029666
kv32,1000000,13579,zeros99,0,std_sort,63.630834
kv32,1000000,13579,zeros99,1,ska_sort_copy,10.737292
kv32,1000000,13579,zeros99,1,radixkit,8.5495
kv32,1000000,13579,zeros99,1,std_sort,65.720541
kv32,1000000,13579,zeros99,1,ska_sort,13.067625
kv32,1000000,13579,zeros99,2,radixkit,8.224083
kv32,1000000,13579,zeros99,2,std_sort,65.143041
kv32,1000000,13579,zeros99,2,ska_sort,12.815292
kv32,1000000,13579,zeros99,2,ska_sort_copy,10.666208
kv32,1000000,13579,zeros99,3,std_sort,65.162291
kv32,1000000,13579,zeros99,3,ska_sort,13.171875
kv32,1000000,13579,zeros99,3,ska_sort_copy,10.669917
kv32,1000000,13579,zeros99,3,radixkit,8.622458
kv32,1000000,13579,zeros99,4,ska_sort,13.109958
kv32,1000000,13579,zeros99,4,ska_sort_copy,11.102708
kv32,1000000,13579,zeros99,4,radixkit,9.220334
kv32,1000000,13579,zeros99,4,std_sort,64.877833
kv32,1000000,13579,zeros99,5,ska_sort_copy,11.120834
kv32,1000000,13579,zeros99,5,radixkit,8.442334
kv32,1000000,13579,zeros99,5,std_sort,65.831959
kv32,1000000,13579,zeros99,5,ska_sort,13.203625
kv32,1000000,13579,zeros99,6,radixkit,8.477666
kv32,1000000,13579,zeros99,6,std_sort,66.24575
kv32,1000000,13579,zeros99,6,ska_sort,13.154833
kv32,1000000,13579,zeros99,6,ska_sort_copy,10.622875
kv32,1000000,13579,zeros99,7,std_sort,64.972333
kv32,1000000,13579,zeros99,7,ska_sort,13.193625
kv32,1000000,13579,zeros99,7,ska_sort_copy,10.82425
kv32,1000000,13579,zeros99,7,radixkit,7.899625
kv32,1000000,13579,zeros99,8,ska_sort,13.1885
kv32,1000000,13579,zeros99,8,ska_sort_copy,10.968625
kv32,1000000,13579,zeros99,8,radixkit,8.717292
kv32,1000000,13579,zeros99,8,std_sort,64.195666
kv32,1000000,13579,equal,0,ska_sort,8.729125
kv32,1000000,13579,equal,0,ska_sort_copy,10.939708
kv32,1000000,13579,equal,0,radixkit,1.208209
kv32,1000000,13579,equal,0,std_sort,0.855042
kv32,1000000,13579,equal,1,ska_sort_copy,10.602542
kv32,1000000,13579,equal,1,radixkit,1.221625
kv32,1000000,13579,equal,1,std_sort,0.782833
kv32,1000000,13579,equal,1,ska_sort,8.413792
kv32,1000000,13579,equal,2,radixkit,1.242459
kv32,1000000,13579,equal,2,std_sort,0.724167
kv32,1000000,13579,equal,2,ska_sort,8.761333
kv32,1000000,13579,equal,2,ska_sort_copy,10.598375
kv32,1000000,13579,equal,3,std_sort,0.724042
kv32,1000000,13579,equal,3,ska_sort,8.415458
kv32,1000000,13579,equal,3,ska_sort_copy,10.526375
kv32,1000000,13579,equal,3,radixkit,1.353542
kv32,1000000,13579,equal,4,ska_sort,8.4435
kv32,1000000,13579,equal,4,ska_sort_copy,10.657208
kv32,1000000,13579,equal,4,radixkit,1.338875
kv32,1000000,13579,equal,4,std_sort,0.758417
kv32,1000000,13579,equal,5,ska_sort_copy,10.887583
kv32,1000000,13579,equal,5,radixkit,1.205458
kv32,1000000,13579,equal,5,std_sort,0.721334
kv32,1000000,13579,equal,5,ska_sort,8.779917
kv32,1000000,13579,equal,6,radixkit,1.209083
kv32,1000000,13579,equal,6,std_sort,1.017709
kv32,1000000,13579,equal,6,ska_sort,8.551667
kv32,1000000,13579,equal,6,ska_sort_copy,11.083916
kv32,1000000,13579,equal,7,std_sort,0.70075
kv32,1000000,13579,equal,7,ska_sort,8.746208
kv32,1000000,13579,equal,7,ska_sort_copy,10.8125
kv32,1000000,13579,equal,7,radixkit,1.222833
kv32,1000000,13579,equal,8,ska_sort,8.761417
kv32,1000000,13579,equal,8,ska_sort_copy,10.745083
kv32,1000000,13579,equal,8,radixkit,1.201625
kv32,1000000,13579,equal,8,std_sort,0.721417
kv32,1000000,13579,ascending,0,ska_sort,13.942417
kv32,1000000,13579,ascending,0,ska_sort_copy,14.457375
kv32,1000000,13579,ascending,0,radixkit,8.707833
kv32,1000000,13579,ascending,0,std_sort,1.262708
kv32,1000000,13579,ascending,1,ska_sort_copy,14.394958
kv32,1000000,13579,ascending,1,radixkit,8.84125
kv32,1000000,13579,ascending,1,std_sort,0.773167
kv32,1000000,13579,ascending,1,ska_sort,13.87625
kv32,1000000,13579,ascending,2,radixkit,8.673584
kv32,1000000,13579,ascending,2,std_sort,0.837667
kv32,1000000,13579,ascending,2,ska_sort,13.975708
kv32,1000000,13579,ascending,2,ska_sort_copy,14.405208
kv32,1000000,13579,ascending,3,std_sort,0.7415
kv32,1000000,13579,ascending,3,ska_sort,13.931583
kv32,1000000,13579,ascending,3,ska_sort_copy,14.512958
kv32,1000000,13579,ascending,3,radixkit,9.082875
kv32,1000000,13579,ascending,4,ska_sort,13.972666
kv32,1000000,13579,ascending,4,ska_sort_copy,14.41175
kv32,1000000,13579,ascending,4,radixkit,8.995375
kv32,1000000,13579,ascending,4,std_sort,0.74475
kv32,1000000,13579,ascending,5,ska_sort_copy,14.664833
kv32,1000000,13579,ascending,5,radixkit,9.178209
kv32,1000000,13579,ascending,5,std_sort,0.721417
kv32,1000000,13579,ascending,5,ska_sort,14.03675
kv32,1000000,13579,ascending,6,radixkit,9.169959
kv32,1000000,13579,ascending,6,std_sort,0.740167
kv32,1000000,13579,ascending,6,ska_sort,14.026583
kv32,1000000,13579,ascending,6,ska_sort_copy,14.934791
kv32,1000000,13579,ascending,7,std_sort,0.802042
kv32,1000000,13579,ascending,7,ska_sort,13.873709
kv32,1000000,13579,ascending,7,ska_sort_copy,14.229084
kv32,1000000,13579,ascending,7,radixkit,8.788458
kv32,1000000,13579,ascending,8,ska_sort,13.907459
kv32,1000000,13579,ascending,8,ska_sort_copy,14.677958
kv32,1000000,13579,ascending,8,radixkit,8.910958
kv32,1000000,13579,ascending,8,std_sort,0.743333
kv32,1000000,13579,descending,0,ska_sort,15.469459
kv32,1000000,13579,descending,0,ska_sort_copy,15.0825
kv32,1000000,13579,descending,0,radixkit,9.222458
kv32,1000000,13579,descending,0,std_sort,1.181084
kv32,1000000,13579,descending,1,ska_sort_copy,14.980666
kv32,1000000,13579,descending,1,radixkit,8.8135
kv32,1000000,13579,descending,1,std_sort,1.183916
kv32,1000000,13579,descending,1,ska_sort,15.48575
kv32,1000000,13579,descending,2,radixkit,9.289792
kv32,1000000,13579,descending,2,std_sort,1.2045
kv32,1000000,13579,descending,2,ska_sort,15.4955
kv32,1000000,13579,descending,2,ska_sort_copy,14.490459
kv32,1000000,13579,descending,3,std_sort,1.505667
kv32,1000000,13579,descending,3,ska_sort,15.631708
kv32,1000000,13579,descending,3,ska_sort_copy,14.9045
kv32,1000000,13579,descending,3,radixkit,9.226
kv32,1000000,13579,descending,4,ska_sort,15.48725
kv32,1000000,13579,descending,4,ska_sort_copy,14.635375
kv32,1000000,13579,descending,4,radixkit,8.714542
kv32,1000000,13579,descending,4,std_sort,1.279125
kv32,1000000,13579,descending,5,ska_sort_copy,14.841875
kv32,1000000,13579,descending,5,radixkit,9.020917
kv32,1000000,13579,descending,5,std_sort,1.200291
kv32,1000000,13579,descending,5,ska_sort,15.435375
kv32,1000000,13579,descending,6,radixkit,8.98
kv32,1000000,13579,descending,6,std_sort,1.179292
kv32,1000000,13579,descending,6,ska_sort,15.412333
kv32,1000000,13579,descending,6,ska_sort_copy,15.043209
kv32,1000000,13579,descending,7,std_sort,1.473
kv32,1000000,13579,descending,7,ska_sort,15.512417
kv32,1000000,13579,descending,7,ska_sort_copy,14.668916
kv32,1000000,13579,descending,7,radixkit,8.643709
kv32,1000000,13579,descending,8,ska_sort,15.566958
kv32,1000000,13579,descending,8,ska_sort_copy,14.279459
kv32,1000000,13579,descending,8,radixkit,8.5725
kv32,1000000,13579,descending,8,std_sort,1.790666
kv32,1000000,13579,sparse8,0,ska_sort,10.25275
kv32,1000000,13579,sparse8,0,ska_sort_copy,7.386625
kv32,1000000,13579,sparse8,0,radixkit,4.177041
kv32,1000000,13579,sparse8,0,std_sort,23.226916
kv32,1000000,13579,sparse8,1,ska_sort_copy,7.727
kv32,1000000,13579,sparse8,1,radixkit,4.154666
kv32,1000000,13579,sparse8,1,std_sort,22.9575
kv32,1000000,13579,sparse8,1,ska_sort,10.5395
kv32,1000000,13579,sparse8,2,radixkit,5.100666
kv32,1000000,13579,sparse8,2,std_sort,22.711541
kv32,1000000,13579,sparse8,2,ska_sort,10.271417
kv32,1000000,13579,sparse8,2,ska_sort_copy,7.288541
kv32,1000000,13579,sparse8,3,std_sort,22.826542
kv32,1000000,13579,sparse8,3,ska_sort,10.3775
kv32,1000000,13579,sparse8,3,ska_sort_copy,7.241417
kv32,1000000,13579,sparse8,3,radixkit,5.434417
kv32,1000000,13579,sparse8,4,ska_sort,10.448333
kv32,1000000,13579,sparse8,4,ska_sort_copy,7.298875
kv32,1000000,13579,sparse8,4,radixkit,4.200667
kv32,1000000,13579,sparse8,4,std_sort,22.965417
kv32,1000000,13579,sparse8,5,ska_sort_copy,7.457916
kv32,1000000,13579,sparse8,5,radixkit,4.220333
kv32,1000000,13579,sparse8,5,std_sort,23.107417
kv32,1000000,13579,sparse8,5,ska_sort,10.402416
kv32,1000000,13579,sparse8,6,radixkit,5.601208
kv32,1000000,13579,sparse8,6,std_sort,22.930167
kv32,1000000,13579,sparse8,6,ska_sort,10.264708
kv32,1000000,13579,sparse8,6,ska_sort_copy,7.31525
kv32,1000000,13579,sparse8,7,std_sort,22.825791
kv32,1000000,13579,sparse8,7,ska_sort,10.50025
kv32,1000000,13579,sparse8,7,ska_sort_copy,7.239875
kv32,1000000,13579,sparse8,7,radixkit,4.933833
kv32,1000000,13579,sparse8,8,ska_sort,10.457458
kv32,1000000,13579,sparse8,8,ska_sort_copy,7.357042
kv32,1000000,13579,sparse8,8,radixkit,4.205292
kv32,1000000,13579,sparse8,8,std_sort,23.029625
kv32,1000000,13579,nearly_sorted,0,ska_sort,17.416542
kv32,1000000,13579,nearly_sorted,0,ska_sort_copy,15.486
kv32,1000000,13579,nearly_sorted,0,radixkit,9.418208
kv32,1000000,13579,nearly_sorted,0,std_sort,2.972584
kv32,1000000,13579,nearly_sorted,1,ska_sort_copy,16.604875
kv32,1000000,13579,nearly_sorted,1,radixkit,10.498709
kv32,1000000,13579,nearly_sorted,1,std_sort,2.901458
kv32,1000000,13579,nearly_sorted,1,ska_sort,20.172125
kv32,1000000,13579,nearly_sorted,2,radixkit,9.789958
kv32,1000000,13579,nearly_sorted,2,std_sort,2.689792
kv32,1000000,13579,nearly_sorted,2,ska_sort,17.672542
kv32,1000000,13579,nearly_sorted,2,ska_sort_copy,15.514166
kv32,1000000,13579,nearly_sorted,3,std_sort,2.656
kv32,1000000,13579,nearly_sorted,3,ska_sort,17.298791
kv32,1000000,13579,nearly_sorted,3,ska_sort_copy,15.298375
kv32,1000000,13579,nearly_sorted,3,radixkit,9.4085
kv32,1000000,13579,nearly_sorted,4,ska_sort,18.255167
kv32,1000000,13579,nearly_sorted,4,ska_sort_copy,15.472459
kv32,1000000,13579,nearly_sorted,4,radixkit,8.883375
kv32,1000000,13579,nearly_sorted,4,std_sort,2.626833
kv32,1000000,13579,nearly_sorted,5,ska_sort_copy,14.683333
kv32,1000000,13579,nearly_sorted,5,radixkit,8.478375
kv32,1000000,13579,nearly_sorted,5,std_sort,3.149
kv32,1000000,13579,nearly_sorted,5,ska_sort,16.811833
kv32,1000000,13579,nearly_sorted,6,radixkit,9.140125
kv32,1000000,13579,nearly_sorted,6,std_sort,2.337375
kv32,1000000,13579,nearly_sorted,6,ska_sort,16.643208
kv32,1000000,13579,nearly_sorted,6,ska_sort_copy,14.465958
kv32,1000000,13579,nearly_sorted,7,std_sort,2.505208
kv32,1000000,13579,nearly_sorted,7,ska_sort,16.739667
kv32,1000000,13579,nearly_sorted,7,ska_sort_copy,14.698125
kv32,1000000,13579,nearly_sorted,7,radixkit,9.014417
kv32,1000000,13579,nearly_sorted,8,ska_sort,16.745542
kv32,1000000,13579,nearly_sorted,8,ska_sort_copy,14.833584
kv32,1000000,13579,nearly_sorted,8,radixkit,9.113917
kv32,1000000,13579,nearly_sorted,8,std_sort,2.338083
kv64,1000000,13579,uniform,0,ska_sort,13.251
kv64,1000000,13579,uniform,0,ska_sort_copy,13.612708
kv64,1000000,13579,uniform,0,radixkit,11.845917
kv64,1000000,13579,uniform,0,std_sort,55.689333
kv64,1000000,13579,uniform,1,ska_sort_copy,13.747083
kv64,1000000,13579,uniform,1,radixkit,11.775917
kv64,1000000,13579,uniform,1,std_sort,55.483958
kv64,1000000,13579,uniform,1,ska_sort,13.549375
kv64,1000000,13579,uniform,2,radixkit,11.9225
kv64,1000000,13579,uniform,2,std_sort,57.170541
kv64,1000000,13579,uniform,2,ska_sort,14.126
kv64,1000000,13579,uniform,2,ska_sort_copy,13.505333
kv64,1000000,13579,uniform,3,std_sort,175.560833
kv64,1000000,13579,uniform,3,ska_sort,14.314666
kv64,1000000,13579,uniform,3,ska_sort_copy,13.79425
kv64,1000000,13579,uniform,3,radixkit,13.379375
kv64,1000000,13579,uniform,4,ska_sort,31.170375
kv64,1000000,13579,uniform,4,ska_sort_copy,25.651083
kv64,1000000,13579,uniform,4,radixkit,31.670333
kv64,1000000,13579,uniform,4,std_sort,69.765791
kv64,1000000,13579,uniform,5,ska_sort_copy,17.788791
kv64,1000000,13579,uniform,5,radixkit,15.019041
kv64,1000000,13579,uniform,5,std_sort,59.729542
kv64,1000000,13579,uniform,5,ska_sort,18.297208
kv64,1000000,13579,uniform,6,radixkit,16.94125
kv64,1000000,13579,uniform,6,std_sort,63.3085
kv64,1000000,13579,uniform,6,ska_sort,14.841375
kv64,1000000,13579,uniform,6,ska_sort_copy,15.119583
kv64,1000000,13579,uniform,7,std_sort,61.294334
kv64,1000000,13579,uniform,7,ska_sort,14.891666
kv64,1000000,13579,uniform,7,ska_sort_copy,17.701541
kv64,1000000,13579,uniform,7,radixkit,14.874875
kv64,1000000,13579,uniform,8,ska_sort,17.557416
kv64,1000000,13579,uniform,8,ska_sort_copy,14.15025
kv64,1000000,13579,uniform,8,radixkit,13.328375
kv64,1000000,13579,uniform,8,std_sort,57.891958
kv64,1000000,13579,uniform16,0,ska_sort,17.965875
kv64,1000000,13579,uniform16,0,ska_sort_copy,18.55325
kv64,1000000,13579,uniform16,0,radixkit,5.018792
kv64,1000000,13579,uniform16,0,std_sort,49.713916
kv64,1000000,13579,uniform16,1,ska_sort_copy,18.51775
kv64,1000000,13579,uniform16,1,radixkit,5.693166
kv64,1000000,13579,uniform16,1,std_sort,50.362583
kv64,1000000,13579,uniform16,1,ska_sort,19.148208
kv64,1000000,13579,uniform16,2,radixkit,6.400917
kv64,1000000,13579,uniform16,2,std_sort,50.3235
kv64,1000000,13579,uniform16,2,ska_sort,18.5955
kv64,1000000,13579,uniform16,2,ska_sort_copy,18.051875
kv64,1000000,13579,uniform16,3,std_sort,49.397375
kv64,1000000,13579,uniform16,3,ska_sort,18.499916
kv64,1000000,13579,uniform16,3,ska_sort_copy,18.274125
kv64,1000000,13579,uniform16,3,radixkit,5.035
kv64,1000000,13579,uniform16,4,ska_sort,18.320458
kv64,1000000,13579,uniform16,4,ska_sort_copy,17.948625
kv64,1000000,13579,uniform16,4,radixkit,6.234834
kv64,1000000,13579,uniform16,4,std_sort,49.392208
kv64,1000000,13579,uniform16,5,ska_sort_copy,18.0165
kv64,1000000,13579,uniform16,5,radixkit,5.031166
kv64,1000000,13579,uniform16,5,std_sort,49.717541
kv64,1000000,13579,uniform16,5,ska_sort,17.91225
kv64,1000000,13579,uniform16,6,radixkit,5.822667
kv64,1000000,13579,uniform16,6,std_sort,49.689917
kv64,1000000,13579,uniform16,6,ska_sort,18.356375
kv64,1000000,13579,uniform16,6,ska_sort_copy,18.223167
kv64,1000000,13579,uniform16,7,std_sort,49.722916
kv64,1000000,13579,uniform16,7,ska_sort,17.976292
kv64,1000000,13579,uniform16,7,ska_sort_copy,17.925125
kv64,1000000,13579,uniform16,7,radixkit,5.003375
kv64,1000000,13579,uniform16,8,ska_sort,19.179833
kv64,1000000,13579,uniform16,8,ska_sort_copy,17.978791
kv64,1000000,13579,uniform16,8,radixkit,5.218375
kv64,1000000,13579,uniform16,8,std_sort,49.738333
kv64,1000000,13579,zeros99,0,ska_sort,21.9215
kv64,1000000,13579,zeros99,0,ska_sort_copy,21.944292
kv64,1000000,13579,zeros99,0,radixkit,0.49375
kv64,1000000,13579,zeros99,0,std_sort,65.632792
kv64,1000000,13579,zeros99,1,ska_sort_copy,21.750792
kv64,1000000,13579,zeros99,1,radixkit,0.417042
kv64,1000000,13579,zeros99,1,std_sort,65.263125
kv64,1000000,13579,zeros99,1,ska_sort,21.602875
kv64,1000000,13579,zeros99,2,radixkit,0.415292
kv64,1000000,13579,zeros99,2,std_sort,64.473458
kv64,1000000,13579,zeros99,2,ska_sort,21.902417
kv64,1000000,13579,zeros99,2,ska_sort_copy,21.630209
kv64,1000000,13579,zeros99,3,std_sort,64.677792
kv64,1000000,13579,zeros99,3,ska_sort,22.047791
kv64,1000000,13579,zeros99,3,ska_sort_copy,22.02975
kv64,1000000,13579,zeros99,3,radixkit,0.825417
kv64,1000000,13579,zeros99,4,ska_sort,21.419
kv64,1000000,13579,zeros99,4,ska_sort_copy,21.754875
kv64,1000000,13579,zeros99,4,radixkit,0.425
kv64,1000000,13579,zeros99,4,std_sort,64.468667
kv64,1000000,13579,zeros99,5,ska_sort_copy,21.799625
kv64,1000000,13579,zeros99,5,radixkit,0.631667
kv64,1000000,13579,zeros99,5,std_sort,64.187333
kv64,1000000,13579,zeros99,5,ska_sort,21.496917
kv64,1000000,13579,zeros99,6,radixkit,0.430417
kv64,1000000,13579,zeros99,6,std_sort,64.244375
kv64,1000000,13579,zeros99,6,ska_sort,21.527708
kv64,1000000,13579,zeros99,6,ska_sort_copy,22.098583
kv64,1000000,13579,zeros99,7,std_sort,65.903292
kv64,1000000,13579,zeros99,7,ska_sort,21.898833
kv64,1000000,13579,zeros99,7,ska_sort_copy,21.822041
kv64,1000000,13579,zeros99,7,radixkit,0.4415
kv64,1000000,13579,zeros99,8,ska_sort,22.384083
kv64,1000000,13579,zeros99,8,ska_sort_copy,23.995875
kv64,1000000,13579,zeros99,8,radixkit,0.450291
kv64,1000000,13579,zeros99,8,std_sort,65.605125
kv64,1000000,13579,equal,0,ska_sort,17.296417
kv64,1000000,13579,equal,0,ska_sort_copy,17.368625
kv64,1000000,13579,equal,0,radixkit,0.279125
kv64,1000000,13579,equal,0,std_sort,0.966708
kv64,1000000,13579,equal,1,ska_sort_copy,17.461083
kv64,1000000,13579,equal,1,radixkit,0.459167
kv64,1000000,13579,equal,1,std_sort,0.983166
kv64,1000000,13579,equal,1,ska_sort,17.321917
kv64,1000000,13579,equal,2,radixkit,0.38525
kv64,1000000,13579,equal,2,std_sort,1.667834
kv64,1000000,13579,equal,2,ska_sort,17.26975
kv64,1000000,13579,equal,2,ska_sort_copy,17.247792
kv64,1000000,13579,equal,3,std_sort,1.109041
kv64,1000000,13579,equal,3,ska_sort,17.191542
kv64,1000000,13579,equal,3,ska_sort_copy,17.4115
kv64,1000000,13579,equal,3,radixkit,0.30375
kv64,1000000,13579,equal,4,ska_sort,17.509833
kv64,1000000,13579,equal,4,ska_sort_copy,17.858166
kv64,1000000,13579,equal,4,radixkit,0.264708
kv64,1000000,13579,equal,4,std_sort,1.069208
kv64,1000000,13579,equal,5,ska_sort_copy,17.967167
kv64,1000000,13579,equal,5,radixkit,0.272042
kv64,1000000,13579,equal,5,std_sort,1.070375
kv64,1000000,13579,equal,5,ska_sort,18.066458
kv64,1000000,13579,equal,6,radixkit,1.122
kv64,1000000,13579,equal,6,std_sort,1.647459
kv64,1000000,13579,equal,6,ska_sort,18.029084
kv64,1000000,13579,equal,6,ska_sort_copy,18.310666
kv64,1000000,13579,equal,7,std_sort,0.9855
kv64,1000000,13579,equal,7,ska_sort,18.373958
kv64,1000000,13579,equal,7,ska_sort_copy,17.896458
kv64,1000000,13579,equal,7,radixkit,0.273959
kv64,1000000,13579,equal,8,ska_sort,17.606375
kv64,1000000,13579,equal,8,ska_sort_copy,17.843125
kv64,1000000,13579,equal,8,radixkit,1.278958
kv64,1000000,13579,equal,8,std_sort,1.034042
kv64,1000000,13579,ascending,0,ska_sort,23.922541
kv64,1000000,13579,ascending,0,ska_sort_copy,22.780875
kv64,1000000,13579,ascending,0,radixkit,0.64325
kv64,1000000,13579,ascending,0,std_sort,0.987291
kv64,1000000,13579,ascending,1,ska_sort_copy,23.013958
kv64,1000000,13579,ascending,1,radixkit,0.6305
kv64,1000000,13579,ascending,1,std_sort,1.007542
kv64,1000000,13579,ascending,1,ska_sort,23.300291
kv64,1000000,13579,ascending,2,radixkit,0.614041
kv64,1000000,13579,ascending,2,std_sort,1.008125
kv64,1000000,13579,ascending,2,ska_sort,23.763166
kv64,1000000,13579,ascending,2,ska_sort_copy,23.587
kv64,1000000,13579,ascending,3,std_sort,1.548667
kv64,1000000,13579,ascending,3,ska_sort,23.2105
kv64,1000000,13579,ascending,3,ska_sort_copy,23.860542
kv64,1000000,13579,ascending,3,radixkit,0.907625
kv64,1000000,13579,ascending,4,ska_sort,23.735125
kv64,1000000,13579,ascending,4,ska_sort_copy,22.652542
kv64,1000000,13579,ascending,4,radixkit,0.770708
kv64,1000000,13579,ascending,4,std_sort,1.066583
kv64,1000000,13579,ascending,5,ska_sort_copy,22.853583
kv64,1000000,13579,ascending,5,radixkit,0.692958
kv64,1000000,13579,ascending,5,std_sort,1.021209
kv64,1000000,13579,ascending,5,ska_sort,23.384209
kv64,1000000,13579,ascending,6,radixkit,0.612084
kv64,1000000,13579,ascending,6,std_sort,0.979
kv64,1000000,13579,ascending,6,ska_sort,23.444
kv64,1000000,13579,ascending,6,ska_sort_copy,23.673958
kv64,1000000,13579,ascending,7,std_sort,2.19775
kv64,1000000,13579,ascending,7,ska_sort,23.213625
kv64,1000000,13579,ascending,7,ska_sort_copy,24.441167
kv64,1000000,13579,ascending,7,radixkit,0.612542
kv64,1000000,13579,ascending,8,ska_sort,23.806167
kv64,1000000,13579,ascending,8,ska_sort_copy,23.090875
kv64,1000000,13579,ascending,8,radixkit,0.835209
kv64,1000000,13579,ascending,8,std_sort,1.00125
kv64,1000000,13579,descending,0,ska_sort,24.767167
kv64,1000000,13579,descending,0,ska_sort_copy,25.10075
kv64,1000000,13579,descending,0,radixkit,1.040458
kv64,1000000,13579,descending,0,std_sort,2.961125
kv64,1000000,13579,descending,1,ska_sort_copy,24.791541
kv64,1000000,13579,descending,1,radixkit,1.126916
kv64,1000000,13579,descending,1,std_sort,1.812541
kv64,1000000,13579,descending,1,ska_sort,25.106541
kv64,1000000,13579,descending,2,radixkit,0.99375
kv64,1000000,13579,descending,2,std_sort,1.684209
kv64,1000000,13579,descending,2,ska_sort,27.239459
kv64,1000000,13579,descending,2,ska_sort_copy,24.502541
kv64,1000000,13579,descending,3,std_sort,1.448917
kv64,1000000,13579,descending,3,ska_sort,24.518542
kv64,1000000,13579,descending,3,ska_sort_copy,25.006292
kv64,1000000,13579,descending,3,radixkit,0.948917
kv64,1000000,13579,descending,4,ska_sort,25.046959
kv64,1000000,13579,descending,4,ska_sort_copy,25.292666
kv64,1000000,13579,descending,4,radixkit,2.059666
kv64,1000000,13579,descending,4,std_sort,1.580334
kv64,1000000,13579,descending,5,ska_sort_copy,25.8745
kv64,1000000,13579,descending,5,radixkit,0.980042
kv64,1000000,13579,descending,5,std_sort,1.496625
kv64,1000000,13579,descending,5,ska_sort,24.859958
kv64,1000000,13579,descending,6,radixkit,1.082666
kv64,1000000,13579,descending,6,std_sort,1.492334
kv64,1000000,13579,descending,6,ska_sort,24.602708
kv64,1000000,13579,descending,6,ska_sort_copy,24.754208
kv64,1000000,13579,descending,7,std_sort,2.176792
kv64,1000000,13579,descending,7,ska_sort,23.975542
kv64,1000000,13579,descending,7,ska_sort_copy,24.540667
kv64,1000000,13579,descending,7,radixkit,0.962458
kv64,1000000,13579,descending,8,ska_sort,24.638
kv64,1000000,13579,descending,8,ska_sort_copy,24.290792
kv64,1000000,13579,descending,8,radixkit,0.943166
kv64,1000000,13579,descending,8,std_sort,1.471083
kv64,1000000,13579,sparse8,0,ska_sort,32.067917
kv64,1000000,13579,sparse8,0,ska_sort_copy,32.11425
kv64,1000000,13579,sparse8,0,radixkit,13.528584
kv64,1000000,13579,sparse8,0,std_sort,22.925166
kv64,1000000,13579,sparse8,1,ska_sort_copy,31.412667
kv64,1000000,13579,sparse8,1,radixkit,13.528458
kv64,1000000,13579,sparse8,1,std_sort,23.155042
kv64,1000000,13579,sparse8,1,ska_sort,31.946458
kv64,1000000,13579,sparse8,2,radixkit,14.035083
kv64,1000000,13579,sparse8,2,std_sort,23.384208
kv64,1000000,13579,sparse8,2,ska_sort,31.068125
kv64,1000000,13579,sparse8,2,ska_sort_copy,31.561041
kv64,1000000,13579,sparse8,3,std_sort,23.1305
kv64,1000000,13579,sparse8,3,ska_sort,31.381042
kv64,1000000,13579,sparse8,3,ska_sort_copy,31.396375
kv64,1000000,13579,sparse8,3,radixkit,13.777917
kv64,1000000,13579,sparse8,4,ska_sort,31.599667
kv64,1000000,13579,sparse8,4,ska_sort_copy,31.211709
kv64,1000000,13579,sparse8,4,radixkit,13.766042
kv64,1000000,13579,sparse8,4,std_sort,23.162834
kv64,1000000,13579,sparse8,5,ska_sort_copy,31.171959
kv64,1000000,13579,sparse8,5,radixkit,13.855208
kv64,1000000,13579,sparse8,5,std_sort,23.483959
kv64,1000000,13579,sparse8,5,ska_sort,31.317958
kv64,1000000,13579,sparse8,6,radixkit,13.520208
kv64,1000000,13579,sparse8,6,std_sort,23.210916
kv64,1000000,13579,sparse8,6,ska_sort,31.136666
kv64,1000000,13579,sparse8,6,ska_sort_copy,31.53925
kv64,1000000,13579,sparse8,7,std_sort,22.886
kv64,1000000,13579,sparse8,7,ska_sort,31.3735
kv64,1000000,13579,sparse8,7,ska_sort_copy,31.431
kv64,1000000,13579,sparse8,7,radixkit,13.6775
kv64,1000000,13579,sparse8,8,ska_sort,31.42725
kv64,1000000,13579,sparse8,8,ska_sort_copy,31.287916
kv64,1000000,13579,sparse8,8,radixkit,13.314458
kv64,1000000,13579,sparse8,8,std_sort,23.143708
kv64,1000000,13579,nearly_sorted,0,ska_sort,24.978167
kv64,1000000,13579,nearly_sorted,0,ska_sort_copy,25.450042
kv64,1000000,13579,nearly_sorted,0,radixkit,10.5215
kv64,1000000,13579,nearly_sorted,0,std_sort,2.634333
kv64,1000000,13579,nearly_sorted,1,ska_sort_copy,25.406875
kv64,1000000,13579,nearly_sorted,1,radixkit,10.051125
kv64,1000000,13579,nearly_sorted,1,std_sort,2.65325
kv64,1000000,13579,nearly_sorted,1,ska_sort,25.490375
kv64,1000000,13579,nearly_sorted,2,radixkit,10.227459
kv64,1000000,13579,nearly_sorted,2,std_sort,2.710458
kv64,1000000,13579,nearly_sorted,2,ska_sort,25.260334
kv64,1000000,13579,nearly_sorted,2,ska_sort_copy,25.096542
kv64,1000000,13579,nearly_sorted,3,std_sort,3.153042
kv64,1000000,13579,nearly_sorted,3,ska_sort,25.567084
kv64,1000000,13579,nearly_sorted,3,ska_sort_copy,25.229417
kv64,1000000,13579,nearly_sorted,3,radixkit,10.433417
kv64,1000000,13579,nearly_sorted,4,ska_sort,25.440541
kv64,1000000,13579,nearly_sorted,4,ska_sort_copy,25.2015
kv64,1000000,13579,nearly_sorted,4,radixkit,9.810541
kv64,1000000,13579,nearly_sorted,4,std_sort,2.83975
kv64,1000000,13579,nearly_sorted,5,ska_sort_copy,25.013125
kv64,1000000,13579,nearly_sorted,5,radixkit,9.816209
kv64,1000000,13579,nearly_sorted,5,std_sort,2.950375
kv64,1000000,13579,nearly_sorted,5,ska_sort,24.998708
kv64,1000000,13579,nearly_sorted,6,radixkit,10.376333
kv64,1000000,13579,nearly_sorted,6,std_sort,2.87575
kv64,1000000,13579,nearly_sorted,6,ska_sort,25.326208
kv64,1000000,13579,nearly_sorted,6,ska_sort_copy,25.563667
kv64,1000000,13579,nearly_sorted,7,std_sort,2.730375
kv64,1000000,13579,nearly_sorted,7,ska_sort,25.184583
kv64,1000000,13579,nearly_sorted,7,ska_sort_copy,25.356625
kv64,1000000,13579,nearly_sorted,7,radixkit,10.1465
kv64,1000000,13579,nearly_sorted,8,ska_sort,25.296208
kv64,1000000,13579,nearly_sorted,8,ska_sort_copy,25.270292
kv64,1000000,13579,nearly_sorted,8,radixkit,10.261875
kv64,1000000,13579,nearly_sorted,8,std_sort,2.637708
u32,1000000,24680,uniform,0,ska_sort,12.445708
u32,1000000,24680,uniform,0,ska_sort_copy,4.078333
u32,1000000,24680,uniform,0,radixkit,2.670125
u32,1000000,24680,uniform,0,adaptive,3.237625
u32,1000000,24680,uniform,0,std_sort,20.847375
u32,1000000,24680,uniform,1,ska_sort_copy,4.0715
u32,1000000,24680,uniform,1,radixkit,2.587666
u32,1000000,24680,uniform,1,adaptive,2.80625
u32,1000000,24680,uniform,1,std_sort,21.0965
u32,1000000,24680,uniform,1,ska_sort,12.09075
u32,1000000,24680,uniform,2,radixkit,2.726625
u32,1000000,24680,uniform,2,adaptive,2.599041
u32,1000000,24680,uniform,2,std_sort,20.783625
u32,1000000,24680,uniform,2,ska_sort,12.278583
u32,1000000,24680,uniform,2,ska_sort_copy,4.005334
u32,1000000,24680,uniform,3,adaptive,2.661208
u32,1000000,24680,uniform,3,std_sort,20.995541
u32,1000000,24680,uniform,3,ska_sort,12.296334
u32,1000000,24680,uniform,3,ska_sort_copy,4.238666
u32,1000000,24680,uniform,3,radixkit,2.585834
u32,1000000,24680,uniform,4,std_sort,20.7845
u32,1000000,24680,uniform,4,ska_sort,12.258334
u32,1000000,24680,uniform,4,ska_sort_copy,4.141167
u32,1000000,24680,uniform,4,radixkit,2.666875
u32,1000000,24680,uniform,4,adaptive,3.214792
u32,1000000,24680,uniform,5,ska_sort,12.093667
u32,1000000,24680,uniform,5,ska_sort_copy,4.571625
u32,1000000,24680,uniform,5,radixkit,2.568875
u32,1000000,24680,uniform,5,adaptive,2.578083
u32,1000000,24680,uniform,5,std_sort,20.854
u32,1000000,24680,uniform,6,ska_sort_copy,4.806667
u32,1000000,24680,uniform,6,radixkit,2.5655
u32,1000000,24680,uniform,6,adaptive,2.597584
u32,1000000,24680,uniform,6,std_sort,20.781042
u32,1000000,24680,uniform,6,ska_sort,12.481333
u32,1000000,24680,uniform,7,radixkit,2.694125
u32,1000000,24680,uniform,7,adaptive,2.698583
u32,1000000,24680,uniform,7,std_sort,20.822833
u32,1000000,24680,uniform,7,ska_sort,12.229666
u32,1000000,24680,uniform,7,ska_sort_copy,4.141166
u32,1000000,24680,uniform,8,adaptive,2.579042
u32,1000000,24680,uniform,8,std_sort,20.568083
u32,1000000,24680,uniform,8,ska_sort,12.47775
u32,1000000,24680,uniform,8,ska_sort_copy,4.103208
u32,1000000,24680,uniform,8,radixkit,2.663375
u32,1000000,24680,uniform16,0,ska_sort,9.056
u32,1000000,24680,uniform16,0,ska_sort_copy,8.1145
u32,1000000,24680,uniform16,0,radixkit,1.9835
u32,1000000,24680,uniform16,0,adaptive,2.445041
u32,1000000,24680,uniform16,0,std_sort,18.202125
u32,1000000,24680,uniform16,1,ska_sort_copy,8.151792
u32,1000000,24680,uniform16,1,radixkit,1.995042
u32,1000000,24680,uniform16,1,adaptive,2.377625
u32,1000000,24680,uniform16,1,std_sort,18.447708
u32,1000000,24680,uniform16,1,ska_sort,8.567083
u32,1000000,24680,uniform16,2,radixkit,2.071667
u32,1000000,24680,uniform16,2,adaptive,2.515583
u32,1000000,24680,uniform16,2,std_sort,18.273125
u32,1000000,24680,uniform16,2,ska_sort,8.591792
u32,1000000,24680,uniform16,2,ska_sort_copy,8.59675
u32,1000000,24680,uniform16,3,adaptive,1.961
u32,1000000,24680,uniform16,3,std_sort,18.302833
u32,1000000,24680,uniform16,3,ska_sort,8.906792
u32,1000000,24680,uniform16,3,ska_sort_copy,8.031834
u32,1000000,24680,uniform16,3,radixkit,1.884792
u32,1000000,24680,uniform16,4,std_sort,18.519333
u32,1000000,24680,uniform16,4,ska_sort,8.905208
u32,1000000,24680,uniform16,4,ska_sort_copy,8.187
u32,1000000,24680,uniform16,4,radixkit,2.379208
u32,1000000,24680,uniform16,4,adaptive,1.941084
u32,1000000,24680,uniform16,5,ska_sort,8.529667
u32,1000000,24680,uniform16,5,ska_sort_copy,8.842709
u32,1000000,24680,uniform16,5,radixkit,1.922083
u32,1000000,24680,uniform16,5,adaptive,1.925167
u32,1000000,24680,uniform16,5,std_sort,18.325125
u32,1000000,24680,uniform16,6,ska_sort_copy,8.846166
u32,1000000,24680,uniform16,6,radixkit,1.943542
u32,1000000,24680,uniform16,6,adaptive,1.914458
u32,1000000,24680,uniform16,6,std_sort,18.258917
u32,1000000,24680,uniform16,6,ska_sort,8.965291
u32,1000000,24680,uniform16,7,radixkit,2.030209
u32,1000000,24680,uniform16,7,adaptive,1.88175
u32,1000000,24680,uniform16,7,std_sort,18.112959
u32,1000000,24680,uniform16,7,ska_sort,9.030625
u32,1000000,24680,uniform16,7,ska_sort_copy,8.204375
u32,1000000,24680,uniform16,8,adaptive,2.333042
u32,1000000,24680,uniform16,8,std_sort,18.25225
u32,1000000,24680,uniform16,8,ska_sort,8.557958
u32,1000000,24680,uniform16,8,ska_sort_copy,8.654125
u32,1000000,24680,uniform16,8,radixkit,1.934791
u32,1000000,24680,zeros99,0,ska_sort,12.646292
u32,1000000,24680,zeros99,0,ska_sort_copy,11.26275
u32,1000000,24680,zeros99,0,radixkit,2.712084
u32,1000000,24680,zeros99,0,adaptive,0.373333
u32,1000000,24680,zeros99,0,std_sort,0.881917
u32,1000000,24680,zeros99,1,ska_sort_copy,11.247917
u32,1000000,24680,zeros99,1,radixkit,2.762041
u32,1000000,24680,zeros99,1,adaptive,0.3625
u32,1000000,24680,zeros99,1,std_sort,1.013292
u32,1000000,24680,zeros99,1,ska_sort,12.726292
u32,1000000,24680,zeros99,2,radixkit,2.777167
u32,1000000,24680,zeros99,2,adaptive,0.37225
u32,1000000,24680,zeros99,2,std_sort,0.944625
u32,1000000,24680,zeros99,2,ska_sort,12.859
u32,1000000,24680,zeros99,2,ska_sort_copy,11.223667
u32,1000000,24680,zeros99,3,adaptive,0.356
u32,1000000,24680,zeros99,3,std_sort,0.852708
u32,1000000,24680,zeros99,3,ska_sort,12.871334
u32,1000000,24680,zeros99,3,ska_sort_copy,11.202334
u32,1000000,24680,zeros99,3,radixkit,2.7395
u32,1000000,24680,zeros99,4,std_sort,0.899875
u32,1000000,24680,zeros99,4,ska_sort,12.9555
u32,1000000,24680,zeros99,4,ska_sort_copy,10.8745
u32,1000000,24680,zeros99,4,radixkit,3.171667
u32,1000000,24680,zeros99,4,adaptive,0.35725
u32,1000000,24680,zeros99,5,ska_sort,12.533042
u32,1000000,24680,zeros99,5,ska_sort_copy,11.05425
u32,1000000,24680,zeros99,5,radixkit,2.74175
u32,1000000,24680,zeros99,5,adaptive,0.350667
u32,1000000,24680,zeros99,5,std_sort,1.015625
u32,1000000,24680,zeros99,6,ska_sort_copy,11.009291
u32,1000000,24680,zeros99,6,radixkit,2.756792
u32,1000000,24680,zeros99,6,adaptive,0.357708
u32,1000000,24680,zeros99,6,std_sort,1.028083
u32,1000000,24680,zeros99,6,ska_sort,12.745917
u32,1000000,24680,zeros99,7,radixkit,2.952583
u32,1000000,24680,zeros99,7,adaptive,0.382709
u32,1000000,24680,zeros99,7,std_sort,0.946875
u32,1000000,24680,zeros99,7,ska_sort,12.566708
u32,1000000,24680,zeros99,7,ska_sort_copy,11.23625
u32,1000000,24680,zeros99,8,adaptive,0.35175
u32,1000000,24680,zeros99,8,std_sort,0.859125
u32,1000000,24680,zeros99,8,ska_sort,12.953667
u32,1000000,24680,zeros99,8,ska_sort_copy,11.27075
u32,1000000,24680,zeros99,8,radixkit,2.736791
u32,1000000,24680,equal,0,ska_sort,8.546459
u32,1000000,24680,equal,0,ska_sort_copy,11.200958
u32,1000000,24680,equal,0,radixkit,1.145292
u32,1000000,24680,equal,0,adaptive,0.050917
u32,1000000,24680,equal,0,std_sort,1.274166
u32,1000000,24680,equal,1,ska_sort_copy,11.343958
u32,1000000,24680,equal,1,radixkit,1.150292
u32,1000000,24680,equal,1,adaptive,0.05075
u32,1000000,24680,equal,1,std_sort,1.274125
u32,1000000,24680,equal,1,ska_sort,8.784958
u32,1000000,24680,equal,2,radixkit,1.180959
u32,1000000,24680,equal,2,adaptive,0.050083
u32,1000000,24680,equal,2,std_sort,1.268334
u32,1000000,24680,equal,2,ska_sort,8.384041
u32,1000000,24680,equal,2,ska_sort_copy,11.069959
u32,1000000,24680,equal,3,adaptive,0.05025
u32,1000000,24680,equal,3,std_sort,1.2785
u32,1000000,24680,equal,3,ska_sort,8.871208
u32,1000000,24680,equal,3,ska_sort_copy,11.290666
u32,1000000,24680,equal,3,radixkit,1.189084
u32,1000000,24680,equal,4,std_sort,1.298875
u32,1000000,24680,equal,4,ska_sort,8.587083
u32,1000000,24680,equal,4,ska_sort_copy,11.274292
u32,1000000,24680,equal,4,radixkit,1.147958
u32,1000000,24680,equal,4,adaptive,0.049875
u32,1000000,24680,equal,5,ska_sort,8.710958
u32,1000000,24680,equal,5,ska_sort_copy,10.888458
u32,1000000,24680,equal,5,radixkit,1.150792
u32,1000000,24680,equal,5,adaptive,0.14925
u32,1000000,24680,equal,5,std_sort,1.383791
u32,1000000,24680,equal,6,ska_sort_copy,10.900584
u32,1000000,24680,equal,6,radixkit,1.158041
u32,1000000,24680,equal,6,adaptive,0.050167
u32,1000000,24680,equal,6,std_sort,1.451375
u32,1000000,24680,equal,6,ska_sort,8.642416
u32,1000000,24680,equal,7,radixkit,1.145334
u32,1000000,24680,equal,7,adaptive,0.071708
u32,1000000,24680,equal,7,std_sort,1.252208
u32,1000000,24680,equal,7,ska_sort,8.705458
u32,1000000,24680,equal,7,ska_sort_copy,11.142125
u32,1000000,24680,equal,8,adaptive,0.049833
u32,1000000,24680,equal,8,std_sort,1.268667
u32,1000000,24680,equal,8,ska_sort,8.428
u32,1000000,24680,equal,8,ska_sort_copy,11.307791
u32,1000000,24680,equal,8,radixkit,1.145334
u32,1000000,24680,ascending,0,ska_sort,13.626291
u32,1000000,24680,ascending,0,ska_sort_copy,12.466708
u32,1000000,24680,ascending,0,radixkit,6.60075
u32,1000000,24680,ascending,0,adaptive,0.333666
u32,1000000,24680,ascending,0,std_sort,0.942541
u32,1000000,24680,ascending,1,ska_sort_copy,12.557666
u32,1000000,24680,ascending,1,radixkit,6.719833
u32,1000000,24680,ascending,1,adaptive,0.315708
u32,1000000,24680,ascending,1,std_sort,0.956584
u32,1000000,24680,ascending,1,ska_sort,13.994333
u32,1000000,24680,ascending,2,radixkit,6.435791
u32,1000000,24680,ascending,2,adaptive,0.321583
u32,1000000,24680,ascending,2,std_sort,1.056291
u32,1000000,24680,ascending,2,ska_sort,13.691792
u32,1000000,24680,ascending,2,ska_sort_copy,12.65675
u32,1000000,24680,ascending,3,adaptive,0.31575
u32,1000000,24680,ascending,3,std_sort,0.938833
u32,1000000,24680,ascending,3,ska_sort,13.733792
u32,1000000,24680,ascending,3,ska_sort_copy,12.827125
u32,1000000,24680,ascending,3,radixkit,6.147834
u32,1000000,24680,ascending,4,std_sort,0.944208
u32,1000000,24680,ascending,4,ska_sort,13.654958
u32,1000000,24680,ascending,4,ska_sort_copy,12.887125
u32,1000000,24680,ascending,4,radixkit,6.300333
u32,1000000,24680,ascending,4,adaptive,0.334792
u32,1000000,24680,ascending,5,ska_sort,13.494917
u32,1000000,24680,ascending,5,ska_sort_copy,12.975917
u32,1000000,24680,ascending,5,radixkit,6.376625
u32,1000000,24680,ascending,5,adaptive,0.381792
u32,1000000,24680,ascending,5,std_sort,0.951458
u32,1000000,24680,ascending,6,ska_sort_copy,12.411166
u32,1000000,24680,ascending,6,radixkit,6.560959
u32,1000000,24680,ascending,6,adaptive,0.319
u32,1000000,24680,ascending,6,std_sort,0.939166
u32,1000000,24680,ascending,6,ska_sort,13.607375
u32,1000000,24680,ascending,7,radixkit,6.43725
u32,1000000,24680,ascending,7,adaptive,0.322417
u32,1000000,24680,ascending,7,std_sort,0.956375
u32,1000000,24680,ascending,7,ska_sort,13.690917
u32,1000000,24680,ascending,7,ska_sort_copy,12.758458
u32,1000000,24680,ascending,8,adaptive,0.325541
u32,1000000,24680,ascending,8,std_sort,0.9615
u32,1000000,24680,ascending,8,ska_sort,13.838167
u32,1000000,24680,ascending,8,ska_sort_copy,12.446333
u32,1000000,24680,ascending,8,radixkit,6.2495
u32,1000000,24680,descending,0,ska_sort,14.781417
u32,1000000,24680,descending,0,ska_sort_copy,12.470917
u32,1000000,24680,descending,0,radixkit,6.512708
u32,1000000,24680,descending,0,adaptive,0.514541
u32,1000000,24680,descending,0,std_sort,1.626792
u32,1000000,24680,descending,1,ska_sort_copy,12.479917
u32,1000000,24680,descending,1,radixkit,6.295459
u32,1000000,24680,descending,1,adaptive,0.53
u32,1000000,24680,descending,1,std_sort,1.793833
u32,1000000,24680,descending,1,ska_sort,14.580834
u32,1000000,24680,descending,2,radixkit,6.809542
u32,1000000,24680,descending,2,adaptive,0.530833
u32,1000000,24680,descending,2,std_sort,1.623917
u32,1000000,24680,descending,2,ska_sort,14.8015
u32,1000000,24680,descending,2,ska_sort_copy,12.904667
u32,1000000,24680,descending,3,adaptive,0.533084
u32,1000000,24680,descending,3,std_sort,1.6635
u32,1000000,24680,descending,3,ska_sort,14.598042
u32,1000000,24680,descending,3,ska_sort_copy,12.501417
u32,1000000,24680,descending,3,radixkit,6.342791
u32,1000000,24680,descending,4,std_sort,1.626666
u32,1000000,24680,descending,4,ska_sort,14.729042
u32,1000000,24680,descending,4,ska_sort_copy,12.380875
u32,1000000,24680,descending,4,radixkit,6.329667
u32,1000000,24680,descending,4,adaptive,0.53725
u32,1000000,24680,descending,5,ska_sort,14.815042
u32,1000000,24680,descending,5,ska_sort_copy,12.581625
u32,1000000,24680,descending,5,radixkit,6.23225
u32,1000000,24680,descending,5,adaptive,0.516292
u32,1000000,24680,descending,5,std_sort,2.016917
u32,1000000,24680,descending,6,ska_sort_copy,12.460667
u32,1000000,24680,descending,6,radixkit,6.790958
u32,1000000,24680,descending,6,adaptive,0.516583
u32,1000000,24680,descending,6,std_sort,1.644375
u32,1000000,24680,descending,6,ska_sort,14.703625
u32,1000000,24680,descending,7,radixkit,6.462208
u32,1000000,24680,descending,7,adaptive,0.527375
u32,1000000,24680,descending,7,std_sort,1.855958
u32,1000000,24680,descending,7,ska_sort,14.593416
u32,1000000,24680,descending,7,ska_sort_copy,12.655458
u32,1000000,24680,descending,8,adaptive,0.529167
u32,1000000,24680,descending,8,std_sort,1.666833
u32,1000000,24680,descending,8,ska_sort,14.727667
u32,1000000,24680,descending,8,ska_sort_copy,12.9205
u32,1000000,24680,descending,8,radixkit,6.495875
u32,1000000,24680,sparse8,0,ska_sort,9.911209
u32,1000000,24680,sparse8,0,ska_sort_copy,6.351667
u32,1000000,24680,sparse8,0,radixkit,3.2945
u32,1000000,24680,sparse8,0,adaptive,1.026708
u32,1000000,24680,sparse8,0,std_sort,8.040458
u32,1000000,24680,sparse8,1,ska_sort_copy,6.356959
u32,1000000,24680,sparse8,1,radixkit,3.508209
u32,1000000,24680,sparse8,1,adaptive,1.044084
u32,1000000,24680,sparse8,1,std_sort,7.863708
u32,1000000,24680,sparse8,1,ska_sort,9.751834
u32,1000000,24680,sparse8,2,radixkit,3.255709
u32,1000000,24680,sparse8,2,adaptive,1.017708
u32,1000000,24680,sparse8,2,std_sort,8.149542
u32,1000000,24680,sparse8,2,ska_sort,9.503458
u32,1000000,24680,sparse8,2,ska_sort_copy,6.731208
u32,1000000,24680,sparse8,3,adaptive,1.039625
u32,1000000,24680,sparse8,3,std_sort,7.834458
u32,1000000,24680,sparse8,3,ska_sort,9.776125
u32,1000000,24680,sparse8,3,ska_sort_copy,6.447958
u32,1000000,24680,sparse8,3,radixkit,3.523208
u32,1000000,24680,sparse8,4,std_sort,8.14875
u32,1000000,24680,sparse8,4,ska_sort,9.656333
u32,1000000,24680,sparse8,4,ska_sort_copy,6.442083
u32,1000000,24680,sparse8,4,radixkit,3.192917
u32,1000000,24680,sparse8,4,adaptive,1.043459
u32,1000000,24680,sparse8,5,ska_sort,9.717
u32,1000000,24680,sparse8,5,ska_sort_copy,6.491
u32,1000000,24680,sparse8,5,radixkit,3.59975
u32,1000000,24680,sparse8,5,adaptive,1.149084
u32,1000000,24680,sparse8,5,std_sort,7.906375
u32,1000000,24680,sparse8,6,ska_sort_copy,6.7285
u32,1000000,24680,sparse8,6,radixkit,3.263417
u32,1000000,24680,sparse8,6,adaptive,1.0475
u32,1000000,24680,sparse8,6,std_sort,7.962541
u32,1000000,24680,sparse8,6,ska_sort,9.915458
u32,1000000,24680,sparse8,7,radixkit,3.24625
u32,1000000,24680,sparse8,7,adaptive,1.036333
u32,1000000,24680,sparse8,7,std_sort,8.253041
u32,1000000,24680,sparse8,7,ska_sort,9.717542
u32,1000000,24680,sparse8,7,ska_sort_copy,6.5565
u32,1000000,24680,sparse8,8,adaptive,1.018125
u32,1000000,24680,sparse8,8,std_sort,8.197
u32,1000000,24680,sparse8,8,ska_sort,9.546
u32,1000000,24680,sparse8,8,ska_sort_copy,6.611958
u32,1000000,24680,sparse8,8,radixkit,3.279833
u32,1000000,24680,nearly_sorted,0,ska_sort,16.355083
u32,1000000,24680,nearly_sorted,0,ska_sort_copy,12.755375
u32,1000000,24680,nearly_sorted,0,radixkit,6.232083
u32,1000000,24680,nearly_sorted,0,adaptive,6.627667
u32,1000000,24680,nearly_sorted,0,std_sort,2.76925
u32,1000000,24680,nearly_sorted,1,ska_sort_copy,12.292042
u32,1000000,24680,nearly_sorted,1,radixkit,6.389833
u32,1000000,24680,nearly_sorted,1,adaptive,6.316958
u32,1000000,24680,nearly_sorted,1,std_sort,2.916875
u32,1000000,24680,nearly_sorted,1,ska_sort,16.387834
u32,1000000,24680,nearly_sorted,2,radixkit,6.409125
u32,1000000,24680,nearly_sorted,2,adaptive,6.423791
u32,1000000,24680,nearly_sorted,2,std_sort,2.926334
u32,1000000,24680,nearly_sorted,2,ska_sort,16.69875
u32,1000000,24680,nearly_sorted,2,ska_sort_copy,12.554333
u32,1000000,24680,nearly_sorted,3,adaptive,6.445541
u32,1000000,24680,nearly_sorted,3,std_sort,2.747209
u32,1000000,24680,nearly_sorted,3,ska_sort,16.455166
u32,1000000,24680,nearly_sorted,3,ska_sort_copy,12.72325
u32,1000000,24680,nearly_sorted,3,radixkit,6.315708
u32,1000000,24680,nearly_sorted,4,std_sort,2.888417
u32,1000000,24680,nearly_sorted,4,ska_sort,16.533083
u32,1000000,24680,nearly_sorted,4,ska_sort_copy,12.3805
u32,1000000,24680,nearly_sorted,4,radixkit,6.516209
u32,1000000,24680,nearly_sorted,4,adaptive,6.193083
u32,1000000,24680,nearly_sorted,5,ska_sort,16.367125
u32,1000000,24680,nearly_sorted,5,ska_sort_copy,12.7545
u32,1000000,24680,nearly_sorted,5,radixkit,6.236167
u32,1000000,24680,nearly_sorted,5,adaptive,6.541292
u32,1000000,24680,nearly_sorted,5,std_sort,2.744
u32,1000000,24680,nearly_sorted,6,ska_sort_copy,12.395833
u32,1000000,24680,nearly_sorted,6,radixkit,6.253709
u32,1000000,24680,nearly_sorted,6,adaptive,6.586958
u32,1000000,24680,nearly_sorted,6,std_sort,2.787958
u32,1000000,24680,nearly_sorted,6,ska_sort,16.301792
u32,1000000,24680,nearly_sorted,7,radixkit,6.308875
u32,1000000,24680,nearly_sorted,7,adaptive,6.559417
u32,1000000,24680,nearly_sorted,7,std_sort,2.830834
u32,1000000,24680,nearly_sorted,7,ska_sort,16.335916
u32,1000000,24680,nearly_sorted,7,ska_sort_copy,12.793542
u32,1000000,24680,nearly_sorted,8,adaptive,6.596042
u32,1000000,24680,nearly_sorted,8,std_sort,2.751958
u32,1000000,24680,nearly_sorted,8,ska_sort,16.443
u32,1000000,24680,nearly_sorted,8,ska_sort_copy,12.66725
u32,1000000,24680,nearly_sorted,8,radixkit,6.193584
u64,1000000,24680,uniform,0,ska_sort,12.590417
u64,1000000,24680,uniform,0,ska_sort_copy,12.347708
u64,1000000,24680,uniform,0,radixkit,7.308625
u64,1000000,24680,uniform,0,adaptive,6.21975
u64,1000000,24680,uniform,0,std_sort,21.998625
u64,1000000,24680,uniform,1,ska_sort_copy,12.446959
u64,1000000,24680,uniform,1,radixkit,7.045083
u64,1000000,24680,uniform,1,adaptive,6.262625
u64,1000000,24680,uniform,1,std_sort,21.893583
u64,1000000,24680,uniform,1,ska_sort,12.399459
u64,1000000,24680,uniform,2,radixkit,6.829792
u64,1000000,24680,uniform,2,adaptive,6.449584
u64,1000000,24680,uniform,2,std_sort,21.959208
u64,1000000,24680,uniform,2,ska_sort,12.144416
u64,1000000,24680,uniform,2,ska_sort_copy,12.442667
u64,1000000,24680,uniform,3,adaptive,7.980084
u64,1000000,24680,uniform,3,std_sort,21.568834
u64,1000000,24680,uniform,3,ska_sort,12.7745
u64,1000000,24680,uniform,3,ska_sort_copy,12.739541
u64,1000000,24680,uniform,3,radixkit,6.233125
u64,1000000,24680,uniform,4,std_sort,21.920833
u64,1000000,24680,uniform,4,ska_sort,12.805
u64,1000000,24680,uniform,4,ska_sort_copy,12.840208
u64,1000000,24680,uniform,4,radixkit,6.741125
u64,1000000,24680,uniform,4,adaptive,6.96775
u64,1000000,24680,uniform,5,ska_sort,12.666959
u64,1000000,24680,uniform,5,ska_sort_copy,12.499042
u64,1000000,24680,uniform,5,radixkit,6.354375
u64,1000000,24680,uniform,5,adaptive,6.399375
u64,1000000,24680,uniform,5,std_sort,22.184041
u64,1000000,24680,uniform,6,ska_sort_copy,12.295958
u64,1000000,24680,uniform,6,radixkit,6.410917
u64,1000000,24680,uniform,6,adaptive,6.350292
u64,1000000,24680,uniform,6,std_sort,21.955417
u64,1000000,24680,uniform,6,ska_sort,12.40025
u64,1000000,24680,uniform,7,radixkit,6.552042
u64,1000000,24680,uniform,7,adaptive,6.304
u64,1000000,24680,uniform,7,std_sort,21.906125
u64,1000000,24680,uniform,7,ska_sort,12.614292
u64,1000000,24680,uniform,7,ska_sort_copy,12.382041
u64,1000000,24680,uniform,8,adaptive,7.391667
u64,1000000,24680,uniform,8,std_sort,21.752209
u64,1000000,24680,uniform,8,ska_sort,12.747583
u64,1000000,24680,uniform,8,ska_sort_copy,12.403791
u64,1000000,24680,uniform,8,radixkit,6.132209
u64,1000000,24680,uniform16,0,ska_sort,17.159458
u64,1000000,24680,uniform16,0,ska_sort_copy,17.34775
u64,1000000,24680,uniform16,0,radixkit,4.190459
u64,1000000,24680,uniform16,0,adaptive,2.060958
u64,1000000,24680,uniform16,0,std_sort,19.073334
u64,1000000,24680,uniform16,1,ska_sort_copy,17.595959
u64,1000000,24680,uniform16,1,radixkit,3.93475
u64,1000000,24680,uniform16,1,adaptive,1.866792
u64,1000000,24680,uniform16,1,std_sort,18.568167
u64,1000000,24680,uniform16,1,ska_sort,17.329167
u64,1000000,24680,uniform16,2,radixkit,4.220708
u64,1000000,24680,uniform16,2,adaptive,1.8985
u64,1000000,24680,uniform16,2,std_sort,18.948541
u64,1000000,24680,uniform16,2,ska_sort,17.421542
u64,1000000,24680,uniform16,2,ska_sort_copy,17.29475
u64,1000000,24680,uniform16,3,adaptive,1.953541
u64,1000000,24680,uniform16,3,std_sort,19.0425
u64,1000000,24680,uniform16,3,ska_sort,17.480625
u64,1000000,24680,uniform16,3,ska_sort_copy,17.370208
u64,1000000,24680,uniform16,3,radixkit,3.964708
u64,1000000,24680,uniform16,4,std_sort,18.822875
u64,1000000,24680,uniform16,4,ska_sort,17.265167
u64,1000000,24680,uniform16,4,ska_sort_copy,17.244875
u64,1000000,24680,uniform16,4,radixkit,4.932333
u64,1000000,24680,uniform16,4,adaptive,1.922583
u64,1000000,24680,uniform16,5,ska_sort,17.1815
u64,1000000,24680,uniform16,5,ska_sort_copy,17.361167
u64,1000000,24680,uniform16,5,radixkit,3.940792
u64,1000000,24680,uniform16,5,adaptive,1.893292
u64,1000000,24680,uniform16,5,std_sort,19.109375
u64,1000000,24680,uniform16,6,ska_sort_copy,17.404584
u64,1000000,24680,uniform16,6,radixkit,3.953875
u64,1000000,24680,uniform16,6,adaptive,1.881708
u64,1000000,24680,uniform16,6,std_sort,18.611958
u64,1000000,24680,uniform16,6,ska_sort,17.258917
u64,1000000,24680,uniform16,7,radixkit,4.678583
u64,1000000,24680,uniform16,7,adaptive,2.038083
u64,1000000,24680,uniform16,7,std_sort,18.872833
u64,1000000,24680,uniform16,7,ska_sort,17.445458
u64,1000000,24680,uniform16,7,ska_sort_copy,17.478334
u64,1000000,24680,uniform16,8,adaptive,1.905958
u64,1000000,24680,uniform16,8,std_sort,18.773791
u64,1000000,24680,uniform16,8,ska_sort,17.153375
u64,1000000,24680,uniform16,8,ska_sort_copy,17.39575
u64,1000000,24680,uniform16,8,radixkit,4.042709
u64,1000000,24680,zeros99,0,ska_sort,21.271667
u64,1000000,24680,zeros99,0,ska_sort_copy,21.590334
u64,1000000,24680,zeros99,0,radixkit,0.384
u64,1000000,24680,zeros99,0,adaptive,0.385042
u64,1000000,24680,zeros99,0,std_sort,0.950166
u64,1000000,24680,zeros99,1,ska_sort_copy,21.391042
u64,1000000,24680,zeros99,1,radixkit,0.382875
u64,1000000,24680,zeros99,1,adaptive,0.432917
u64,1000000,24680,zeros99,1,std_sort,0.944875
u64,1000000,24680,zeros99,1,ska_sort,21.686625
u64,1000000,24680,zeros99,2,radixkit,0.397083
u64,1000000,24680,zeros99,2,adaptive,0.386084
u64,1000000,24680,zeros99,2,std_sort,0.953875
u64,1000000,24680,zeros99,2,ska_sort,21.257791
u64,1000000,24680,zeros99,2,ska_sort_copy,21.716208
u64,1000000,24680,zeros99,3,adaptive,0.4615
u64,1000000,24680,zeros99,3,std_sort,0.963
u64,1000000,24680,zeros99,3,ska_sort,21.379459
u64,1000000,24680,zeros99,3,ska_sort_copy,21.228334
u64,1000000,24680,zeros99,3,radixkit,0.591
u64,1000000,24680,zeros99,4,std_sort,1.078
u64,1000000,24680,zeros99,4,ska_sort,21.330584
u64,1000000,24680,zeros99,4,ska_sort_copy,21.33975
u64,1000000,24680,zeros99,4,radixkit,0.403417
u64,1000000,24680,zeros99,4,adaptive,0.402417
u64,1000000,24680,zeros99,5,ska_sort,21.793959
u64,1000000,24680,zeros99,5,ska_sort_copy,21.317917
u64,1000000,24680,zeros99,5,radixkit,0.384166
u64,1000000,24680,zeros99,5,adaptive,0.38175
u64,1000000,24680,zeros99,5,std_sort,0.930875
u64,1000000,24680,zeros99,6,ska_sort_copy,21.549042
u64,1000000,24680,zeros99,6,radixkit,0.466791
u64,1000000,24680,zeros99,6,adaptive,0.45275
u64,1000000,24680,zeros99,6,std_sort,0.964625
u64,1000000,24680,zeros99,6,ska_sort,21.36275
u64,1000000,24680,zeros99,7,radixkit,0.384375
u64,1000000,24680,zeros99,7,adaptive,0.383083
u64,1000000,24680,zeros99,7,std_sort,0.9905
u64,1000000,24680,zeros99,7,ska_sort,21.82425
u64,1000000,24680,zeros99,7,ska_sort_copy,21.312208
u64,1000000,24680,zeros99,8,adaptive,0.385125
u64,1000000,24680,zeros99,8,std_sort,0.930583
u64,1000000,24680,zeros99,8,ska_sort,21.233291
u64,1000000,24680,zeros99,8,ska_sort_copy,21.659708
u64,1000000,24680,zeros99,8,radixkit,0.385625
u64,1000000,24680,equal,0,ska_sort,17.147458
u64,1000000,24680,equal,0,ska_sort_copy,17.059833
u64,1000000,24680,equal,0,radixkit,0.180667
u64,1000000,24680,equal,0,adaptive,0.110084
u64,1000000,24680,equal,0,std_sort,1.265584
u64,1000000,24680,equal,1,ska_sort_copy,17.322041
u64,1000000,24680,equal,1,radixkit,0.180041
u64,1000000,24680,equal,1,adaptive,0.112167
u64,1000000,24680,equal,1,std_sort,1.262292
u64,1000000,24680,equal,1,ska_sort,17.229125
u64,1000000,24680,equal,2,radixkit,0.16325
u64,1000000,24680,equal,2,adaptive,0.11125
u64,1000000,24680,equal,2,std_sort,1.297958
u64,1000000,24680,equal,2,ska_sort,17.18175
u64,1000000,24680,equal,2,ska_sort_copy,17.074834
u64,1000000,24680,equal,3,adaptive,0.295542
u64,1000000,24680,equal,3,std_sort,1.447375
u64,1000000,24680,equal,3,ska_sort,17.099084
u64,1000000,24680,equal,3,ska_sort_copy,17.084084
u64,1000000,24680,equal,3,radixkit,0.163709
u64,1000000,24680,equal,4,std_sort,1.28275
u64,1000000,24680,equal,4,ska_sort,17.06625
u64,1000000,24680,equal,4,ska_sort_copy,17.080333
u64,1000000,24680,equal,4,radixkit,0.163125
u64,1000000,24680,equal,4,adaptive,0.111959
u64,1000000,24680,equal,5,ska_sort,17.059083
u64,1000000,24680,equal,5,ska_sort_copy,17.0845
u64,1000000,24680,equal,5,radixkit,0.222709
u64,1000000,24680,equal,5,adaptive,0.148916
u64,1000000,24680,equal,5,std_sort,1.26725
u64,1000000,24680,equal,6,ska_sort_copy,17.298166
u64,1000000,24680,equal,6,radixkit,0.300292
u64,1000000,24680,equal,6,adaptive,0.150833
u64,1000000,24680,equal,6,std_sort,1.311875
u64,1000000,24680,equal,6,ska_sort,17.106166
u64,1000000,24680,equal,7,radixkit,0.164083
u64,1000000,24680,equal,7,adaptive,0.126542
u64,1000000,24680,equal,7,std_sort,1.262083
u64,1000000,24680,equal,7,ska_sort,17.110792
u64,1000000,24680,equal,7,ska_sort_copy,17.1165
u64,1000000,24680,equal,8,adaptive,0.112916
u64,1000000,24680,equal,8,std_sort,1.283083
u64,1000000,24680,equal,8,ska_sort,17.153
u64,1000000,24680,equal,8,ska_sort_copy,17.087042
u64,1000000,24680,equal,8,radixkit,0.165792
u64,1000000,24680,ascending,0,ska_sort,22.383583
u64,1000000,24680,ascending,0,ska_sort_copy,22.599042
u64,1000000,24680,ascending,0,radixkit,0.636458
u64,1000000,24680,ascending,0,adaptive,0.669084
u64,1000000,24680,ascending,0,std_sort,0.9915
u64,1000000,24680,ascending,1,ska_sort_copy,22.225584
u64,1000000,24680,ascending,1,radixkit,0.646667
u64,1000000,24680,ascending,1,adaptive,0.645916
u64,1000000,24680,ascending,1,std_sort,0.973458
u64,1000000,24680,ascending,1,ska_sort,22.562541
u64,1000000,24680,ascending,2,radixkit,0.626375
u64,1000000,24680,ascending,2,adaptive,0.624334
u64,1000000,24680,ascending,2,std_sort,0.969166
u64,1000000,24680,ascending,2,ska_sort,22.508459
u64,1000000,24680,ascending,2,ska_sort_copy,22.542542
u64,1000000,24680,ascending,3,adaptive,0.615125
u64,1000000,24680,ascending,3,std_sort,0.952584
u64,1000000,24680,ascending,3,ska_sort,22.149792
u64,1000000,24680,ascending,3,ska_sort_copy,22.51825
u64,1000000,24680,ascending,3,radixkit,0.613583
u64,1000000,24680,ascending,4,std_sort,0.953708
u64,1000000,24680,ascending,4,ska_sort,22.118958
u64,1000000,24680,ascending,4,ska_sort_copy,22.449583
u64,1000000,24680,ascending,4,radixkit,0.637708
u64,1000000,24680,ascending,4,adaptive,0.617625
u64,1000000,24680,ascending,5,ska_sort,22.0365
u64,1000000,24680,ascending,5,ska_sort_copy,22.410291
u64,1000000,24680,ascending,5,radixkit,0.695166
u64,1000000,24680,ascending,5,adaptive,0.631417
u64,1000000,24680,ascending,5,std_sort,1.000334
u64,1000000,24680,ascending,6,ska_sort_copy,22.3555
u64,1000000,24680,ascending,6,radixkit,0.638417
u64,1000000,24680,ascending,6,adaptive,0.614542
u64,1000000,24680,ascending,6,std_sort,0.96275
u64,1000000,24680,ascending,6,ska_sort,22.335625
u64,1000000,24680,ascending,7,radixkit,0.632584
u64,1000000,24680,ascending,7,adaptive,0.628417
u64,1000000,24680,ascending,7,std_sort,0.951458
u64,1000000,24680,ascending,7,ska_sort,22.379875
u64,1000000,24680,ascending,7,ska_sort_copy,22.794917
u64,1000000,24680,ascending,8,adaptive,0.617125
u64,1000000,24680,ascending,8,std_sort,0.995
u64,1000000,24680,ascending,8,ska_sort,22.616292
u64,1000000,24680,ascending,8,ska_sort_copy,23.048542
u64,1000000,24680,ascending,8,radixkit,0.626375
u64,1000000,24680,descending,0,ska_sort,24.194292
u64,1000000,24680,descending,0,ska_sort_copy,23.815667
u64,1000000,24680,descending,0,radixkit,0.926375
u64,1000000,24680,descending,0,adaptive,0.956209
u64,1000000,24680,descending,0,std_sort,1.666375
u64,1000000,24680,descending,1,ska_sort_copy,23.740791
u64,1000000,24680,descending,1,radixkit,0.850416
u64,1000000,24680,descending,1,adaptive,0.850084
u64,1000000,24680,descending,1,std_sort,2.220833
u64,1000000,24680,descending,1,ska_sort,23.728916
u64,1000000,24680,descending,2,radixkit,0.884458
u64,1000000,24680,descending,2,adaptive,0.908125
u64,1000000,24680,descending,2,std_sort,1.657458
u64,1000000,24680,descending,2,ska_sort,23.858208
u64,1000000,24680,descending,2,ska_sort_copy,23.577875
u64,1000000,24680,descending,3,adaptive,0.85025
u64,1000000,24680,descending,3,std_sort,1.834458
u64,1000000,24680,descending,3,ska_sort,23.358917
u64,1000000,24680,descending,3,ska_sort_copy,23.219375
u64,1000000,24680,descending,3,radixkit,0.876083
u64,1000000,24680,descending,4,std_sort,1.753209
u64,1000000,24680,descending,4,ska_sort,23.223084
u64,1000000,24680,descending,4,ska_sort_copy,24.145583
u64,1000000,24680,descending,4,radixkit,0.872125
u64,1000000,24680,descending,4,adaptive,0.852
u64,1000000,24680,descending,5,ska_sort,23.795666
u64,1000000,24680,descending,5,ska_sort_copy,23.923541
u64,1000000,24680,descending,5,radixkit,0.870167
u64,1000000,24680,descending,5,adaptive,0.849
u64,1000000,24680,descending,5,std_sort,1.688792
u64,1000000,24680,descending,6,ska_sort_copy,23.384625
u64,1000000,24680,descending,6,radixkit,0.935084
u64,1000000,24680,descending,6,adaptive,0.89525
u64,1000000,24680,descending,6,std_sort,1.7245
u64,1000000,24680,descending,6,ska_sort,23.213458
u64,1000000,24680,descending,7,radixkit,0.893791
u64,1000000,24680,descending,7,adaptive,0.88275
u64,1000000,24680,descending,7,std_sort,1.97075
u64,1000000,24680,descending,7,ska_sort,23.129084
u64,1000000,24680,descending,7,ska_sort_copy,23.187125
u64,1000000,24680,descending,8,adaptive,0.853541
u64,1000000,24680,descending,8,std_sort,1.73275
u64,1000000,24680,descending,8,ska_sort,23.360958
u64,1000000,24680,descending,8,ska_sort_copy,23.633417
u64,1000000,24680,descending,8,radixkit,0.872584
u64,1000000,24680,sparse8,0,ska_sort,30.417583
u64,1000000,24680,sparse8,0,ska_sort_copy,30.591375
u64,1000000,24680,sparse8,0,radixkit,12.632625
u64,1000000,24680,sparse8,0,adaptive,1.932333
u64,1000000,24680,sparse8,0,std_sort,8.223709
u64,1000000,24680,sparse8,1,ska_sort_copy,30.31875
u64,1000000,24680,sparse8,1,radixkit,12.580042
u64,1000000,24680,sparse8,1,adaptive,2.031625
u64,1000000,24680,sparse8,1,std_sort,8.275625
u64,1000000,24680,sparse8,1,ska_sort,30.183417
u64,1000000,24680,sparse8,2,radixkit,12.778958
u64,1000000,24680,sparse8,2,adaptive,1.933666
u64,1000000,24680,sparse8,2,std_sort,8.305042
u64,1000000,24680,sparse8,2,ska_sort,29.943375
u64,1000000,24680,sparse8,2,ska_sort_copy,29.89175
u64,1000000,24680,sparse8,3,adaptive,1.930541
u64,1000000,24680,sparse8,3,std_sort,8.263708
u64,1000000,24680,sparse8,3,ska_sort,30.001
u64,1000000,24680,sparse8,3,ska_sort_copy,30.601
u64,1000000,24680,sparse8,3,radixkit,12.9775
u64,1000000,24680,sparse8,4,std_sort,8.457708
u64,1000000,24680,sparse8,4,ska_sort,30.267334
u64,1000000,24680,sparse8,4,ska_sort_copy,30.186041
u64,1000000,24680,sparse8,4,radixkit,12.564667
u64,1000000,24680,sparse8,4,adaptive,1.948125
u64,1000000,24680,sparse8,5,ska_sort,30.879834
u64,1000000,24680,sparse8,5,ska_sort_copy,30.303542
u64,1000000,24680,sparse8,5,radixkit,12.753792
u64,1000000,24680,sparse8,5,adaptive,1.908167
u64,1000000,24680,sparse8,5,std_sort,8.270833
u64,1000000,24680,sparse8,6,ska_sort_copy,30.100792
u64,1000000,24680,sparse8,6,radixkit,12.528417
u64,1000000,24680,sparse8,6,adaptive,2.025292
u64,1000000,24680,sparse8,6,std_sort,8.436209
u64,1000000,24680,sparse8,6,ska_sort,31.111666
u64,1000000,24680,sparse8,7,radixkit,13.00125
u64,1000000,24680,sparse8,7,adaptive,1.945042
u64,1000000,24680,sparse8,7,std_sort,8.276833
u64,1000000,24680,sparse8,7,ska_sort,31.130625
u64,1000000,24680,sparse8,7,ska_sort_copy,31.103
u64,1000000,24680,sparse8,8,adaptive,1.960042
u64,1000000,24680,sparse8,8,std_sort,8.783792
u64,1000000,24680,sparse8,8,ska_sort,31.395208
u64,1000000,24680,sparse8,8,ska_sort_copy,30.99275
u64,1000000,24680,sparse8,8,radixkit,12.750833
u64,1000000,24680,nearly_sorted,0,ska_sort,25.027167
u64,1000000,24680,nearly_sorted,0,ska_sort_copy,25.124334
u64,1000000,24680,nearly_sorted,0,radixkit,9.130208
u64,1000000,24680,nearly_sorted,0,adaptive,9.808417
u64,1000000,24680,nearly_sorted,0,std_sort,2.89175
u64,1000000,24680,nearly_sorted,1,ska_sort_copy,25.129916
u64,1000000,24680,nearly_sorted,1,radixkit,9.301625
u64,1000000,24680,nearly_sorted,1,adaptive,9.702334
u64,1000000,24680,nearly_sorted,1,std_sort,2.922959
u64,1000000,24680,nearly_sorted,1,ska_sort,25.160958
u64,1000000,24680,nearly_sorted,2,radixkit,9.377041
u64,1000000,24680,nearly_sorted,2,adaptive,9.792916
u64,1000000,24680,nearly_sorted,2,std_sort,2.942
u64,1000000,24680,nearly_sorted,2,ska_sort,24.895625
u64,1000000,24680,nearly_sorted,2,ska_sort_copy,25.049
u64,1000000,24680,nearly_sorted,3,adaptive,9.74
u64,1000000,24680,nearly_sorted,3,std_sort,2.91575
u64,1000000,24680,nearly_sorted,3,ska_sort,24.821208
u64,1000000,24680,nearly_sorted,3,ska_sort_copy,25.034875
u64,1000000,24680,nearly_sorted,3,radixkit,9.436083
u64,1000000,24680,nearly_sorted,4,std_sort,3.003083
u64,1000000,24680,nearly_sorted,4,ska_sort,24.864458
u64,1000000,24680,nearly_sorted,4,ska_sort_copy,25.032042
u64,1000000,24680,nearly_sorted,4,radixkit,9.424666
u64,1000000,24680,nearly_sorted,4,adaptive,9.515042
u64,1000000,24680,nearly_sorted,5,ska_sort,25.029167
u64,1000000,24680,nearly_sorted,5,ska_sort_copy,24.913167
u64,1000000,24680,nearly_sorted,5,radixkit,9.6455
u64,1000000,24680,nearly_sorted,5,adaptive,9.181208
u64,1000000,24680,nearly_sorted,5,std_sort,3.035875
u64,1000000,24680,nearly_sorted,6,ska_sort_copy,24.989125
u64,1000000,24680,nearly_sorted,6,radixkit,9.762833
u64,1000000,24680,nearly_sorted,6,adaptive,9.159875
u64,1000000,24680,nearly_sorted,6,std_sort,3.188166
u64,1000000,24680,nearly_sorted,6,ska_sort,24.850125
u64,1000000,24680,nearly_sorted,7,radixkit,9.716959
u64,1000000,24680,nearly_sorted,7,adaptive,9.191083
u64,1000000,24680,nearly_sorted,7,std_sort,3.140041
u64,1000000,24680,nearly_sorted,7,ska_sort,24.921333
u64,1000000,24680,nearly_sorted,7,ska_sort_copy,25.052833
u64,1000000,24680,nearly_sorted,8,adaptive,9.337042
u64,1000000,24680,nearly_sorted,8,std_sort,2.931792
u64,1000000,24680,nearly_sorted,8,ska_sort,25.122291
u64,1000000,24680,nearly_sorted,8,ska_sort_copy,24.826625
u64,1000000,24680,nearly_sorted,8,radixkit,9.629
kv32,1000000,24680,uniform,0,ska_sort,13.327875
kv32,1000000,24680,uniform,0,ska_sort_copy,6.973667
kv32,1000000,24680,uniform,0,radixkit,5.98075
kv32,1000000,24680,uniform,0,std_sort,56.838167
kv32,1000000,24680,uniform,1,ska_sort_copy,7.831042
kv32,1000000,24680,uniform,1,radixkit,7.586208
kv32,1000000,24680,uniform,1,std_sort,56.447667
kv32,1000000,24680,uniform,1,ska_sort,13.424708
kv32,1000000,24680,uniform,2,radixkit,6.590125
kv32,1000000,24680,uniform,2,std_sort,56.953917
kv32,1000000,24680,uniform,2,ska_sort,13.527375
kv32,1000000,24680,uniform,2,ska_sort_copy,7.007833
kv32,1000000,24680,uniform,3,std_sort,57.062708
kv32,1000000,24680,uniform,3,ska_sort,13.554125
kv32,1000000,24680,uniform,3,ska_sort_copy,7.137833
kv32,1000000,24680,uniform,3,radixkit,5.999542
kv32,1000000,24680,uniform,4,ska_sort,13.030583
kv32,1000000,24680,uniform,4,ska_sort_copy,7.158209
kv32,1000000,24680,uniform,4,radixkit,5.962167
kv32,1000000,24680,uniform,4,std_sort,56.835
kv32,1000000,24680,uniform,5,ska_sort_copy,8.164959
kv32,1000000,24680,uniform,5,radixkit,7.718458
kv32,1000000,24680,uniform,5,std_sort,57.278417
kv32,1000000,24680,uniform,5,ska_sort,13.591
kv32,1000000,24680,uniform,6,radixkit,6.493708
kv32,1000000,24680,uniform,6,std_sort,57.116208
kv32,1000000,24680,uniform,6,ska_sort,13.459291
kv32,1000000,24680,uniform,6,ska_sort_copy,7.145959
kv32,1000000,24680,uniform,7,std_sort,56.62775
kv32,1000000,24680,uniform,7,ska_sort,13.106958
kv32,1000000,24680,uniform,7,ska_sort_copy,7.068208
kv32,1000000,24680,uniform,7,radixkit,6.008041
kv32,1000000,24680,uniform,8,ska_sort,13.523375
kv32,1000000,24680,uniform,8,ska_sort_copy,7.211959
kv32,1000000,24680,uniform,8,radixkit,6.000792
kv32,1000000,24680,uniform,8,std_sort,57.124416
kv32,1000000,24680,uniform16,0,ska_sort,9.226833
kv32,1000000,24680,uniform16,0,ska_sort_copy,9.351083
kv32,1000000,24680,uniform16,0,radixkit,3.718166
kv32,1000000,24680,uniform16,0,std_sort,49.847
kv32,1000000,24680,uniform16,1,ska_sort_copy,9.918
kv32,1000000,24680,uniform16,1,radixkit,3.733083
kv32,1000000,24680,uniform16,1,std_sort,49.805334
kv32,1000000,24680,uniform16,1,ska_sort,9.648875
kv32,1000000,24680,uniform16,2,radixkit,3.72525
kv32,1000000,24680,uniform16,2,std_sort,49.59925
kv32,1000000,24680,uniform16,2,ska_sort,9.656084
kv32,1000000,24680,uniform16,2,ska_sort_copy,9.237
kv32,1000000,24680,uniform16,3,std_sort,49.669916
kv32,1000000,24680,uniform16,3,ska_sort,10.562791
kv32,1000000,24680,uniform16,3,ska_sort_copy,10.206625
kv32,1000000,24680,uniform16,3,radixkit,4.173416
kv32,1000000,24680,uniform16,4,ska_sort,9.198416
kv32,1000000,24680,uniform16,4,ska_sort_copy,9.256292
kv32,1000000,24680,uniform16,4,radixkit,3.709042
kv32,1000000,24680,uniform16,4,std_sort,49.526334
kv32,1000000,24680,uniform16,5,ska_sort_copy,9.345
kv32,1000000,24680,uniform16,5,radixkit,3.706208
kv32,1000000,24680,uniform16,5,std_sort,49.622
kv32,1000000,24680,uniform16,5,ska_sort,9.598708
kv32,1000000,24680,uniform16,6,radixkit,3.689125
kv32,1000000,24680,uniform16,6,std_sort,49.799791
kv32,1000000,24680,uniform16,6,ska_sort,9.316209
kv32,1000000,24680,uniform16,6,ska_sort_copy,9.373791
kv32,1000000,24680,uniform16,7,std_sort,49.3005
kv32,1000000,24680,uniform16,7,ska_sort,10.4785
kv32,1000000,24680,uniform16,7,ska_sort_copy,9.905959
kv32,1000000,24680,uniform16,7,radixkit,3.705458
kv32,1000000,24680,uniform16,8,ska_sort,9.211958
kv32,1000000,24680,uniform16,8,ska_sort_copy,9.32625
kv32,1000000,24680,uniform16,8,radixkit,3.701459
kv32,1000000,24680,uniform16,8,std_sort,49.959208
kv32,1000000,24680,zeros99,0,ska_sort,13.47175
kv32,1000000,24680,zeros99,0,ska_sort_copy,10.981542
kv32,1000000,24680,zeros99,0,radixkit,8.278125
kv32,1000000,24680,zeros99,0,std_sort,65.151
kv32,1000000,24680,zeros99,1,ska_sort_copy,10.914333
kv32,1000000,24680,zeros99,1,radixkit,8.846875
kv32,1000000,24680,zeros99,1,std_sort,64.366375
kv32,1000000,24680,zeros99,1,ska_sort,13.409
kv32,1000000,24680,zeros99,2,radixkit,8.873375
kv32,1000000,24680,zeros99,2,std_sort,64.906083
kv32,1000000,24680,zeros99,2,ska_sort,13.59025
kv32,1000000,24680,zeros99,2,ska_sort_copy,11.120834
kv32,1000000,24680,zeros99,3,std_sort,64.998041
kv32,1000000,24680,zeros99,3,ska_sort,13.250041
kv32,1000000,24680,zeros99,3,ska_sort_copy,11.044083
kv32,1000000,24680,zeros99,3,radixkit,8.638542
kv32,1000000,24680,zeros99,4,ska_sort,12.925458
kv32,1000000,24680,zeros99,4,ska_sort_copy,10.79075
kv32,1000000,24680,zeros99,4,radixkit,8.909125
kv32,1000000,24680,zeros99,4,std_sort,64.136833
kv32,1000000,24680,zeros99,5,ska_sort_copy,11.152125
kv32,1000000,24680,zeros99,5,radixkit,9.0465
kv32,1000000,24680,zeros99,5,std_sort,65.047041
kv32,1000000,24680,zeros99,5,ska_sort,13.095084
kv32,1000000,24680,zeros99,6,radixkit,8.429292
kv32,1000000,24680,zeros99,6,std_sort,65.311875
kv32,1000000,24680,zeros99,6,ska_sort,13.137625
kv32,1000000,24680,zeros99,6,ska_sort_copy,10.805667
kv32,1000000,24680,zeros99,7,std_sort,66.272708
kv32,1000000,24680,zeros99,7,ska_sort,13.175083
kv32,1000000,24680,zeros99,7,ska_sort_copy,10.778542
kv32,1000000,24680,zeros99,7,radixkit,8.284542
kv32,1000000,24680,zeros99,8,ska_sort,13.183083
kv32,1000000,24680,zeros99,8,ska_sort_copy,10.81975
kv32,1000000,24680,zeros99,8,radixkit,8.798
kv32,1000000,24680,zeros99,8,std_sort,64.864
kv32,1000000,24680,equal,0,ska_sort,8.443959
kv32,1000000,24680,equal,0,ska_sort_copy,10.870417
kv32,1000000,24680,equal,0,radixkit,1.227917
kv32,1000000,24680,equal,0,std_sort,1.111792
kv32,1000000,24680,equal,1,ska_sort_copy,10.8085
kv32,1000000,24680,equal,1,radixkit,1.224708
kv32,1000000,24680,equal,1,std_sort,0.720875
kv32,1000000,24680,equal,1,ska_sort,8.82775
kv32,1000000,24680,equal,2,radixkit,1.22825
kv32,1000000,24680,equal,2,std_sort,0.733958
kv32,1000000,24680,equal,2,ska_sort,8.883041
kv32,1000000,24680,equal,2,ska_sort_copy,11.085125
kv32,1000000,24680,equal,3,std_sort,0.731417
kv32,1000000,24680,equal,3,ska_sort,8.799125
kv32,1000000,24680,equal,3,ska_sort_copy,10.737208
kv32,1000000,24680,equal,3,radixkit,1.279334
kv32,1000000,24680,equal,4,ska_sort,8.761917
kv32,1000000,24680,equal,4,ska_sort_copy,10.7305
kv32,1000000,24680,equal,4,radixkit,1.278209
kv32,1000000,24680,equal,4,std_sort,0.711459
kv32,1000000,24680,equal,5,ska_sort_copy,11.153
kv32,1000000,24680,equal,5,radixkit,1.231875
kv32,1000000,24680,equal,5,std_sort,0.847792
kv32,1000000,24680,equal,5,ska_sort,8.538958
kv32,1000000,24680,equal,6,radixkit,1.256459
kv32,1000000,24680,equal,6,std_sort,0.887792
kv32,1000000,24680,equal,6,ska_sort,8.432375
kv32,1000000,24680,equal,6,ska_sort_copy,10.836291
kv32,1000000,24680,equal,7,std_sort,0.798208
kv32,1000000,24680,equal,7,ska_sort,8.468459
kv32,1000000,24680,equal,7,ska_sort_copy,11.000375
kv32,1000000,24680,equal,7,radixkit,1.215916
kv32,1000000,24680,equal,8,ska_sort,8.761584
kv32,1000000,24680,equal,8,ska_sort_copy,11.090584
kv32,1000000,24680,equal,8,radixkit,1.212958
kv32,1000000,24680,equal,8,std_sort,0.7295
kv32,1000000,24680,ascending,0,ska_sort,13.944333
kv32,1000000,24680,ascending,0,ska_sort_copy,14.654166
kv32,1000000,24680,ascending,0,radixkit,8.9535
kv32,1000000,24680,ascending,0,std_sort,0.802208
kv32,1000000,24680,ascending,1,ska_sort_copy,14.719416
kv32,1000000,24680,ascending,1,radixkit,8.976541
kv32,1000000,24680,ascending,1,std_sort,0.773833
kv32,1000000,24680,ascending,1,ska_sort,14.17325
kv32,1000000,24680,ascending,2,radixkit,9.319416
kv32,1000000,24680,ascending,2,std_sort,0.727375
kv32,1000000,24680,ascending,2,ska_sort,14.008084
kv32,1000000,24680,ascending,2,ska_sort_copy,15.186709
kv32,1000000,24680,ascending,3,std_sort,1.02575
kv32,1000000,24680,ascending,3,ska_sort,14.096334
kv32,1000000,24680,ascending,3,ska_sort_copy,14.529708
kv32,1000000,24680,ascending,3,radixkit,8.682916
kv32,1000000,24680,ascending,4,ska_sort,13.927291
kv32,1000000,24680,ascending,4,ska_sort_copy,15.238209
kv32,1000000,24680,ascending,4,radixkit,8.838458
kv32,1000000,24680,ascending,4,std_sort,1.0665
kv32,1000000,24680,ascending,5,ska_sort_copy,14.750417
kv32,1000000,24680,ascending,5,radixkit,8.6765
kv32,1000000,24680,ascending,5,std_sort,0.748666
kv32,1000000,24680,ascending,5,ska_sort,14.176417
kv32,1000000,24680,ascending,6,radixkit,8.966667
kv32,1000000,24680,ascending,6,std_sort,1.38575
kv32,1000000,24680,ascending,6,ska_sort,14.185625
kv32,1000000,24680,ascending,6,ska_sort_copy,15.374375
kv32,1000000,24680,ascending,7,std_sort,0.765
kv32,1000000,24680,ascending,7,ska_sort,14.477958
kv32,1000000,24680,ascending,7,ska_sort_copy,16.193458
kv32,1000000,24680,ascending,7,radixkit,9.625916
kv32,1000000,24680,ascending,8,ska_sort,15.26525
kv32,1000000,24680,ascending,8,ska_sort_copy,15.540875
kv32,1000000,24680,ascending,8,radixkit,9.246875
kv32,1000000,24680,ascending,8,std_sort,0.81925
kv32,1000000,24680,descending,0,ska_sort,15.837667
kv32,1000000,24680,descending,0,ska_sort_copy,14.809208
kv32,1000000,24680,descending,0,radixkit,8.811
kv32,1000000,24680,descending,0,std_sort,1.26525
kv32,1000000,24680,descending,1,ska_sort_copy,14.835791
kv32,1000000,24680,descending,1,radixkit,9.123375
kv32,1000000,24680,descending,1,std_sort,1.51325
kv32,1000000,24680,descending,1,ska_sort,16.029792
kv32,1000000,24680,descending,2,radixkit,9.463959
kv32,1000000,24680,descending,2,std_sort,1.193
kv32,1000000,24680,descending,2,ska_sort,15.864125
kv32,1000000,24680,descending,2,ska_sort_copy,15.003625
kv32,1000000,24680,descending,3,std_sort,1.228917
kv32,1000000,24680,descending,3,ska_sort,15.6055
kv32,1000000,24680,descending,3,ska_sort_copy,14.588208
kv32,1000000,24680,descending,3,radixkit,8.782125
kv32,1000000,24680,descending,4,ska_sort,15.833792
kv32,1000000,24680,descending,4,ska_sort_copy,14.786292
kv32,1000000,24680,descending,4,radixkit,8.802584
kv32,1000000,24680,descending,4,std_sort,1.314334
kv32,1000000,24680,descending,5,ska_sort_copy,14.487125
kv32,1000000,24680,descending,5,radixkit,9.0485
kv32,1000000,24680,descending,5,std_sort,1.259167
kv32,1000000,24680,descending,5,ska_sort,15.786
kv32,1000000,24680,descending,6,radixkit,9.155708
kv32,1000000,24680,descending,6,std_sort,1.194542
kv32,1000000,24680,descending,6,ska_sort,15.667584
kv32,1000000,24680,descending,6,ska_sort_copy,15.053375
kv32,1000000,24680,descending,7,std_sort,1.2135
kv32,1000000,24680,descending,7,ska_sort,15.601625
kv32,1000000,24680,descending,7,ska_sort_copy,14.511208
kv32,1000000,24680,descending,7,radixkit,8.574375
kv32,1000000,24680,descending,8,ska_sort,15.516667
kv32,1000000,24680,descending,8,ska_sort_copy,14.868667
kv32,1000000,24680,descending,8,radixkit,8.716333
kv32,1000000,24680,descending,8,std_sort,1.863208
kv32,1000000,24680,sparse8,0,ska_sort,10.923292
kv32,1000000,24680,sparse8,0,ska_sort_copy,8.411208
kv32,1000000,24680,sparse8,0,radixkit,4.171584
kv32,1000000,24680,sparse8,0,std_sort,23.0835
kv32,1000000,24680,sparse8,1,ska_sort_copy,7.697791
kv32,1000000,24680,sparse8,1,radixkit,5.822625
kv32,1000000,24680,sparse8,1,std_sort,23.099833
kv32,1000000,24680,sparse8,1,ska_sort,10.406
kv32,1000000,24680,sparse8,2,radixkit,4.20025
kv32,1000000,24680,sparse8,2,std_sort,23.166417
kv32,1000000,24680,sparse8,2,ska_sort,10.764083
kv32,1000000,24680,sparse8,2,ska_sort_copy,8.209
kv32,1000000,24680,sparse8,3,std_sort,22.851209
kv32,1000000,24680,sparse8,3,ska_sort,10.687125
kv32,1000000,24680,sparse8,3,ska_sort_copy,7.401
kv32,1000000,24680,sparse8,3,radixkit,4.199583
kv32,1000000,24680,sparse8,4,ska_sort,10.580167
kv32,1000000,24680,sparse8,4,ska_sort_copy,7.250583
kv32,1000000,24680,sparse8,4,radixkit,5.403417
kv32,1000000,24680,sparse8,4,std_sort,23.130667
kv32,1000000,24680,sparse8,5,ska_sort_copy,7.280917
kv32,1000000,24680,sparse8,5,radixkit,4.281375
kv32,1000000,24680,sparse8,5,std_sort,23.533042
kv32,1000000,24680,sparse8,5,ska_sort,10.946292
kv32,1000000,24680,sparse8,6,radixkit,4.984167
kv32,1000000,24680,sparse8,6,std_sort,22.87025
kv32,1000000,24680,sparse8,6,ska_sort,10.406958
kv32,1000000,24680,sparse8,6,ska_sort_copy,7.422333
kv32,1000000,24680,sparse8,7,std_sort,22.864041
kv32,1000000,24680,sparse8,7,ska_sort,10.411541
kv32,1000000,24680,sparse8,7,ska_sort_copy,7.085416
kv32,1000000,24680,sparse8,7,radixkit,5.08675
kv32,1000000,24680,sparse8,8,ska_sort,10.707
kv32,1000000,24680,sparse8,8,ska_sort_copy,7.672875
kv32,1000000,24680,sparse8,8,radixkit,4.172166
kv32,1000000,24680,sparse8,8,std_sort,23.002458
kv32,1000000,24680,nearly_sorted,0,ska_sort,17.195875
kv32,1000000,24680,nearly_sorted,0,ska_sort_copy,14.544459
kv32,1000000,24680,nearly_sorted,0,radixkit,8.749416
kv32,1000000,24680,nearly_sorted,0,std_sort,2.898916
kv32,1000000,24680,nearly_sorted,1,ska_sort_copy,14.645
kv32,1000000,24680,nearly_sorted,1,radixkit,9.26975
kv32,1000000,24680,nearly_sorted,1,std_sort,2.555334
kv32,1000000,24680,nearly_sorted,1,ska_sort,17.672458
kv32,1000000,24680,nearly_sorted,2,radixkit,9.83075
kv32,1000000,24680,nearly_sorted,2,std_sort,3.191041
kv32,1000000,24680,nearly_sorted,2,ska_sort,17.660208
kv32,1000000,24680,nearly_sorted,2,ska_sort_copy,14.818208
kv32,1000000,24680,nearly_sorted,3,std_sort,2.745125
kv32,1000000,24680,nearly_sorted,3,ska_sort,17.655292
kv32,1000000,24680,nearly_sorted,3,ska_sort_copy,14.852959
kv32,1000000,24680,nearly_sorted,3,radixkit,9.018083
kv32,1000000,24680,nearly_sorted,4,ska_sort,18.2415
kv32,1000000,24680,nearly_sorted,4,ska_sort_copy,14.846709
kv32,1000000,24680,nearly_sorted,4,radixkit,8.714458
kv32,1000000,24680,nearly_sorted,4,std_sort,3.026416
kv32,1000000,24680,nearly_sorted,5,ska_sort_copy,14.678625
kv32,1000000,24680,nearly_sorted,5,radixkit,8.893125
kv32,1000000,24680,nearly_sorted,5,std_sort,2.533834
kv32,1000000,24680,nearly_sorted,5,ska_sort,17.481542
kv32,1000000,24680,nearly_sorted,6,radixkit,9.260625
kv32,1000000,24680,nearly_sorted,6,std_sort,2.616708
kv32,1000000,24680,nearly_sorted,6,ska_sort,17.161583
kv32,1000000,24680,nearly_sorted,6,ska_sort_copy,14.319083
kv32,1000000,24680,nearly_sorted,7,std_sort,2.561625
kv32,1000000,24680,nearly_sorted,7,ska_sort,17.369958
kv32,1000000,24680,nearly_sorted,7,ska_sort_copy,14.935292
kv32,1000000,24680,nearly_sorted,7,radixkit,9.525542
kv32,1000000,24680,nearly_sorted,8,ska_sort,17.069916
kv32,1000000,24680,nearly_sorted,8,ska_sort_copy,14.826458
kv32,1000000,24680,nearly_sorted,8,radixkit,8.938292
kv32,1000000,24680,nearly_sorted,8,std_sort,2.782375
kv64,1000000,24680,uniform,0,ska_sort,13.277875
kv64,1000000,24680,uniform,0,ska_sort_copy,13.039208
kv64,1000000,24680,uniform,0,radixkit,12.315292
kv64,1000000,24680,uniform,0,std_sort,55.604791
kv64,1000000,24680,uniform,1,ska_sort_copy,13.155917
kv64,1000000,24680,uniform,1,radixkit,12.416792
kv64,1000000,24680,uniform,1,std_sort,55.708375
kv64,1000000,24680,uniform,1,ska_sort,13.358708
kv64,1000000,24680,uniform,2,radixkit,12.172417
kv64,1000000,24680,uniform,2,std_sort,55.747375
kv64,1000000,24680,uniform,2,ska_sort,13.247542
kv64,1000000,24680,uniform,2,ska_sort_copy,13.274083
kv64,1000000,24680,uniform,3,std_sort,55.636292
kv64,1000000,24680,uniform,3,ska_sort,13.22025
kv64,1000000,24680,uniform,3,ska_sort_copy,13.164833
kv64,1000000,24680,uniform,3,radixkit,12.363834
kv64,1000000,24680,uniform,4,ska_sort,13.52175
kv64,1000000,24680,uniform,4,ska_sort_copy,14.6195
kv64,1000000,24680,uniform,4,radixkit,11.563584
kv64,1000000,24680,uniform,4,std_sort,56.172167
kv64,1000000,24680,uniform,5,ska_sort_copy,13.028958
kv64,1000000,24680,uniform,5,radixkit,12.481958
kv64,1000000,24680,uniform,5,std_sort,55.877125
kv64,1000000,24680,uniform,5,ska_sort,13.338584
kv64,1000000,24680,uniform,6,radixkit,12.692167
kv64,1000000,24680,uniform,6,std_sort,55.758875
kv64,1000000,24680,uniform,6,ska_sort,13.080125
kv64,1000000,24680,uniform,6,ska_sort_copy,13.377
kv64,1000000,24680,uniform,7,std_sort,55.801833
kv64,1000000,24680,uniform,7,ska_sort,13.854541
kv64,1000000,24680,uniform,7,ska_sort_copy,14.327917
kv64,1000000,24680,uniform,7,radixkit,11.952209
kv64,1000000,24680,uniform,8,ska_sort,13.21875
kv64,1000000,24680,uniform,8,ska_sort_copy,13.913
kv64,1000000,24680,uniform,8,radixkit,13.202625
kv64,1000000,24680,uniform,8,std_sort,57.129583
kv64,1000000,24680,uniform16,0,ska_sort,18.489666
kv64,1000000,24680,uniform16,0,ska_sort_copy,17.88625
kv64,1000000,24680,uniform16,0,radixkit,6.061458
kv64,1000000,24680,uniform16,0,std_sort,50.029583
kv64,1000000,24680,uniform16,1,ska_sort_copy,18.350791
kv64,1000000,24680,uniform16,1,radixkit,5.304042
kv64,1000000,24680,uniform16,1,std_sort,49.640834
kv64,1000000,24680,uniform16,1,ska_sort,17.905834
kv64,1000000,24680,uniform16,2,radixkit,5.566917
kv64,1000000,24680,uniform16,2,std_sort,49.848667
kv64,1000000,24680,uniform16,2,ska_sort,18.463542
kv64,1000000,24680,uniform16,2,ska_sort_copy,17.986834
kv64,1000000,24680,uniform16,3,std_sort,49.529917
kv64,1000000,24680,uniform16,3,ska_sort,17.83
kv64,1000000,24680,uniform16,3,ska_sort_copy,17.892917
kv64,1000000,24680,uniform16,3,radixkit,5.0665
kv64,1000000,24680,uniform16,4,ska_sort,18.241959
kv64,1000000,24680,uniform16,4,ska_sort_copy,18.088083
kv64,1000000,24680,uniform16,4,radixkit,5.513708
kv64,1000000,24680,uniform16,4,std_sort,49.748333
kv64,1000000,24680,uniform16,5,ska_sort_copy,18.298542
kv64,1000000,24680,uniform16,5,radixkit,5.355541
kv64,1000000,24680,uniform16,5,std_sort,49.6885
kv64,1000000,24680,uniform16,5,ska_sort,17.999542
kv64,1000000,24680,uniform16,6,radixkit,5.086958
kv64,1000000,24680,uniform16,6,std_sort,50.450083
kv64,1000000,24680,uniform16,6,ska_sort,19.386541
kv64,1000000,24680,uniform16,6,ska_sort_copy,18.140709
kv64,1000000,24680,uniform16,7,std_sort,50.128709
kv64,1000000,24680,uniform16,7,ska_sort,17.897667
kv64,1000000,24680,uniform16,7,ska_sort_copy,19.339041
kv64,1000000,24680,uniform16,7,radixkit,5.966667
kv64,1000000,24680,uniform16,8,ska_sort,18.201625
kv64,1000000,24680,uniform16,8,ska_sort_copy,18.545833
kv64,1000000,24680,uniform16,8,radixkit,4.973291
kv64,1000000,24680,uniform16,8,std_sort,49.973917
kv64,1000000,24680,zeros99,0,ska_sort,22.168083
kv64,1000000,24680,zeros99,0,ska_sort_copy,21.476709
kv64,1000000,24680,zeros99,0,radixkit,0.411291
kv64,1000000,24680,zeros99,0,std_sort,65.9075
kv64,1000000,24680,zeros99,1,ska_sort_copy,21.832708
kv64,1000000,24680,zeros99,1,radixkit,0.420083
kv64,1000000,24680,zeros99,1,std_sort,65.357209
kv64,1000000,24680,zeros99,1,ska_sort,22.361084
kv64,1000000,24680,zeros99,2,radixkit,0.419459
kv64,1000000,24680,zeros99,2,std_sort,65.952708
kv64,1000000,24680,zeros99,2,ska_sort,22.366417
kv64,1000000,24680,zeros99,2,ska_sort_copy,21.735166
kv64,1000000,24680,zeros99,3,std_sort,66.405458
kv64,1000000,24680,zeros99,3,ska_sort,21.570375
kv64,1000000,24680,zeros99,3,ska_sort_copy,22.836917
kv64,1000000,24680,zeros99,3,radixkit,0.475416
kv64,1000000,24680,zeros99,4,ska_sort,22.668583
kv64,1000000,24680,zeros99,4,ska_sort_copy,22.443833
kv64,1000000,24680,zeros99,4,radixkit,0.444084
kv64,1000000,24680,zeros99,4,std_sort,69.502459
kv64,1000000,24680,zeros99,5,ska_sort_copy,22.995917
kv64,1000000,24680,zeros99,5,radixkit,0.624417
kv64,1000000,24680,zeros99,5,std_sort,191.982625
kv64,1000000,24680,zeros99,5,ska_sort,22.057167
kv64,1000000,24680,zeros99,6,radixkit,0.433042
kv64,1000000,24680,zeros99,6,std_sort,67.123834
kv64,1000000,24680,zeros99,6,ska_sort,22.12425
kv64,1000000,24680,zeros99,6,ska_sort_copy,22.169709
kv64,1000000,24680,zeros99,7,std_sort,68.982166
kv64,1000000,24680,zeros99,7,ska_sort,22.464958
kv64,1000000,24680,zeros99,7,ska_sort_copy,22.10625
kv64,1000000,24680,zeros99,7,radixkit,0.414084
kv64,1000000,24680,zeros99,8,ska_sort,22.10875
kv64,1000000,24680,zeros99,8,ska_sort_copy,22.390917
kv64,1000000,24680,zeros99,8,radixkit,0.538
kv64,1000000,24680,zeros99,8,std_sort,66.989791
kv64,1000000,24680,equal,0,ska_sort,17.282292
kv64,1000000,24680,equal,0,ska_sort_copy,17.321084
kv64,1000000,24680,equal,0,radixkit,0.270791
kv64,1000000,24680,equal,0,std_sort,1.068584
kv64,1000000,24680,equal,1,ska_sort_copy,17.511375
kv64,1000000,24680,equal,1,radixkit,0.305375
kv64,1000000,24680,equal,1,std_sort,0.9685
kv64,1000000,24680,equal,1,ska_sort,18.22875
kv64,1000000,24680,equal,2,radixkit,0.421291
kv64,1000000,24680,equal,2,std_sort,1.012792
kv64,1000000,24680,equal,2,ska_sort,17.244666
kv64,1000000,24680,equal,2,ska_sort_copy,17.332625
kv64,1000000,24680,equal,3,std_sort,1.545458
kv64,1000000,24680,equal,3,ska_sort,17.192375
kv64,1000000,24680,equal,3,ska_sort_copy,17.463958
kv64,1000000,24680,equal,3,radixkit,0.338167
kv64,1000000,24680,equal,4,ska_sort,17.067958
kv64,1000000,24680,equal,4,ska_sort_copy,17.150583
kv64,1000000,24680,equal,4,radixkit,0.284
kv64,1000000,24680,equal,4,std_sort,1.075666
kv64,1000000,24680,equal,5,ska_sort_copy,17.452542
kv64,1000000,24680,equal,5,radixkit,0.2665
kv64,1000000,24680,equal,5,std_sort,0.972667
kv64,1000000,24680,equal,5,ska_sort,17.234916
kv64,1000000,24680,equal,6,radixkit,0.419916
kv64,1000000,24680,equal,6,std_sort,1.008542
kv64,1000000,24680,equal,6,ska_sort,17.309375
kv64,1000000,24680,equal,6,ska_sort_copy,17.303208
kv64,1000000,24680,equal,7,std_sort,1.215166
kv64,1000000,24680,equal,7,ska_sort,17.196542
kv64,1000000,24680,equal,7,ska_sort_copy,17.51475
kv64,1000000,24680,equal,7,radixkit,0.272792
kv64,1000000,24680,equal,8,ska_sort,17.45225
kv64,1000000,24680,equal,8,ska_sort_copy,17.49
kv64,1000000,24680,equal,8,radixkit,0.273166
kv64,1000000,24680,equal,8,std_sort,1.004625
kv64,1000000,24680,ascending,0,ska_sort,22.750917
kv64,1000000,24680,ascending,0,ska_sort_copy,22.505875
kv64,1000000,24680,ascending,0,radixkit,0.868333
kv64,1000000,24680,ascending,0,std_sort,1.009625
kv64,1000000,24680,ascending,1,ska_sort_copy,22.904
kv64,1000000,24680,ascending,1,radixkit,0.664667
kv64,1000000,24680,ascending,1,std_sort,1.046625
kv64,1000000,24680,ascending,1,ska_sort,22.949875
kv64,1000000,24680,ascending,2,radixkit,0.611625
kv64,1000000,24680,ascending,2,std_sort,1.01375
kv64,1000000,24680,ascending,2,ska_sort,23.000208
kv64,1000000,24680,ascending,2,ska_sort_copy,22.496625
kv64,1000000,24680,ascending,3,std_sort,1.291417
kv64,1000000,24680,ascending,3,ska_sort,22.815917
kv64,1000000,24680,ascending,3,ska_sort_copy,22.90975
kv64,1000000,24680,ascending,3,radixkit,0.630458
kv64,1000000,24680,ascending,4,ska_sort,22.566875
kv64,1000000,24680,ascending,4,ska_sort_copy,22.355333
kv64,1000000,24680,ascending,4,radixkit,0.615625
kv64,1000000,24680,ascending,4,std_sort,1.066875
kv64,1000000,24680,ascending,5,ska_sort_copy,22.529166
kv64,1000000,24680,ascending,5,radixkit,0.613
kv64,1000000,24680,ascending,5,std_sort,1.382792
kv64,1000000,24680,ascending,5,ska_sort,22.486542
kv64,1000000,24680,ascending,6,radixkit,0.637166
kv64,1000000,24680,ascending,6,std_sort,1.273666
kv64,1000000,24680,ascending,6,ska_sort,22.319292
kv64,1000000,24680,ascending,6,ska_sort_copy,22.609083
kv64,1000000,24680,ascending,7,std_sort,1.005667
kv64,1000000,24680,ascending,7,ska_sort,22.8395
kv64,1000000,24680,ascending,7,ska_sort_copy,22.705584
kv64,1000000,24680,ascending,7,radixkit,0.62725
kv64,1000000,24680,ascending,8,ska_sort,22.645875
kv64,1000000,24680,ascending,8,ska_sort_copy,22.569375
kv64,1000000,24680,ascending,8,radixkit,0.659041
kv64,1000000,24680,ascending,8,std_sort,1.018667
kv64,1000000,24680,descending,0,ska_sort,24.161042
kv64,1000000,24680,descending,0,ska_sort_copy,24.846083
kv64,1000000,24680,descending,0,radixkit,0.980708
kv64,1000000,24680,descending,0,std_sort,1.493625
kv64,1000000,24680,descending,1,ska_sort_copy,24.169333
kv64,1000000,24680,descending,1,radixkit,0.95425
kv64,1000000,24680,descending,1,std_sort,1.703875
kv64,1000000,24680,descending,1,ska_sort,23.863208
kv64,1000000,24680,descending,2,radixkit,1.120584
kv64,1000000,24680,descending,2,std_sort,1.896875
kv64,1000000,24680,descending,2,ska_sort,24.180291
kv64,1000000,24680,descending,2,ska_sort_copy,24.314875
kv64,1000000,24680,descending,3,std_sort,1.457291
kv64,1000000,24680,descending,3,ska_sort,24.343125
kv64,1000000,24680,descending,3,ska_sort_copy,24.264708
kv64,1000000,24680,descending,3,radixkit,0.949542
kv64,1000000,24680,descending,4,ska_sort,24.256417
kv64,1000000,24680,descending,4,ska_sort_copy,24.033417
kv64,1000000,24680,descending,4,radixkit,1.024208
kv64,1000000,24680,descending,4,std_sort,1.72125
kv64,1000000,24680,descending,5,ska_sort_copy,24.265875
kv64,1000000,24680,descending,5,radixkit,1.026417
kv64,1000000,24680,descending,5,std_sort,1.503625
kv64,1000000,24680,descending,5,ska_sort,24.327084
kv64,1000000,24680,descending,6,radixkit,1.015167
kv64,1000000,24680,descending,6,std_sort,1.477167
kv64,1000000,24680,descending,6,ska_sort,24.061958
kv64,1000000,24680,descending,6,ska_sort_copy,23.865292
kv64,1000000,24680,descending,7,std_sort,1.712041
kv64,1000000,24680,descending,7,ska_sort,23.861125
kv64,1000000,24680,descending,7,ska_sort_copy,23.808292
kv64,1000000,24680,descending,7,radixkit,0.936708
kv64,1000000,24680,descending,8,ska_sort,24.366541
kv64,1000000,24680,descending,8,ska_sort_copy,24.096709
kv64,1000000,24680,descending,8,radixkit,1.055083
kv64,1000000,24680,descending,8,std_sort,1.465583
kv64,1000000,24680,sparse8,0,ska_sort,31.112834
kv64,1000000,24680,sparse8,0,ska_sort_copy,31.6845
kv64,1000000,24680,sparse8,0,radixkit,13.56025
kv64,1000000,24680,sparse8,0,std_sort,22.810958
kv64,1000000,24680,sparse8,1,ska_sort_copy,31.615834
kv64,1000000,24680,sparse8,1,radixkit,13.659541
kv64,1000000,24680,sparse8,1,std_sort,23.281375
kv64,1000000,24680,sparse8,1,ska_sort,31.846208
kv64,1000000,24680,sparse8,2,radixkit,13.607834
kv64,1000000,24680,sparse8,2,std_sort,23.356
kv64,1000000,24680,sparse8,2,ska_sort,31.9475
kv64,1000000,24680,sparse8,2,ska_sort_copy,31.538583
kv64,1000000,24680,sparse8,3,std_sort,22.659417
kv64,1000000,24680,sparse8,3,ska_sort,31.367542
kv64,1000000,24680,sparse8,3,ska_sort_copy,31.587791
kv64,1000000,24680,sparse8,3,radixkit,13.671292
kv64,1000000,24680,sparse8,4,ska_sort,31.703833
kv64,1000000,24680,sparse8,4,ska_sort_copy,31.240375
kv64,1000000,24680,sparse8,4,radixkit,13.448334
kv64,1000000,24680,sparse8,4,std_sort,23.185625
kv64,1000000,24680,sparse8,5,ska_sort_copy,31.540834
kv64,1000000,24680,sparse8,5,radixkit,13.756
kv64,1000000,24680,sparse8,5,std_sort,23.340625
kv64,1000000,24680,sparse8,5,ska_sort,31.297917
kv64,1000000,24680,sparse8,6,radixkit,13.831334
kv64,1000000,24680,sparse8,6,std_sort,23.369167
kv64,1000000,24680,sparse8,6,ska_sort,31.536292
kv64,1000000,24680,sparse8,6,ska_sort_copy,31.484208
kv64,1000000,24680,sparse8,7,std_sort,23.31525
kv64,1000000,24680,sparse8,7,ska_sort,31.67375
kv64,1000000,24680,sparse8,7,ska_sort_copy,31.525459
kv64,1000000,24680,sparse8,7,radixkit,13.518208
kv64,1000000,24680,sparse8,8,ska_sort,31.789125
kv64,1000000,24680,sparse8,8,ska_sort_copy,31.514917
kv64,1000000,24680,sparse8,8,radixkit,13.398875
kv64,1000000,24680,sparse8,8,std_sort,24.017584
kv64,1000000,24680,nearly_sorted,0,ska_sort,26.922875
kv64,1000000,24680,nearly_sorted,0,ska_sort_copy,26.627458
kv64,1000000,24680,nearly_sorted,0,radixkit,10.64325
kv64,1000000,24680,nearly_sorted,0,std_sort,3.072917
kv64,1000000,24680,nearly_sorted,1,ska_sort_copy,26.293583
kv64,1000000,24680,nearly_sorted,1,radixkit,10.258875
kv64,1000000,24680,nearly_sorted,1,std_sort,2.999666
kv64,1000000,24680,nearly_sorted,1,ska_sort,26.108375
kv64,1000000,24680,nearly_sorted,2,radixkit,10.385209
kv64,1000000,24680,nearly_sorted,2,std_sort,3.033917
kv64,1000000,24680,nearly_sorted,2,ska_sort,26.102916
kv64,1000000,24680,nearly_sorted,2,ska_sort_copy,25.987
kv64,1000000,24680,nearly_sorted,3,std_sort,2.897083
kv64,1000000,24680,nearly_sorted,3,ska_sort,26.190209
kv64,1000000,24680,nearly_sorted,3,ska_sort_copy,26.080916
kv64,1000000,24680,nearly_sorted,3,radixkit,10.16475
kv64,1000000,24680,nearly_sorted,4,ska_sort,26.215625
kv64,1000000,24680,nearly_sorted,4,ska_sort_copy,25.99025
kv64,1000000,24680,nearly_sorted,4,radixkit,10.609375
kv64,1000000,24680,nearly_sorted,4,std_sort,3.040625
kv64,1000000,24680,nearly_sorted,5,ska_sort_copy,25.9945
kv64,1000000,24680,nearly_sorted,5,radixkit,10.279083
kv64,1000000,24680,nearly_sorted,5,std_sort,2.9725
kv64,1000000,24680,nearly_sorted,5,ska_sort,26.272125
kv64,1000000,24680,nearly_sorted,6,radixkit,11.20125
kv64,1000000,24680,nearly_sorted,6,std_sort,2.977292
kv64,1000000,24680,nearly_sorted,6,ska_sort,26.183708
kv64,1000000,24680,nearly_sorted,6,ska_sort_copy,27.577375
kv64,1000000,24680,nearly_sorted,7,std_sort,3.220708
kv64,1000000,24680,nearly_sorted,7,ska_sort,26.550917
kv64,1000000,24680,nearly_sorted,7,ska_sort_copy,27.337166
kv64,1000000,24680,nearly_sorted,7,radixkit,10.65525
kv64,1000000,24680,nearly_sorted,8,ska_sort,26.593
kv64,1000000,24680,nearly_sorted,8,ska_sort_copy,26.0775
kv64,1000000,24680,nearly_sorted,8,radixkit,10.828459
kv64,1000000,24680,nearly_sorted,8,std_sort,2.893541
u32,1000000,97531,uniform,0,ska_sort,12.693375
u32,1000000,97531,uniform,0,ska_sort_copy,4.247625
u32,1000000,97531,uniform,0,radixkit,2.590875
u32,1000000,97531,uniform,0,adaptive,2.688791
u32,1000000,97531,uniform,0,std_sort,21.695166
u32,1000000,97531,uniform,1,ska_sort_copy,4.339084
u32,1000000,97531,uniform,1,radixkit,2.5755
u32,1000000,97531,uniform,1,adaptive,2.725334
u32,1000000,97531,uniform,1,std_sort,21.925708
u32,1000000,97531,uniform,1,ska_sort,12.292791
u32,1000000,97531,uniform,2,radixkit,3.600083
u32,1000000,97531,uniform,2,adaptive,2.605583
u32,1000000,97531,uniform,2,std_sort,21.354875
u32,1000000,97531,uniform,2,ska_sort,12.729667
u32,1000000,97531,uniform,2,ska_sort_copy,4.128541
u32,1000000,97531,uniform,3,adaptive,2.564541
u32,1000000,97531,uniform,3,std_sort,21.763041
u32,1000000,97531,uniform,3,ska_sort,12.139417
u32,1000000,97531,uniform,3,ska_sort_copy,5.370375
u32,1000000,97531,uniform,3,radixkit,2.668709
u32,1000000,97531,uniform,4,std_sort,22.006334
u32,1000000,97531,uniform,4,ska_sort,12.300792
u32,1000000,97531,uniform,4,ska_sort_copy,4.824625
u32,1000000,97531,uniform,4,radixkit,2.576333
u32,1000000,97531,uniform,4,adaptive,2.805708
u32,1000000,97531,uniform,5,ska_sort,12.693208
u32,1000000,97531,uniform,5,ska_sort_copy,4.241
u32,1000000,97531,uniform,5,radixkit,2.585458
u32,1000000,97531,uniform,5,adaptive,3.826125
u32,1000000,97531,uniform,5,std_sort,21.453209
u32,1000000,97531,uniform,6,ska_sort_copy,4.261625
u32,1000000,97531,uniform,6,radixkit,2.573958
u32,1000000,97531,uniform,6,adaptive,3.7735
u32,1000000,97531,uniform,6,std_sort,21.422042
u32,1000000,97531,uniform,6,ska_sort,12.839292
u32,1000000,97531,uniform,7,radixkit,2.767042
u32,1000000,97531,uniform,7,adaptive,2.83925
u32,1000000,97531,uniform,7,std_sort,21.805417
u32,1000000,97531,uniform,7,ska_sort,12.332
u32,1000000,97531,uniform,7,ska_sort_copy,5.166458
u32,1000000,97531,uniform,8,adaptive,2.652833
u32,1000000,97531,uniform,8,std_sort,21.57775
u32,1000000,97531,uniform,8,ska_sort,12.80925
u32,1000000,97531,uniform,8,ska_sort_copy,4.2705
u32,1000000,97531,uniform,8,radixkit,2.584625
u32,1000000,97531,uniform16,0,ska_sort,8.903583
u32,1000000,97531,uniform16,0,ska_sort_copy,8.371375
u32,1000000,97531,uniform16,0,radixkit,2.982125
u32,1000000,97531,uniform16,0,adaptive,1.956542
u32,1000000,97531,uniform16,0,std_sort,18.768708
u32,1000000,97531,uniform16,1,ska_sort_copy,8.49875
u32,1000000,97531,uniform16,1,radixkit,2.133958
u32,1000000,97531,uniform16,1,adaptive,1.915667
u32,1000000,97531,uniform16,1,std_sort,18.591875
u32,1000000,97531,uniform16,1,ska_sort,8.719542
u32,1000000,97531,uniform16,2,radixkit,2.1195
u32,1000000,97531,uniform16,2,adaptive,1.907958
u32,1000000,97531,uniform16,2,std_sort,18.574792
u32,1000000,97531,uniform16,2,ska_sort,8.642208
u32,1000000,97531,uniform16,2,ska_sort_copy,8.302208
u32,1000000,97531,uniform16,3,adaptive,2.204875
u32,1000000,97531,uniform16,3,std_sort,18.547875
u32,1000000,97531,uniform16,3,ska_sort,8.739459
u32,1000000,97531,uniform16,3,ska_sort_copy,8.34975
u32,1000000,97531,uniform16,3,radixkit,2.177042
u32,1000000,97531,uniform16,4,std_sort,18.67475
u32,1000000,97531,uniform16,4,ska_sort,8.692084
u32,1000000,97531,uniform16,4,ska_sort_copy,8.438125
u32,1000000,97531,uniform16,4,radixkit,1.924916
u32,1000000,97531,uniform16,4,adaptive,2.061708
u32,1000000,97531,uniform16,5,ska_sort,8.795333
u32,1000000,97531,uniform16,5,ska_sort_copy,8.2905
u32,1000000,97531,uniform16,5,radixkit,1.997167
u32,1000000,97531,uniform16,5,adaptive,1.948833
u32,1000000,97531,uniform16,5,std_sort,18.563292
u32,1000000,97531,uniform16,6,ska_sort_copy,8.312958
u32,1000000,97531,uniform16,6,radixkit,2.022167
u32,1000000,97531,uniform16,6,adaptive,1.938458
u32,1000000,97531,uniform16,6,std_sort,18.5985
u32,1000000,97531,uniform16,6,ska_sort,8.714833
u32,1000000,97531,uniform16,7,radixkit,2.045709
u32,1000000,97531,uniform16,7,adaptive,2.019167
u32,1000000,97531,uniform16,7,std_sort,18.848709
u32,1000000,97531,uniform16,7,ska_sort,8.723917
u32,1000000,97531,uniform16,7,ska_sort_copy,8.359208
u32,1000000,97531,uniform16,8,adaptive,1.927042
u32,1000000,97531,uniform16,8,std_sort,18.45825
u32,1000000,97531,uniform16,8,ska_sort,8.681917
u32,1000000,97531,uniform16,8,ska_sort_copy,8.211583
u32,1000000,97531,uniform16,8,radixkit,2.253584
u32,1000000,97531,zeros99,0,ska_sort,12.824125
u32,1000000,97531,zeros99,0,ska_sort_copy,11.053417
u32,1000000,97531,zeros99,0,radixkit,2.830292
u32,1000000,97531,zeros99,0,adaptive,0.358125
u32,1000000,97531,zeros99,0,std_sort,0.880125
u32,1000000,97531,zeros99,1,ska_sort_copy,11.171208
u32,1000000,97531,zeros99,1,radixkit,3.061625
u32,1000000,97531,zeros99,1,adaptive,0.35625
u32,1000000,97531,zeros99,1,std_sort,0.862209
u32,1000000,97531,zeros99,1,ska_sort,12.806291
u32,1000000,97531,zeros99,2,radixkit,2.716084
u32,1000000,97531,zeros99,2,adaptive,0.355542
u32,1000000,97531,zeros99,2,std_sort,0.8845
u32,1000000,97531,zeros99,2,ska_sort,13.075958
u32,1000000,97531,zeros99,2,ska_sort_copy,11.071375
u32,1000000,97531,zeros99,3,adaptive,0.387625
u32,1000000,97531,zeros99,3,std_sort,0.916541
u32,1000000,97531,zeros99,3,ska_sort,12.769084
u32,1000000,97531,zeros99,3,ska_sort_copy,11.06925
u32,1000000,97531,zeros99,3,radixkit,2.759416
u32,1000000,97531,zeros99,4,std_sort,0.876375
u32,1000000,97531,zeros99,4,ska_sort,13.047917
u32,1000000,97531,zeros99,4,ska_sort_copy,11.064458
u32,1000000,97531,zeros99,4,radixkit,2.773459
u32,1000000,97531,zeros99,4,adaptive,0.369959
u32,1000000,97531,zeros99,5,ska_sort,13.056125
u32,1000000,97531,zeros99,5,ska_sort_copy,11.151042
u32,1000000,97531,zeros99,5,radixkit,2.730459
u32,1000000,97531,zeros99,5,adaptive,0.357292
u32,1000000,97531,zeros99,5,std_sort,0.874875
u32,1000000,97531,zeros99,6,ska_sort_copy,11.267416
u32,1000000,97531,zeros99,6,radixkit,2.717625
u32,1000000,97531,zeros99,6,adaptive,0.355125
u32,1000000,97531,zeros99,6,std_sort,0.885625
u32,1000000,97531,zeros99,6,ska_sort,13.060209
u32,1000000,97531,zeros99,7,radixkit,2.738041
u32,1000000,97531,zeros99,7,adaptive,0.364209
u32,1000000,97531,zeros99,7,std_sort,0.890583
u32,1000000,97531,zeros99,7,ska_sort,13.081625
u32,1000000,97531,zeros99,7,ska_sort_copy,11.247042
u32,1000000,97531,zeros99,8,adaptive,0.428292
u32,1000000,97531,zeros99,8,std_sort,0.908417
u32,1000000,97531,zeros99,8,ska_sort,12.81575
u32,1000000,97531,zeros99,8,ska_sort_copy,11.088333
u32,1000000,97531,zeros99,8,radixkit,2.760375
u32,1000000,97531,equal,0,ska_sort,8.732084
u32,1000000,97531,equal,0,ska_sort_copy,11.180459
u32,1000000,97531,equal,0,radixkit,1.355416
u32,1000000,97531,equal,0,adaptive,0.050917
u32,1000000,97531,equal,0,std_sort,1.301042
u32,1000000,97531,equal,1,ska_sort_copy,11.055666
u32,1000000,97531,equal,1,radixkit,1.198792
u32,1000000,97531,equal,1,adaptive,0.073208
u32,1000000,97531,equal,1,std_sort,1.331
u32,1000000,97531,equal,1,ska_sort,8.541375
u32,1000000,97531,equal,2,radixkit,1.166583
u32,1000000,97531,equal,2,adaptive,0.049417
u32,1000000,97531,equal,2,std_sort,1.276667
u32,1000000,97531,equal,2,ska_sort,8.594542
u32,1000000,97531,equal,2,ska_sort_copy,11.351083
u32,1000000,97531,equal,3,adaptive,0.049417
u32,1000000,97531,equal,3,std_sort,1.252458
u32,1000000,97531,equal,3,ska_sort,8.581917
u32,1000000,97531,equal,3,ska_sort_copy,11.094458
u32,1000000,97531,equal,3,radixkit,1.189542
u32,1000000,97531,equal,4,std_sort,1.257625
u32,1000000,97531,equal,4,ska_sort,8.792041
u32,1000000,97531,equal,4,ska_sort_copy,10.977541
u32,1000000,97531,equal,4,radixkit,1.216917
u32,1000000,97531,equal,4,adaptive,0.094042
u32,1000000,97531,equal,5,ska_sort,8.646084
u32,1000000,97531,equal,5,ska_sort_copy,10.98525
u32,1000000,97531,equal,5,radixkit,1.175291
u32,1000000,97531,equal,5,adaptive,0.05325
u32,1000000,97531,equal,5,std_sort,1.325167
u32,1000000,97531,equal,6,ska_sort_copy,11.266584
u32,1000000,97531,equal,6,radixkit,1.165625
u32,1000000,97531,equal,6,adaptive,0.052125
u32,1000000,97531,equal,6,std_sort,1.299375
u32,1000000,97531,equal,6,ska_sort,8.586542
u32,1000000,97531,equal,7,radixkit,1.205208
u32,1000000,97531,equal,7,adaptive,0.050541
u32,1000000,97531,equal,7,std_sort,1.275958
u32,1000000,97531,equal,7,ska_sort,8.59575
u32,1000000,97531,equal,7,ska_sort_copy,11.173208
u32,1000000,97531,equal,8,adaptive,0.056458
u32,1000000,97531,equal,8,std_sort,1.333125
u32,1000000,97531,equal,8,ska_sort,8.680167
u32,1000000,97531,equal,8,ska_sort_copy,10.936333
u32,1000000,97531,equal,8,radixkit,1.154333
u32,1000000,97531,ascending,0,ska_sort,13.9165
u32,1000000,97531,ascending,0,ska_sort_copy,12.74475
u32,1000000,97531,ascending,0,radixkit,6.452167
u32,1000000,97531,ascending,0,adaptive,0.339917
u32,1000000,97531,ascending,0,std_sort,0.9625
u32,1000000,97531,ascending,1,ska_sort_copy,12.601459
u32,1000000,97531,ascending,1,radixkit,6.483125
u32,1000000,97531,ascending,1,adaptive,0.314792
u32,1000000,97531,ascending,1,std_sort,1.008209
u32,1000000,97531,ascending,1,ska_sort,13.753
u32,1000000,97531,ascending,2,radixkit,6.564292
u32,1000000,97531,ascending,2,adaptive,0.323333
u32,1000000,97531,ascending,2,std_sort,0.971458
u32,1000000,97531,ascending,2,ska_sort,13.866125
u32,1000000,97531,ascending,2,ska_sort_copy,12.530542
u32,1000000,97531,ascending,3,adaptive,0.327959
u32,1000000,97531,ascending,3,std_sort,0.955291
u32,1000000,97531,ascending,3,ska_sort,13.669166
u32,1000000,97531,ascending,3,ska_sort_copy,12.458167
u32,1000000,97531,ascending,3,radixkit,6.68675
u32,1000000,97531,ascending,4,std_sort,0.941166
u32,1000000,97531,ascending,4,ska_sort,13.733667
u32,1000000,97531,ascending,4,ska_sort_copy,12.619625
u32,1000000,97531,ascending,4,radixkit,6.715416
u32,1000000,97531,ascending,4,adaptive,0.331041
u32,1000000,97531,ascending,5,ska_sort,13.670667
u32,1000000,97531,ascending,5,ska_sort_copy,12.557916
u32,1000000,97531,ascending,5,radixkit,6.448041
u32,1000000,97531,ascending,5,adaptive,0.326958
u32,1000000,97531,ascending,5,std_sort,1.009459
u32,1000000,97531,ascending,6,ska_sort_copy,12.889458
u32,1000000,97531,ascending,6,radixkit,6.33625
u32,1000000,97531,ascending,6,adaptive,0.318042
u32,1000000,97531,ascending,6,std_sort,0.97825
u32,1000000,97531,ascending,6,ska_sort,13.718209
u32,1000000,97531,ascending,7,radixkit,6.886125
u32,1000000,97531,ascending,7,adaptive,0.32
u32,1000000,97531,ascending,7,std_sort,0.938334
u32,1000000,97531,ascending,7,ska_sort,13.816125
u32,1000000,97531,ascending,7,ska_sort_copy,12.25625
u32,1000000,97531,ascending,8,adaptive,0.33275
u32,1000000,97531,ascending,8,std_sort,0.986458
u32,1000000,97531,ascending,8,ska_sort,13.658792
u32,1000000,97531,ascending,8,ska_sort_copy,12.603208
u32,1000000,97531,ascending,8,radixkit,6.419583
u32,1000000,97531,descending,0,ska_sort,14.865208
u32,1000000,97531,descending,0,ska_sort_copy,12.844708
u32,1000000,97531,descending,0,radixkit,6.335417
u32,1000000,97531,descending,0,adaptive,0.649333
u32,1000000,97531,descending,0,std_sort,1.667792
u32,1000000,97531,descending,1,ska_sort_copy,12.707584
u32,1000000,97531,descending,1,radixkit,6.897083
u32,1000000,97531,descending,1,adaptive,0.534958
u32,1000000,97531,descending,1,std_sort,1.707708
u32,1000000,97531,descending,1,ska_sort,14.872125
u32,1000000,97531,descending,2,radixkit,6.624833
u32,1000000,97531,descending,2,adaptive,0.548208
u32,1000000,97531,descending,2,std_sort,1.671458
u32,1000000,97531,descending,2,ska_sort,14.872291
u32,1000000,97531,descending,2,ska_sort_copy,12.508459
u32,1000000,97531,descending,3,adaptive,0.515417
u32,1000000,97531,descending,3,std_sort,1.761459
u32,1000000,97531,descending,3,ska_sort,14.596833
u32,1000000,97531,descending,3,ska_sort_copy,12.877792
u32,1000000,97531,descending,3,radixkit,6.414792
u32,1000000,97531,descending,4,std_sort,1.655292
u32,1000000,97531,descending,4,ska_sort,14.696458
u32,1000000,97531,descending,4,ska_sort_copy,12.325
u32,1000000,97531,descending,4,radixkit,6.571667
u32,1000000,97531,descending,4,adaptive,0.530708
u32,1000000,97531,descending,5,ska_sort,14.688375
u32,1000000,97531,descending,5,ska_sort_copy,12.718167
u32,1000000,97531,descending,5,radixkit,6.478916
u32,1000000,97531,descending,5,adaptive,0.526125
u32,1000000,97531,descending,5,std_sort,1.658916
u32,1000000,97531,descending,6,ska_sort_copy,12.372
u32,1000000,97531,descending,6,radixkit,6.476209
u32,1000000,97531,descending,6,adaptive,0.548292
u32,1000000,97531,descending,6,std_sort,1.702542
u32,1000000,97531,descending,6,ska_sort,14.650666
u32,1000000,97531,descending,7,radixkit,6.626375
u32,1000000,97531,descending,7,adaptive,0.535042
u32,1000000,97531,descending,7,std_sort,1.713042
u32,1000000,97531,descending,7,ska_sort,14.739
u32,1000000,97531,descending,7,ska_sort_copy,12.732166
u32,1000000,97531,descending,8,adaptive,0.513167
u32,1000000,97531,descending,8,std_sort,1.68425
u32,1000000,97531,descending,8,ska_sort,14.872625
u32,1000000,97531,descending,8,ska_sort_copy,12.635541
u32,1000000,97531,descending,8,radixkit,6.341166
u32,1000000,97531,sparse8,0,ska_sort,9.697542
u32,1000000,97531,sparse8,0,ska_sort_copy,6.590042
u32,1000000,97531,sparse8,0,radixkit,3.334334
u32,1000000,97531,sparse8,0,adaptive,1.042333
u32,1000000,97531,sparse8,0,std_sort,8.373792
u32,1000000,97531,sparse8,1,ska_sort_copy,6.544125
u32,1000000,97531,sparse8,1,radixkit,3.272958
u32,1000000,97531,sparse8,1,adaptive,1.017041
u32,1000000,97531,sparse8,1,std_sort,8.324666
u32,1000000,97531,sparse8,1,ska_sort,9.700208
u32,1000000,97531,sparse8,2,radixkit,3.455833
u32,1000000,97531,sparse8,2,adaptive,1.015958
u32,1000000,97531,sparse8,2,std_sort,8.249541
u32,1000000,97531,sparse8,2,ska_sort,9.748291
u32,1000000,97531,sparse8,2,ska_sort_copy,6.571083
u32,1000000,97531,sparse8,3,adaptive,1.0495
u32,1000000,97531,sparse8,3,std_sort,8.268667
u32,1000000,97531,sparse8,3,ska_sort,9.84
u32,1000000,97531,sparse8,3,ska_sort_copy,6.573708
u32,1000000,97531,sparse8,3,radixkit,3.277375
u32,1000000,97531,sparse8,4,std_sort,8.246834
u32,1000000,97531,sparse8,4,ska_sort,9.759625
u32,1000000,97531,sparse8,4,ska_sort_copy,6.742708
u32,1000000,97531,sparse8,4,radixkit,3.424334
u32,1000000,97531,sparse8,4,adaptive,1.033958
u32,1000000,97531,sparse8,5,ska_sort,9.728
u32,1000000,97531,sparse8,5,ska_sort_copy,6.584166
u32,1000000,97531,sparse8,5,radixkit,3.271
u32,1000000,97531,sparse8,5,adaptive,1.081209
u32,1000000,97531,sparse8,5,std_sort,8.248708
u32,1000000,97531,sparse8,6,ska_sort_copy,6.522125
u32,1000000,97531,sparse8,6,radixkit,3.544583
u32,1000000,97531,sparse8,6,adaptive,1.014542
u32,1000000,97531,sparse8,6,std_sort,8.253
u32,1000000,97531,sparse8,6,ska_sort,9.742875
u32,1000000,97531,sparse8,7,radixkit,3.363834
u32,1000000,97531,sparse8,7,adaptive,1.0225
u32,1000000,97531,sparse8,7,std_sort,8.440584
u32,1000000,97531,sparse8,7,ska_sort,9.67525
u32,1000000,97531,sparse8,7,ska_sort_copy,6.640167
u32,1000000,97531,sparse8,8,adaptive,1.016291
u32,1000000,97531,sparse8,8,std_sort,8.219875
u32,1000000,97531,sparse8,8,ska_sort,9.834166
u32,1000000,97531,sparse8,8,ska_sort_copy,6.501583
u32,1000000,97531,sparse8,8,radixkit,3.6855
u32,1000000,97531,nearly_sorted,0,ska_sort,15.760833
u32,1000000,97531,nearly_sorted,0,ska_sort_copy,12.96
u32,1000000,97531,nearly_sorted,0,radixkit,6.385166
u32,1000000,97531,nearly_sorted,0,adaptive,6.42175
u32,1000000,97531,nearly_sorted,0,std_sort,2.84275
u32,1000000,97531,nearly_sorted,1,ska_sort_copy,13.023458
u32,1000000,97531,nearly_sorted,1,radixkit,6.496584
u32,1000000,97531,nearly_sorted,1,adaptive,6.538292
u32,1000000,97531,nearly_sorted,1,std_sort,2.924625
u32,1000000,97531,nearly_sorted,1,ska_sort,16.12775
u32,1000000,97531,nearly_sorted,2,radixkit,6.46675
u32,1000000,97531,nearly_sorted,2,adaptive,6.447
u32,1000000,97531,nearly_sorted,2,std_sort,3.085625
u32,1000000,97531,nearly_sorted,2,ska_sort,15.740666
u32,1000000,97531,nearly_sorted,2,ska_sort_copy,12.469791
u32,1000000,97531,nearly_sorted,3,adaptive,6.769958
u32,1000000,97531,nearly_sorted,3,std_sort,2.92575
u32,1000000,97531,nearly_sorted,3,ska_sort,15.891334
u32,1000000,97531,nearly_sorted,3,ska_sort_copy,12.188125
u32,1000000,97531,nearly_sorted,3,radixkit,6.434
u32,1000000,97531,nearly_sorted,4,std_sort,2.801584
u32,1000000,97531,nearly_sorted,4,ska_sort,15.904291
u32,1000000,97531,nearly_sorted,4,ska_sort_copy,12.994792
u32,1000000,97531,nearly_sorted,4,radixkit,6.565708
u32,1000000,97531,nearly_sorted,4,adaptive,6.519375
u32,1000000,97531,nearly_sorted,5,ska_sort,15.737166
u32,1000000,97531,nearly_sorted,5,ska_sort_copy,12.269167
u32,1000000,97531,nearly_sorted,5,radixkit,6.46325
u32,1000000,97531,nearly_sorted,5,adaptive,6.733459
u32,1000000,97531,nearly_sorted,5,std_sort,2.830542
u32,1000000,97531,nearly_sorted,6,ska_sort_copy,12.943584
u32,1000000,97531,nearly_sorted,6,radixkit,6.41475
u32,1000000,97531,nearly_sorted,6,adaptive,6.519459
u32,1000000,97531,nearly_sorted,6,std_sort,3.094125
u32,1000000,97531,nearly_sorted,6,ska_sort,15.881459
u32,1000000,97531,nearly_sorted,7,radixkit,6.725
u32,1000000,97531,nearly_sorted,7,adaptive,6.632417
u32,1000000,97531,nearly_sorted,7,std_sort,2.933042
u32,1000000,97531,nearly_sorted,7,ska_sort,16.360041
u32,1000000,97531,nearly_sorted,7,ska_sort_copy,12.475166
u32,1000000,97531,nearly_sorted,8,adaptive,6.510875
u32,1000000,97531,nearly_sorted,8,std_sort,2.913291
u32,1000000,97531,nearly_sorted,8,ska_sort,15.889709
u32,1000000,97531,nearly_sorted,8,ska_sort_copy,12.530917
u32,1000000,97531,nearly_sorted,8,radixkit,6.441083
u64,1000000,97531,uniform,0,ska_sort,12.880875
u64,1000000,97531,uniform,0,ska_sort_copy,12.465833
u64,1000000,97531,uniform,0,radixkit,6.6625
u64,1000000,97531,uniform,0,adaptive,6.950041
u64,1000000,97531,uniform,0,std_sort,21.977583
u64,1000000,97531,uniform,1,ska_sort_copy,12.542667
u64,1000000,97531,uniform,1,radixkit,6.385459
u64,1000000,97531,uniform,1,adaptive,7.047917
u64,1000000,97531,uniform,1,std_sort,22.006417
u64,1000000,97531,uniform,1,ska_sort,12.53775
u64,1000000,97531,uniform,2,radixkit,6.371792
u64,1000000,97531,uniform,2,adaptive,6.859917
u64,1000000,97531,uniform,2,std_sort,22.006375
u64,1000000,97531,uniform,2,ska_sort,12.522875
u64,1000000,97531,uniform,2,ska_sort_copy,12.925833
u64,1000000,97531,uniform,3,adaptive,7.262583
u64,1000000,97531,uniform,3,std_sort,21.844459
u64,1000000,97531,uniform,3,ska_sort,12.78575
u64,1000000,97531,uniform,3,ska_sort_copy,12.624167
u64,1000000,97531,uniform,3,radixkit,6.944333
u64,1000000,97531,uniform,4,std_sort,21.938792
u64,1000000,97531,uniform,4,ska_sort,12.650166
u64,1000000,97531,uniform,4,ska_sort_copy,12.62675
u64,1000000,97531,uniform,4,radixkit,7.058
u64,1000000,97531,uniform,4,adaptive,6.469792
u64,1000000,97531,uniform,5,ska_sort,12.849583
u64,1000000,97531,uniform,5,ska_sort_copy,12.8225
u64,1000000,97531,uniform,5,radixkit,6.422125
u64,1000000,97531,uniform,5,adaptive,6.803875
u64,1000000,97531,uniform,5,std_sort,22.207958
u64,1000000,97531,uniform,6,ska_sort_copy,12.972292
u64,1000000,97531,uniform,6,radixkit,7.024708
u64,1000000,97531,uniform,6,adaptive,7.479334
u64,1000000,97531,uniform,6,std_sort,21.993458
u64,1000000,97531,uniform,6,ska_sort,12.801125
u64,1000000,97531,uniform,7,radixkit,7.089667
u64,1000000,97531,uniform,7,adaptive,7.867584
u64,1000000,97531,uniform,7,std_sort,22.075
u64,1000000,97531,uniform,7,ska_sort,12.795959
u64,1000000,97531,uniform,7,ska_sort_copy,12.753
u64,1000000,97531,uniform,8,adaptive,7.093708
u64,1000000,97531,uniform,8,std_sort,22.006917
u64,1000000,97531,uniform,8,ska_sort,12.897
u64,1000000,97531,uniform,8,ska_sort_copy,12.9135
u64,1000000,97531,uniform,8,radixkit,7.621334
u64,1000000,97531,uniform16,0,ska_sort,17.754041
u64,1000000,97531,uniform16,0,ska_sort_copy,17.452666
u64,1000000,97531,uniform16,0,radixkit,4.25425
u64,1000000,97531,uniform16,0,adaptive,1.928792
u64,1000000,97531,uniform16,0,std_sort,19.39375
u64,1000000,97531,uniform16,1,ska_sort_copy,17.855958
u64,1000000,97531,uniform16,1,radixkit,4.009417
u64,1000000,97531,uniform16,1,adaptive,2.03975
u64,1000000,97531,uniform16,1,std_sort,19.183958
u64,1000000,97531,uniform16,1,ska_sort,17.678042
u64,1000000,97531,uniform16,2,radixkit,4.474292
u64,1000000,97531,uniform16,2,adaptive,1.913417
u64,1000000,97531,uniform16,2,std_sort,19.361667
u64,1000000,97531,uniform16,2,ska_sort,17.760708
u64,1000000,97531,uniform16,2,ska_sort_copy,17.714708
u64,1000000,97531,uniform16,3,adaptive,1.958334
u64,1000000,97531,uniform16,3,std_sort,19.263333
u64,1000000,97531,uniform16,3,ska_sort,17.65475
u64,1000000,97531,uniform16,3,ska_sort_copy,17.634583
u64,1000000,97531,uniform16,3,radixkit,4.2485
u64,1000000,97531,uniform16,4,std_sort,19.12975
u64,1000000,97531,uniform16,4,ska_sort,17.477791
u64,1000000,97531,uniform16,4,ska_sort_copy,17.36825
u64,1000000,97531,uniform16,4,radixkit,4.428708
u64,1000000,97531,uniform16,4,adaptive,1.922083
u64,1000000,97531,uniform16,5,ska_sort,17.466625
u64,1000000,97531,uniform16,5,ska_sort_copy,17.434125
u64,1000000,97531,uniform16,5,radixkit,3.983167
u64,1000000,97531,uniform16,5,adaptive,2.050666
u64,1000000,97531,uniform16,5,std_sort,19.241208
u64,1000000,97531,uniform16,6,ska_sort_copy,17.850792
u64,1000000,97531,uniform16,6,radixkit,4.358875
u64,1000000,97531,uniform16,6,adaptive,1.96
u64,1000000,97531,uniform16,6,std_sort,19.332208
u64,1000000,97531,uniform16,6,ska_sort,17.579584
u64,1000000,97531,uniform16,7,radixkit,4.049416
u64,1000000,97531,uniform16,7,adaptive,1.95875
u64,1000000,97531,uniform16,7,std_sort,19.356584
u64,1000000,97531,uniform16,7,ska_sort,17.551041
u64,1000000,97531,uniform16,7,ska_sort_copy,17.469084
u64,1000000,97531,uniform16,8,adaptive,2.0295
u64,1000000,97531,uniform16,8,std_sort,19.428833
u64,1000000,97531,uniform16,8,ska_sort,17.613417
u64,1000000,97531,uniform16,8,ska_sort_copy,17.341792
u64,1000000,97531,uniform16,8,radixkit,4.273791
u64,1000000,97531,zeros99,0,ska_sort,21.641
u64,1000000,97531,zeros99,0,ska_sort_copy,21.435875
u64,1000000,97531,zeros99,0,radixkit,0.385042
u64,1000000,97531,zeros99,0,adaptive,0.394292
u64,1000000,97531,zeros99,0,std_sort,0.96075
u64,1000000,97531,zeros99,1,ska_sort_copy,21.593834
u64,1000000,97531,zeros99,1,radixkit,0.386375
u64,1000000,97531,zeros99,1,adaptive,0.411042
u64,1000000,97531,zeros99,1,std_sort,0.967708
u64,1000000,97531,zeros99,1,ska_sort,21.352666
u64,1000000,97531,zeros99,2,radixkit,0.404584
u64,1000000,97531,zeros99,2,adaptive,0.453792
u64,1000000,97531,zeros99,2,std_sort,0.98275
u64,1000000,97531,zeros99,2,ska_sort,21.4595
u64,1000000,97531,zeros99,2,ska_sort_copy,21.541333
u64,1000000,97531,zeros99,3,adaptive,0.387791
u64,1000000,97531,zeros99,3,std_sort,0.935917
u64,1000000,97531,zeros99,3,ska_sort,21.545708
u64,1000000,97531,zeros99,3,ska_sort_copy,21.549916
u64,1000000,97531,zeros99,3,radixkit,0.434333
u64,1000000,97531,zeros99,4,std_sort,0.950333
u64,1000000,97531,zeros99,4,ska_sort,21.261292
u64,1000000,97531,zeros99,4,ska_sort_copy,21.610666
u64,1000000,97531,zeros99,4,radixkit,0.385834
u64,1000000,97531,zeros99,4,adaptive,0.395417
u64,1000000,97531,zeros99,5,ska_sort,21.453709
u64,1000000,97531,zeros99,5,ska_sort_copy,21.874917
u64,1000000,97531,zeros99,5,radixkit,0.389167
u64,1000000,97531,zeros99,5,adaptive,0.382708
u64,1000000,97531,zeros99,5,std_sort,0.942959
u64,1000000,97531,zeros99,6,ska_sort_copy,21.487959
u64,1000000,97531,zeros99,6,radixkit,0.38975
u64,1000000,97531,zeros99,6,adaptive,0.385375
u64,1000000,97531,zeros99,6,std_sort,0.933708
u64,1000000,97531,zeros99,6,ska_sort,21.73675
u64,1000000,97531,zeros99,7,radixkit,0.39875
u64,1000000,97531,zeros99,7,adaptive,0.388291
u64,1000000,97531,zeros99,7,std_sort,0.936792
u64,1000000,97531,zeros99,7,ska_sort,21.562209
u64,1000000,97531,zeros99,7,ska_sort_copy,21.453667
u64,1000000,97531,zeros99,8,adaptive,0.423459
u64,1000000,97531,zeros99,8,std_sort,0.974
u64,1000000,97531,zeros99,8,ska_sort,21.554875
u64,1000000,97531,zeros99,8,ska_sort_copy,21.310958
u64,1000000,97531,zeros99,8,radixkit,0.383333
u64,1000000,97531,equal,0,ska_sort,17.290041
u64,1000000,97531,equal,0,ska_sort_copy,17.025917
u64,1000000,97531,equal,0,radixkit,0.167792
u64,1000000,97531,equal,0,adaptive,0.114083
u64,1000000,97531,equal,0,std_sort,1.270375
u64,1000000,97531,equal,1,ska_sort_copy,17.299333
u64,1000000,97531,equal,1,radixkit,0.188167
u64,1000000,97531,equal,1,adaptive,0.149334
u64,1000000,97531,equal,1,std_sort,1.353958
u64,1000000,97531,equal,1,ska_sort,17.14925
u64,1000000,97531,equal,2,radixkit,0.1655
u64,1000000,97531,equal,2,adaptive,0.113708
u64,1000000,97531,equal,2,std_sort,1.282625
u64,1000000,97531,equal,2,ska_sort,17.222958
u64,1000000,97531,equal,2,ska_sort_copy,17.154333
u64,1000000,97531,equal,3,adaptive,0.15125
u64,1000000,97531,equal,3,std_sort,1.30925
u64,1000000,97531,equal,3,ska_sort,17.222541
u64,1000000,97531,equal,3,ska_sort_copy,17.102542
u64,1000000,97531,equal,3,radixkit,0.165875
u64,1000000,97531,equal,4,std_sort,1.32975
u64,1000000,97531,equal,4,ska_sort,17.284541
u64,1000000,97531,equal,4,ska_sort_copy,17.07375
u64,1000000,97531,equal,4,radixkit,0.164041
u64,1000000,97531,equal,4,adaptive,0.112083
u64,1000000,97531,equal,5,ska_sort,17.233375
u64,1000000,97531,equal,5,ska_sort_copy,17.162292
u64,1000000,97531,equal,5,radixkit,0.167917
u64,1000000,97531,equal,5,adaptive,0.124375
u64,1000000,97531,equal,5,std_sort,1.303667
u64,1000000,97531,equal,6,ska_sort_copy,17.055958
u64,1000000,97531,equal,6,radixkit,0.184125
u64,1000000,97531,equal,6,adaptive,0.117833
u64,1000000,97531,equal,6,std_sort,1.292041
u64,1000000,97531,equal,6,ska_sort,17.332333
u64,1000000,97531,equal,7,radixkit,0.238625
u64,1000000,97531,equal,7,adaptive,0.154125
u64,1000000,97531,equal,7,std_sort,1.331167
u64,1000000,97531,equal,7,ska_sort,17.182
u64,1000000,97531,equal,7,ska_sort_copy,17.069792
u64,1000000,97531,equal,8,adaptive,0.11225
u64,1000000,97531,equal,8,std_sort,1.267292
u64,1000000,97531,equal,8,ska_sort,17.112792
u64,1000000,97531,equal,8,ska_sort_copy,17.295208
u64,1000000,97531,equal,8,radixkit,0.167834
u64,1000000,97531,ascending,0,ska_sort,22.609209
u64,1000000,97531,ascending,0,ska_sort_copy,22.288292
u64,1000000,97531,ascending,0,radixkit,0.644625
u64,1000000,97531,ascending,0,adaptive,0.61575
u64,1000000,97531,ascending,0,std_sort,0.955709
u64,1000000,97531,ascending,1,ska_sort_copy,22.502417
u64,1000000,97531,ascending,1,radixkit,0.615333
u64,1000000,97531,ascending,1,adaptive,0.6175
u64,1000000,97531,ascending,1,std_sort,1.010792
u64,1000000,97531,ascending,1,ska_sort,22.322666
u64,1000000,97531,ascending,2,radixkit,0.629167
u64,1000000,97531,ascending,2,adaptive,0.658333
u64,1000000,97531,ascending,2,std_sort,1.044708
u64,1000000,97531,ascending,2,ska_sort,22.365167
u64,1000000,97531,ascending,2,ska_sort_copy,22.545375
u64,1000000,97531,ascending,3,adaptive,0.705875
u64,1000000,97531,ascending,3,std_sort,1.056125
u64,1000000,97531,ascending,3,ska_sort,22.223792
u64,1000000,97531,ascending,3,ska_sort_copy,22.306917
u64,1000000,97531,ascending,3,radixkit,0.620959
u64,1000000,97531,ascending,4,std_sort,1.135583
u64,1000000,97531,ascending,4,ska_sort,22.41425
u64,1000000,97531,ascending,4,ska_sort_copy,22.386541
u64,1000000,97531,ascending,4,radixkit,0.775667
u64,1000000,97531,ascending,4,adaptive,0.62675
u64,1000000,97531,ascending,5,ska_sort,22.698292
u64,1000000,97531,ascending,5,ska_sort_copy,22.379542
u64,1000000,97531,ascending,5,radixkit,0.621292
u64,1000000,97531,ascending,5,adaptive,0.625333
u64,1000000,97531,ascending,5,std_sort,0.957458
u64,1000000,97531,ascending,6,ska_sort_copy,22.643083
u64,1000000,97531,ascending,6,radixkit,0.627375
u64,1000000,97531,ascending,6,adaptive,0.643333
u64,1000000,97531,ascending,6,std_sort,0.985209
u64,1000000,97531,ascending,6,ska_sort,22.197917
u64,1000000,97531,ascending,7,radixkit,0.635917
u64,1000000,97531,ascending,7,adaptive,0.769292
u64,1000000,97531,ascending,7,std_sort,1.152167
u64,1000000,97531,ascending,7,ska_sort,22.348666
u64,1000000,97531,ascending,7,ska_sort_copy,22.600125
u64,1000000,97531,ascending,8,adaptive,0.659458
u64,1000000,97531,ascending,8,std_sort,1.066625
u64,1000000,97531,ascending,8,ska_sort,22.369667
u64,1000000,97531,ascending,8,ska_sort_copy,22.508834
u64,1000000,97531,ascending,8,radixkit,0.674667
u64,1000000,97531,descending,0,ska_sort,23.6055
u64,1000000,97531,descending,0,ska_sort_copy,23.580625
u64,1000000,97531,descending,0,radixkit,0.880125
u64,1000000,97531,descending,0,adaptive,0.871333
u64,1000000,97531,descending,0,std_sort,1.680916
u64,1000000,97531,descending,1,ska_sort_copy,23.451541
u64,1000000,97531,descending,1,radixkit,0.862333
u64,1000000,97531,descending,1,adaptive,0.851333
u64,1000000,97531,descending,1,std_sort,1.704167
u64,1000000,97531,descending,1,ska_sort,23.779875
u64,1000000,97531,descending,2,radixkit,0.940208
u64,1000000,97531,descending,2,adaptive,0.878917
u64,1000000,97531,descending,2,std_sort,1.673458
u64,1000000,97531,descending,2,ska_sort,23.652625
u64,1000000,97531,descending,2,ska_sort_copy,23.441
u64,1000000,97531,descending,3,adaptive,0.853625
u64,1000000,97531,descending,3,std_sort,1.716291
u64,1000000,97531,descending,3,ska_sort,23.796333
u64,1000000,97531,descending,3,ska_sort_copy,23.661916
u64,1000000,97531,descending,3,radixkit,0.887791
u64,1000000,97531,descending,4,std_sort,1.738
u64,1000000,97531,descending,4,ska_sort,23.497042
u64,1000000,97531,descending,4,ska_sort_copy,23.443958
u64,1000000,97531,descending,4,radixkit,0.912625
u64,1000000,97531,descending,4,adaptive,0.857917
u64,1000000,97531,descending,5,ska_sort,23.613125
u64,1000000,97531,descending,5,ska_sort_copy,23.655
u64,1000000,97531,descending,5,radixkit,0.884208
u64,1000000,97531,descending,5,adaptive,0.856708
u64,1000000,97531,descending,5,std_sort,1.655959
u64,1000000,97531,descending,6,ska_sort_copy,23.830667
u64,1000000,97531,descending,6,radixkit,0.89275
u64,1000000,97531,descending,6,adaptive,0.875625
u64,1000000,97531,descending,6,std_sort,1.745042
u64,1000000,97531,descending,6,ska_sort,23.952917
u64,1000000,97531,descending,7,radixkit,0.884458
u64,1000000,97531,descending,7,adaptive,0.906334
u64,1000000,97531,descending,7,std_sort,1.805625
u64,1000000,97531,descending,7,ska_sort,24.484458
u64,1000000,97531,descending,7,ska_sort_copy,23.735542
u64,1000000,97531,descending,8,adaptive,0.877167
u64,1000000,97531,descending,8,std_sort,1.747291
u64,1000000,97531,descending,8,ska_sort,23.697833
u64,1000000,97531,descending,8,ska_sort_copy,23.467042
u64,1000000,97531,descending,8,radixkit,0.873041
u64,1000000,97531,sparse8,0,ska_sort,30.691833
u64,1000000,97531,sparse8,0,ska_sort_copy,30.770708
u64,1000000,97531,sparse8,0,radixkit,12.916542
u64,1000000,97531,sparse8,0,adaptive,1.950417
u64,1000000,97531,sparse8,0,std_sort,8.49175
u64,1000000,97531,sparse8,1,ska_sort_copy,30.66875
u64,1000000,97531,sparse8,1,radixkit,12.885042
u64,1000000,97531,sparse8,1,adaptive,1.951125
u64,1000000,97531,sparse8,1,std_sort,8.510333
u64,1000000,97531,sparse8,1,ska_sort,30.732625
u64,1000000,97531,sparse8,2,radixkit,12.726375
u64,1000000,97531,sparse8,2,adaptive,2.18725
u64,1000000,97531,sparse8,2,std_sort,8.4865
u64,1000000,97531,sparse8,2,ska_sort,30.815583
u64,1000000,97531,sparse8,2,ska_sort_copy,30.766333
u64,1000000,97531,sparse8,3,adaptive,2.003833
u64,1000000,97531,sparse8,3,std_sort,8.761208
u64,1000000,97531,sparse8,3,ska_sort,30.744833
u64,1000000,97531,sparse8,3,ska_sort_copy,30.550083
u64,1000000,97531,sparse8,3,radixkit,12.688833
u64,1000000,97531,sparse8,4,std_sort,8.66125
u64,1000000,97531,sparse8,4,ska_sort,30.61825
u64,1000000,97531,sparse8,4,ska_sort_copy,31.031625
u64,1000000,97531,sparse8,4,radixkit,12.610459
u64,1000000,97531,sparse8,4,adaptive,2.194375
u64,1000000,97531,sparse8,5,ska_sort,30.663792
u64,1000000,97531,sparse8,5,ska_sort_copy,30.665708
u64,1000000,97531,sparse8,5,radixkit,12.643917
u64,1000000,97531,sparse8,5,adaptive,1.948875
u64,1000000,97531,sparse8,5,std_sort,8.694292
u64,1000000,97531,sparse8,6,ska_sort_copy,30.327791
u64,1000000,97531,sparse8,6,radixkit,12.719625
u64,1000000,97531,sparse8,6,adaptive,2.176167
u64,1000000,97531,sparse8,6,std_sort,8.471625
u64,1000000,97531,sparse8,6,ska_sort,30.690917
u64,1000000,97531,sparse8,7,radixkit,12.64875
u64,1000000,97531,sparse8,7,adaptive,2.017375
u64,1000000,97531,sparse8,7,std_sort,8.617875
u64,1000000,97531,sparse8,7,ska_sort,30.747208
u64,1000000,97531,sparse8,7,ska_sort_copy,30.682583
u64,1000000,97531,sparse8,8,adaptive,2.093166
u64,1000000,97531,sparse8,8,std_sort,8.588542
u64,1000000,97531,sparse8,8,ska_sort,30.602042
u64,1000000,97531,sparse8,8,ska_sort_copy,30.486709
u64,1000000,97531,sparse8,8,radixkit,12.740167
u64,1000000,97531,nearly_sorted,0,ska_sort,24.399625
u64,1000000,97531,nearly_sorted,0,ska_sort_copy,24.58375
u64,1000000,97531,nearly_sorted,0,radixkit,9.461333
u64,1000000,97531,nearly_sorted,0,adaptive,9.853375
u64,1000000,97531,nearly_sorted,0,std_sort,3.09975
u64,1000000,97531,nearly_sorted,1,ska_sort_copy,24.703042
u64,1000000,97531,nearly_sorted,1,radixkit,9.337666
u64,1000000,97531,nearly_sorted,1,adaptive,10.01825
u64,1000000,97531,nearly_sorted,1,std_sort,3.144417
u64,1000000,97531,nearly_sorted,1,ska_sort,24.437
u64,1000000,97531,nearly_sorted,2,radixkit,9.517416
u64,1000000,97531,nearly_sorted,2,adaptive,9.817917
u64,1000000,97531,nearly_sorted,2,std_sort,3.102333
u64,1000000,97531,nearly_sorted,2,ska_sort,24.837416
u64,1000000,97531,nearly_sorted,2,ska_sort_copy,24.413916
u64,1000000,97531,nearly_sorted,3,adaptive,9.779
u64,1000000,97531,nearly_sorted,3,std_sort,3.018625
u64,1000000,97531,nearly_sorted,3,ska_sort,24.690083
u64,1000000,97531,nearly_sorted,3,ska_sort_copy,25.13725
u64,1000000,97531,nearly_sorted,3,radixkit,10.132209
u64,1000000,97531,nearly_sorted,4,std_sort,3.26225
u64,1000000,97531,nearly_sorted,4,ska_sort,25.230375
u64,1000000,97531,nearly_sorted,4,ska_sort_copy,24.662042
u64,1000000,97531,nearly_sorted,4,radixkit,9.690125
u64,1000000,97531,nearly_sorted,4,adaptive,9.697375
u64,1000000,97531,nearly_sorted,5,ska_sort,24.680792
u64,1000000,97531,nearly_sorted,5,ska_sort_copy,24.771917
u64,1000000,97531,nearly_sorted,5,radixkit,10.126167
u64,1000000,97531,nearly_sorted,5,adaptive,9.8175
u64,1000000,97531,nearly_sorted,5,std_sort,3.376583
u64,1000000,97531,nearly_sorted,6,ska_sort_copy,24.493166
u64,1000000,97531,nearly_sorted,6,radixkit,9.731334
u64,1000000,97531,nearly_sorted,6,adaptive,9.4435
u64,1000000,97531,nearly_sorted,6,std_sort,3.315125
u64,1000000,97531,nearly_sorted,6,ska_sort,24.556709
u64,1000000,97531,nearly_sorted,7,radixkit,9.900375
u64,1000000,97531,nearly_sorted,7,adaptive,9.7065
u64,1000000,97531,nearly_sorted,7,std_sort,3.278875
u64,1000000,97531,nearly_sorted,7,ska_sort,24.548416
u64,1000000,97531,nearly_sorted,7,ska_sort_copy,25.000708
u64,1000000,97531,nearly_sorted,8,adaptive,9.521792
u64,1000000,97531,nearly_sorted,8,std_sort,3.11075
u64,1000000,97531,nearly_sorted,8,ska_sort,24.587625
u64,1000000,97531,nearly_sorted,8,ska_sort_copy,24.591458
u64,1000000,97531,nearly_sorted,8,radixkit,9.348833
kv32,1000000,97531,uniform,0,ska_sort,13.806666
kv32,1000000,97531,uniform,0,ska_sort_copy,7.820833
kv32,1000000,97531,uniform,0,radixkit,6.549541
kv32,1000000,97531,uniform,0,std_sort,57.269584
kv32,1000000,97531,uniform,1,ska_sort_copy,7.512375
kv32,1000000,97531,uniform,1,radixkit,6.246125
kv32,1000000,97531,uniform,1,std_sort,57.662125
kv32,1000000,97531,uniform,1,ska_sort,13.744666
kv32,1000000,97531,uniform,2,radixkit,6.286625
kv32,1000000,97531,uniform,2,std_sort,57.2725
kv32,1000000,97531,uniform,2,ska_sort,13.733292
kv32,1000000,97531,uniform,2,ska_sort_copy,7.78475
kv32,1000000,97531,uniform,3,std_sort,57.374667
kv32,1000000,97531,uniform,3,ska_sort,13.810125
kv32,1000000,97531,uniform,3,ska_sort_copy,7.949292
kv32,1000000,97531,uniform,3,radixkit,6.816167
kv32,1000000,97531,uniform,4,ska_sort,13.669542
kv32,1000000,97531,uniform,4,ska_sort_copy,7.445709
kv32,1000000,97531,uniform,4,radixkit,6.700875
kv32,1000000,97531,uniform,4,std_sort,57.413375
kv32,1000000,97531,uniform,5,ska_sort_copy,7.3555
kv32,1000000,97531,uniform,5,radixkit,6.912125
kv32,1000000,97531,uniform,5,std_sort,57.272417
kv32,1000000,97531,uniform,5,ska_sort,13.435708
kv32,1000000,97531,uniform,6,radixkit,6.704417
kv32,1000000,97531,uniform,6,std_sort,57.108584
kv32,1000000,97531,uniform,6,ska_sort,13.737958
kv32,1000000,97531,uniform,6,ska_sort_copy,7.393666
kv32,1000000,97531,uniform,7,std_sort,57.167042
kv32,1000000,97531,uniform,7,ska_sort,13.472875
kv32,1000000,97531,uniform,7,ska_sort_copy,7.39075
kv32,1000000,97531,uniform,7,radixkit,6.712917
kv32,1000000,97531,uniform,8,ska_sort,13.424875
kv32,1000000,97531,uniform,8,ska_sort_copy,7.484
kv32,1000000,97531,uniform,8,radixkit,6.774625
kv32,1000000,97531,uniform,8,std_sort,57.147208
kv32,1000000,97531,uniform16,0,ska_sort,9.459917
kv32,1000000,97531,uniform16,0,ska_sort_copy,9.805125
kv32,1000000,97531,uniform16,0,radixkit,4.293291
kv32,1000000,97531,uniform16,0,std_sort,50.534
kv32,1000000,97531,uniform16,1,ska_sort_copy,9.837167
kv32,1000000,97531,uniform16,1,radixkit,4.335666
kv32,1000000,97531,uniform16,1,std_sort,50.215708
kv32,1000000,97531,uniform16,1,ska_sort,9.626833
kv32,1000000,97531,uniform16,2,radixkit,4.398709
kv32,1000000,97531,uniform16,2,std_sort,50.638709
kv32,1000000,97531,uniform16,2,ska_sort,9.820959
kv32,1000000,97531,uniform16,2,ska_sort_copy,9.906875
kv32,1000000,97531,uniform16,3,std_sort,50.365833
kv32,1000000,97531,uniform16,3,ska_sort,9.356792
kv32,1000000,97531,uniform16,3,ska_sort_copy,10.440583
kv32,1000000,97531,uniform16,3,radixkit,4.443542
kv32,1000000,97531,uniform16,4,ska_sort,9.6585
kv32,1000000,97531,uniform16,4,ska_sort_copy,9.901459
kv32,1000000,97531,uniform16,4,radixkit,4.386584
kv32,1000000,97531,uniform16,4,std_sort,50.229292
kv32,1000000,97531,uniform16,5,ska_sort_copy,9.918208
kv32,1000000,97531,uniform16,5,radixkit,4.2645
kv32,1000000,97531,uniform16,5,std_sort,50.256042
kv32,1000000,97531,uniform16,5,ska_sort,10.065625
kv32,1000000,97531,uniform16,6,radixkit,4.091041
kv32,1000000,97531,uniform16,6,std_sort,50.148917
kv32,1000000,97531,uniform16,6,ska_sort,9.963208
kv32,1000000,97531,uniform16,6,ska_sort_copy,9.616584
kv32,1000000,97531,uniform16,7,std_sort,50.331584
kv32,1000000,97531,uniform16,7,ska_sort,9.5845
kv32,1000000,97531,uniform16,7,ska_sort_copy,9.931083
kv32,1000000,97531,uniform16,7,radixkit,4.852459
kv32,1000000,97531,uniform16,8,ska_sort,9.718375
kv32,1000000,97531,uniform16,8,ska_sort_copy,9.651333
kv32,1000000,97531,uniform16,8,radixkit,4.372333
kv32,1000000,97531,uniform16,8,std_sort,50.42275
kv32,1000000,97531,zeros99,0,ska_sort,13.485417
kv32,1000000,97531,zeros99,0,ska_sort_copy,11.126041
kv32,1000000,97531,zeros99,0,radixkit,8.27425
kv32,1000000,97531,zeros99,0,std_sort,67.334417
kv32,1000000,97531,zeros99,1,ska_sort_copy,10.94625
kv32,1000000,97531,zeros99,1,radixkit,9.050583
kv32,1000000,97531,zeros99,1,std_sort,65.493333
kv32,1000000,97531,zeros99,1,ska_sort,13.519583
kv32,1000000,97531,zeros99,2,radixkit,9.079958
kv32,1000000,97531,zeros99,2,std_sort,65.4015
kv32,1000000,97531,zeros99,2,ska_sort,13.257125
kv32,1000000,97531,zeros99,2,ska_sort_copy,10.99025
kv32,1000000,97531,zeros99,3,std_sort,64.934625
kv32,1000000,97531,zeros99,3,ska_sort,13.285541
kv32,1000000,97531,zeros99,3,ska_sort_copy,11.107333
kv32,1000000,97531,zeros99,3,radixkit,8.507709
kv32,1000000,97531,zeros99,4,ska_sort,13.345125
kv32,1000000,97531,zeros99,4,ska_sort_copy,10.861417
kv32,1000000,97531,zeros99,4,radixkit,8.297583
kv32,1000000,97531,zeros99,4,std_sort,67.150875
kv32,1000000,97531,zeros99,5,ska_sort_copy,10.910667
kv32,1000000,97531,zeros99,5,radixkit,8.628459
kv32,1000000,97531,zeros99,5,std_sort,66.209333
kv32,1000000,97531,zeros99,5,ska_sort,13.278042
kv32,1000000,97531,zeros99,6,radixkit,8.904084
kv32,1000000,97531,zeros99,6,std_sort,65.083958
kv32,1000000,97531,zeros99,6,ska_sort,13.401
kv32,1000000,97531,zeros99,6,ska_sort_copy,11.059833
kv32,1000000,97531,zeros99,7,std_sort,65.295417
kv32,1000000,97531,zeros99,7,ska_sort,13.405666
kv32,1000000,97531,zeros99,7,ska_sort_copy,11.187917
kv32,1000000,97531,zeros99,7,radixkit,8.322708
kv32,1000000,97531,zeros99,8,ska_sort,13.346541
kv32,1000000,97531,zeros99,8,ska_sort_copy,11.20275
kv32,1000000,97531,zeros99,8,radixkit,8.616583
kv32,1000000,97531,zeros99,8,std_sort,67.344959
kv32,1000000,97531,equal,0,ska_sort,8.838833
kv32,1000000,97531,equal,0,ska_sort_copy,10.934958
kv32,1000000,97531,equal,0,radixkit,1.240875
kv32,1000000,97531,equal,0,std_sort,0.7675
kv32,1000000,97531,equal,1,ska_sort_copy,11.091209
kv32,1000000,97531,equal,1,radixkit,1.234083
kv32,1000000,97531,equal,1,std_sort,0.992792
kv32,1000000,97531,equal,1,ska_sort,8.68625
kv32,1000000,97531,equal,2,radixkit,1.25375
kv32,1000000,97531,equal,2,std_sort,0.775292
kv32,1000000,97531,equal,2,ska_sort,8.78125
kv32,1000000,97531,equal,2,ska_sort_copy,10.936875
kv32,1000000,97531,equal,3,std_sort,0.737417
kv32,1000000,97531,equal,3,ska_sort,8.665292
kv32,1000000,97531,equal,3,ska_sort_copy,10.874
kv32,1000000,97531,equal,3,radixkit,1.451
kv32,1000000,97531,equal,4,ska_sort,8.624917
kv32,1000000,97531,equal,4,ska_sort_copy,11.276959
kv32,1000000,97531,equal,4,radixkit,1.448417
kv32,1000000,97531,equal,4,std_sort,0.741583
kv32,1000000,97531,equal,5,ska_sort_copy,11.170625
kv32,1000000,97531,equal,5,radixkit,1.262959
kv32,1000000,97531,equal,5,std_sort,0.862083
kv32,1000000,97531,equal,5,ska_sort,8.911334
kv32,1000000,97531,equal,6,radixkit,1.244792
kv32,1000000,97531,equal,6,std_sort,0.825459
kv32,1000000,97531,equal,6,ska_sort,8.639667
kv32,1000000,97531,equal,6,ska_sort_copy,11.058792
kv32,1000000,97531,equal,7,std_sort,0.749625
kv32,1000000,97531,equal,7,ska_sort,8.960709
kv32,1000000,97531,equal,7,ska_sort_copy,11.3395
kv32,1000000,97531,equal,7,radixkit,1.214084
kv32,1000000,97531,equal,8,ska_sort,8.760208
kv32,1000000,97531,equal,8,ska_sort_copy,10.926709
kv32,1000000,97531,equal,8,radixkit,1.281625
kv32,1000000,97531,equal,8,std_sort,0.753125
kv32,1000000,97531,ascending,0,ska_sort,14.165167
kv32,1000000,97531,ascending,0,ska_sort_copy,14.890959
kv32,1000000,97531,ascending,0,radixkit,9.228708
kv32,1000000,97531,ascending,0,std_sort,1.109208
kv32,1000000,97531,ascending,1,ska_sort_copy,15.021458
kv32,1000000,97531,ascending,1,radixkit,9.413708
kv32,1000000,97531,ascending,1,std_sort,0.847209
kv32,1000000,97531,ascending,1,ska_sort,14.254708
kv32,1000000,97531,ascending,2,radixkit,9.142167
kv32,1000000,97531,ascending,2,std_sort,0.808542
kv32,1000000,97531,ascending,2,ska_sort,14.21825
kv32,1000000,97531,ascending,2,ska_sort_copy,14.7165
kv32,1000000,97531,ascending,3,std_sort,0.835708
kv32,1000000,97531,ascending,3,ska_sort,14.189
kv32,1000000,97531,ascending,3,ska_sort_copy,14.549459
kv32,1000000,97531,ascending,3,radixkit,9.350625
kv32,1000000,97531,ascending,4,ska_sort,14.214834
kv32,1000000,97531,ascending,4,ska_sort_copy,14.883333
kv32,1000000,97531,ascending,4,radixkit,8.873667
kv32,1000000,97531,ascending,4,std_sort,0.765625
kv32,1000000,97531,ascending,5,ska_sort_copy,14.982541
kv32,1000000,97531,ascending,5,radixkit,9.294583
kv32,1000000,97531,ascending,5,std_sort,0.763041
kv32,1000000,97531,ascending,5,ska_sort,14.131667
kv32,1000000,97531,ascending,6,radixkit,9.254375
kv32,1000000,97531,ascending,6,std_sort,0.767
kv32,1000000,97531,ascending,6,ska_sort,14.197041
kv32,1000000,97531,ascending,6,ska_sort_copy,14.660667
kv32,1000000,97531,ascending,7,std_sort,0.820125
kv32,1000000,97531,ascending,7,ska_sort,14.251292
kv32,1000000,97531,ascending,7,ska_sort_copy,14.718333
kv32,1000000,97531,ascending,7,radixkit,8.98375
kv32,1000000,97531,ascending,8,ska_sort,14.190375
kv32,1000000,97531,ascending,8,ska_sort_copy,14.989375
kv32,1000000,97531,ascending,8,radixkit,9.111375
kv32,1000000,97531,ascending,8,std_sort,0.770583
kv32,1000000,97531,descending,0,ska_sort,15.577458
kv32,1000000,97531,descending,0,ska_sort_copy,14.343917
kv32,1000000,97531,descending,0,radixkit,9.176916
kv32,1000000,97531,descending,0,std_sort,1.2165
kv32,1000000,97531,descending,1,ska_sort_copy,14.882458
kv32,1000000,97531,descending,1,radixkit,8.847834
kv32,1000000,97531,descending,1,std_sort,1.613417
kv32,1000000,97531,descending,1,ska_sort,15.571625
kv32,1000000,97531,descending,2,radixkit,8.897125
kv32,1000000,97531,descending,2,std_sort,1.804292
kv32,1000000,97531,descending,2,ska_sort,15.663667
kv32,1000000,97531,descending,2,ska_sort_copy,14.552917
kv32,1000000,97531,descending,3,std_sort,1.546583
kv32,1000000,97531,descending,3,ska_sort,15.790084
kv32,1000000,97531,descending,3,ska_sort_copy,14.768375
kv32,1000000,97531,descending,3,radixkit,8.964417
kv32,1000000,97531,descending,4,ska_sort,15.865167
kv32,1000000,97531,descending,4,ska_sort_copy,15.07625
kv32,1000000,97531,descending,4,radixkit,8.906917
kv32,1000000,97531,descending,4,std_sort,1.396
kv32,1000000,97531,descending,5,ska_sort_copy,14.512792
kv32,1000000,97531,descending,5,radixkit,8.850417
kv32,1000000,97531,descending,5,std_sort,1.357459
kv32,1000000,97531,descending,5,ska_sort,15.752292
kv32,1000000,97531,descending,6,radixkit,8.933833
kv32,1000000,97531,descending,6,std_sort,1.2165
kv32,1000000,97531,descending,6,ska_sort,15.71075
kv32,1000000,97531,descending,6,ska_sort_copy,14.963208
kv32,1000000,97531,descending,7,std_sort,1.216833
kv32,1000000,97531,descending,7,ska_sort,15.685209
kv32,1000000,97531,descending,7,ska_sort_copy,14.55575
kv32,1000000,97531,descending,7,radixkit,8.875125
kv32,1000000,97531,descending,8,ska_sort,15.663792
kv32,1000000,97531,descending,8,ska_sort_copy,14.072167
kv32,1000000,97531,descending,8,radixkit,8.791833
kv32,1000000,97531,descending,8,std_sort,1.64725
kv32,1000000,97531,sparse8,0,ska_sort,10.727459
kv32,1000000,97531,sparse8,0,ska_sort_copy,7.462709
kv32,1000000,97531,sparse8,0,radixkit,4.936709
kv32,1000000,97531,sparse8,0,std_sort,24.305625
kv32,1000000,97531,sparse8,1,ska_sort_copy,7.414709
kv32,1000000,97531,sparse8,1,radixkit,5.311125
kv32,1000000,97531,sparse8,1,std_sort,24.344833
kv32,1000000,97531,sparse8,1,ska_sort,10.493834
kv32,1000000,97531,sparse8,2,radixkit,4.974875
kv32,1000000,97531,sparse8,2,std_sort,24.169875
kv32,1000000,97531,sparse8,2,ska_sort,10.880709
kv32,1000000,97531,sparse8,2,ska_sort_copy,7.251708
kv32,1000000,97531,sparse8,3,std_sort,24.410834
kv32,1000000,97531,sparse8,3,ska_sort,10.749166
kv32,1000000,97531,sparse8,3,ska_sort_copy,7.676541
kv32,1000000,97531,sparse8,3,radixkit,5.376666
kv32,1000000,97531,sparse8,4,ska_sort,10.819125
kv32,1000000,97531,sparse8,4,ska_sort_copy,7.61775
kv32,1000000,97531,sparse8,4,radixkit,4.966333
kv32,1000000,97531,sparse8,4,std_sort,24.471333
kv32,1000000,97531,sparse8,5,ska_sort_copy,7.315125
kv32,1000000,97531,sparse8,5,radixkit,4.946167
kv32,1000000,97531,sparse8,5,std_sort,24.196666
kv32,1000000,97531,sparse8,5,ska_sort,10.84425
kv32,1000000,97531,sparse8,6,radixkit,4.867125
kv32,1000000,97531,sparse8,6,std_sort,24.54925
kv32,1000000,97531,sparse8,6,ska_sort,10.579334
kv32,1000000,97531,sparse8,6,ska_sort_copy,7.533583
kv32,1000000,97531,sparse8,7,std_sort,24.2915
kv32,1000000,97531,sparse8,7,ska_sort,10.881083
kv32,1000000,97531,sparse8,7,ska_sort_copy,7.375625
kv32,1000000,97531,sparse8,7,radixkit,5.062417
kv32,1000000,97531,sparse8,8,ska_sort,10.762084
kv32,1000000,97531,sparse8,8,ska_sort_copy,7.951375
kv32,1000000,97531,sparse8,8,radixkit,4.491416
kv32,1000000,97531,sparse8,8,std_sort,24.292792
kv32,1000000,97531,nearly_sorted,0,ska_sort,16.640125
kv32,1000000,97531,nearly_sorted,0,ska_sort_copy,14.905167
kv32,1000000,97531,nearly_sorted,0,radixkit,8.911083
kv32,1000000,97531,nearly_sorted,0,std_sort,2.660459
kv32,1000000,97531,nearly_sorted,1,ska_sort_copy,15.216
kv32,1000000,97531,nearly_sorted,1,radixkit,9.064125
kv32,1000000,97531,nearly_sorted,1,std_sort,2.901792
kv32,1000000,97531,nearly_sorted,1,ska_sort,16.478459
kv32,1000000,97531,nearly_sorted,2,radixkit,8.931125
kv32,1000000,97531,nearly_sorted,2,std_sort,3.508792
kv32,1000000,97531,nearly_sorted,2,ska_sort,16.744125
kv32,1000000,97531,nearly_sorted,2,ska_sort_copy,14.661917
kv32,1000000,97531,nearly_sorted,3,std_sort,2.770542
kv32,1000000,97531,nearly_sorted,3,ska_sort,16.59975
kv32,1000000,97531,nearly_sorted,3,ska_sort_copy,14.834583
kv32,1000000,97531,nearly_sorted,3,radixkit,8.711916
kv32,1000000,97531,nearly_sorted,4,ska_sort,16.66325
kv32,1000000,97531,nearly_sorted,4,ska_sort_copy,14.373833
kv32,1000000,97531,nearly_sorted,4,radixkit,8.894708
kv32,1000000,97531,nearly_sorted,4,std_sort,3.139667
kv32,1000000,97531,nearly_sorted,5,ska_sort_copy,14.807084
kv32,1000000,97531,nearly_sorted,5,radixkit,9.252917
kv32,1000000,97531,nearly_sorted,5,std_sort,2.602667
kv32,1000000,97531,nearly_sorted,5,ska_sort,16.676833
kv32,1000000,97531,nearly_sorted,6,radixkit,9.124958
kv32,1000000,97531,nearly_sorted,6,std_sort,2.741792
kv32,1000000,97531,nearly_sorted,6,ska_sort,16.692916
kv32,1000000,97531,nearly_sorted,6,ska_sort_copy,14.692833
kv32,1000000,97531,nearly_sorted,7,std_sort,2.639834
kv32,1000000,97531,nearly_sorted,7,ska_sort,16.689375
kv32,1000000,97531,nearly_sorted,7,ska_sort_copy,14.48675
kv32,1000000,97531,nearly_sorted,7,radixkit,9.409208
kv32,1000000,97531,nearly_sorted,8,ska_sort,16.602625
kv32,1000000,97531,nearly_sorted,8,ska_sort_copy,15.254083
kv32,1000000,97531,nearly_sorted,8,radixkit,9.073
kv32,1000000,97531,nearly_sorted,8,std_sort,2.626375
kv64,1000000,97531,uniform,0,ska_sort,13.414834
kv64,1000000,97531,uniform,0,ska_sort_copy,13.888042
kv64,1000000,97531,uniform,0,radixkit,11.886208
kv64,1000000,97531,uniform,0,std_sort,56.436166
kv64,1000000,97531,uniform,1,ska_sort_copy,13.561917
kv64,1000000,97531,uniform,1,radixkit,11.748458
kv64,1000000,97531,uniform,1,std_sort,56.3095
kv64,1000000,97531,uniform,1,ska_sort,14.036208
kv64,1000000,97531,uniform,2,radixkit,12.427291
kv64,1000000,97531,uniform,2,std_sort,56.200042
kv64,1000000,97531,uniform,2,ska_sort,13.425125
kv64,1000000,97531,uniform,2,ska_sort_copy,13.73375
kv64,1000000,97531,uniform,3,std_sort,56.128916
kv64,1000000,97531,uniform,3,ska_sort,13.879917
kv64,1000000,97531,uniform,3,ska_sort_copy,13.418375
kv64,1000000,97531,uniform,3,radixkit,11.942709
kv64,1000000,97531,uniform,4,ska_sort,14.242209
kv64,1000000,97531,uniform,4,ska_sort_copy,13.471833
kv64,1000000,97531,uniform,4,radixkit,12.50125
kv64,1000000,97531,uniform,4,std_sort,56.443334
kv64,1000000,97531,uniform,5,ska_sort_copy,13.608209
kv64,1000000,97531,uniform,5,radixkit,12.14025
kv64,1000000,97531,uniform,5,std_sort,56.507
kv64,1000000,97531,uniform,5,ska_sort,13.675834
kv64,1000000,97531,uniform,6,radixkit,12.297916
kv64,1000000,97531,uniform,6,std_sort,56.225792
kv64,1000000,97531,uniform,6,ska_sort,13.859166
kv64,1000000,97531,uniform,6,ska_sort_copy,13.438125
kv64,1000000,97531,uniform,7,std_sort,56.484625
kv64,1000000,97531,uniform,7,ska_sort,13.621125
kv64,1000000,97531,uniform,7,ska_sort_copy,14.392875
kv64,1000000,97531,uniform,7,radixkit,12.111667
kv64,1000000,97531,uniform,8,ska_sort,13.814875
kv64,1000000,97531,uniform,8,ska_sort_copy,13.759709
kv64,1000000,97531,uniform,8,radixkit,12.471833
kv64,1000000,97531,uniform,8,std_sort,56.548209
kv64,1000000,97531,uniform16,0,ska_sort,18.445958
kv64,1000000,97531,uniform16,0,ska_sort_copy,18.622125
kv64,1000000,97531,uniform16,0,radixkit,5.492
kv64,1000000,97531,uniform16,0,std_sort,50.4575
kv64,1000000,97531,uniform16,1,ska_sort_copy,18.350292
kv64,1000000,97531,uniform16,1,radixkit,5.543083
kv64,1000000,97531,uniform16,1,std_sort,50.487292
kv64,1000000,97531,uniform16,1,ska_sort,18.285125
kv64,1000000,97531,uniform16,2,radixkit,5.376334
kv64,1000000,97531,uniform16,2,std_sort,50.366583
kv64,1000000,97531,uniform16,2,ska_sort,18.638667
kv64,1000000,97531,uniform16,2,ska_sort_copy,18.378041
kv64,1000000,97531,uniform16,3,std_sort,50.332834
kv64,1000000,97531,uniform16,3,ska_sort,18.444875
kv64,1000000,97531,uniform16,3,ska_sort_copy,18.700167
kv64,1000000,97531,uniform16,3,radixkit,5.570458
kv64,1000000,97531,uniform16,4,ska_sort,18.456166
kv64,1000000,97531,uniform16,4,ska_sort_copy,18.480958
kv64,1000000,97531,uniform16,4,radixkit,5.4135
kv64,1000000,97531,uniform16,4,std_sort,50.737833
kv64,1000000,97531,uniform16,5,ska_sort_copy,18.623875
kv64,1000000,97531,uniform16,5,radixkit,5.370625
kv64,1000000,97531,uniform16,5,std_sort,50.545542
kv64,1000000,97531,uniform16,5,ska_sort,18.13575
kv64,1000000,97531,uniform16,6,radixkit,6.336917
kv64,1000000,97531,uniform16,6,std_sort,50.769459
kv64,1000000,97531,uniform16,6,ska_sort,18.699833
kv64,1000000,97531,uniform16,6,ska_sort_copy,18.149292
kv64,1000000,97531,uniform16,7,std_sort,50.880583
kv64,1000000,97531,uniform16,7,ska_sort,18.56225
kv64,1000000,97531,uniform16,7,ska_sort_copy,18.645833
kv64,1000000,97531,uniform16,7,radixkit,5.526083
kv64,1000000,97531,uniform16,8,ska_sort,18.496
kv64,1000000,97531,uniform16,8,ska_sort_copy,18.538166
kv64,1000000,97531,uniform16,8,radixkit,5.626208
kv64,1000000,97531,uniform16,8,std_sort,50.586625
kv64,1000000,97531,zeros99,0,ska_sort,21.882167
kv64,1000000,97531,zeros99,0,ska_sort_copy,21.975416
kv64,1000000,97531,zeros99,0,radixkit,0.479083
kv64,1000000,97531,zeros99,0,std_sort,64.817666
kv64,1000000,97531,zeros99,1,ska_sort_copy,22.163209
kv64,1000000,97531,zeros99,1,radixkit,0.43675
kv64,1000000,97531,zeros99,1,std_sort,66.145625
kv64,1000000,97531,zeros99,1,ska_sort,22.186542
kv64,1000000,97531,zeros99,2,radixkit,0.422959
kv64,1000000,97531,zeros99,2,std_sort,66.323167
kv64,1000000,97531,zeros99,2,ska_sort,21.894959
kv64,1000000,97531,zeros99,2,ska_sort_copy,21.767708
kv64,1000000,97531,zeros99,3,std_sort,64.881375
kv64,1000000,97531,zeros99,3,ska_sort,21.981083
kv64,1000000,97531,zeros99,3,ska_sort_copy,21.987542
kv64,1000000,97531,zeros99,3,radixkit,0.598792
kv64,1000000,97531,zeros99,4,ska_sort,21.841333
kv64,1000000,97531,zeros99,4,ska_sort_copy,21.702666
kv64,1000000,97531,zeros99,4,radixkit,0.443584
kv64,1000000,97531,zeros99,4,std_sort,65.144791
kv64,1000000,97531,zeros99,5,ska_sort_copy,22.053916
kv64,1000000,97531,zeros99,5,radixkit,0.489584
kv64,1000000,97531,zeros99,5,std_sort,65.345708
kv64,1000000,97531,zeros99,5,ska_sort,21.981792
kv64,1000000,97531,zeros99,6,radixkit,0.561625
kv64,1000000,97531,zeros99,6,std_sort,64.378375
kv64,1000000,97531,zeros99,6,ska_sort,21.842833
kv64,1000000,97531,zeros99,6,ska_sort_copy,22.018458
kv64,1000000,97531,zeros99,7,std_sort,65.114125
kv64,1000000,97531,zeros99,7,ska_sort,21.883042
kv64,1000000,97531,zeros99,7,ska_sort_copy,21.867
kv64,1000000,97531,zeros99,7,radixkit,0.468416
kv64,1000000,97531,zeros99,8,ska_sort,21.899958
kv64,1000000,97531,zeros99,8,ska_sort_copy,21.555166
kv64,1000000,97531,zeros99,8,radixkit,0.494041
kv64,1000000,97531,zeros99,8,std_sort,66.845291
kv64,1000000,97531,equal,0,ska_sort,18.273666
kv64,1000000,97531,equal,0,ska_sort_copy,17.388125
kv64,1000000,97531,equal,0,radixkit,0.567834
kv64,1000000,97531,equal,0,std_sort,1.045667
kv64,1000000,97531,equal,1,ska_sort_copy,17.331167
kv64,1000000,97531,equal,1,radixkit,0.514917
kv64,1000000,97531,equal,1,std_sort,1.009958
kv64,1000000,97531,equal,1,ska_sort,17.520542
kv64,1000000,97531,equal,2,radixkit,0.512917
kv64,1000000,97531,equal,2,std_sort,1.148458
kv64,1000000,97531,equal,2,ska_sort,17.382167
kv64,1000000,97531,equal,2,ska_sort_copy,17.242541
kv64,1000000,97531,equal,3,std_sort,1.150083
kv64,1000000,97531,equal,3,ska_sort,17.266791
kv64,1000000,97531,equal,3,ska_sort_copy,17.149958
kv64,1000000,97531,equal,3,radixkit,0.268292
kv64,1000000,97531,equal,4,ska_sort,17.48075
kv64,1000000,97531,equal,4,ska_sort_copy,17.081125
kv64,1000000,97531,equal,4,radixkit,0.408083
kv64,1000000,97531,equal,4,std_sort,1.023833
kv64,1000000,97531,equal,5,ska_sort_copy,17.18875
kv64,1000000,97531,equal,5,radixkit,0.300333
kv64,1000000,97531,equal,5,std_sort,1.14875
kv64,1000000,97531,equal,5,ska_sort,17.413333
kv64,1000000,97531,equal,6,radixkit,0.336167
kv64,1000000,97531,equal,6,std_sort,1.067292
kv64,1000000,97531,equal,6,ska_sort,17.320541
kv64,1000000,97531,equal,6,ska_sort_copy,17.304041
kv64,1000000,97531,equal,7,std_sort,1.090625
kv64,1000000,97531,equal,7,ska_sort,17.185958
kv64,1000000,97531,equal,7,ska_sort_copy,17.415458
kv64,1000000,97531,equal,7,radixkit,0.343916
kv64,1000000,97531,equal,8,ska_sort,17.54475
kv64,1000000,97531,equal,8,ska_sort_copy,17.187375
kv64,1000000,97531,equal,8,radixkit,0.372708
kv64,1000000,97531,equal,8,std_sort,1.030875
kv64,1000000,97531,ascending,0,ska_sort,22.543291
kv64,1000000,97531,ascending,0,ska_sort_copy,22.75375
kv64,1000000,97531,ascending,0,radixkit,0.819875
kv64,1000000,97531,ascending,0,std_sort,1.044667
kv64,1000000,97531,ascending,1,ska_sort_copy,22.750375
kv64,1000000,97531,ascending,1,radixkit,0.674792
kv64,1000000,97531,ascending,1,std_sort,1.174125
kv64,1000000,97531,ascending,1,ska_sort,22.969583
kv64,1000000,97531,ascending,2,radixkit,0.638875
kv64,1000000,97531,ascending,2,std_sort,1.490583
kv64,1000000,97531,ascending,2,ska_sort,22.731417
kv64,1000000,97531,ascending,2,ska_sort_copy,22.669334
kv64,1000000,97531,ascending,3,std_sort,1.111833
kv64,1000000,97531,ascending,3,ska_sort,22.825833
kv64,1000000,97531,ascending,3,ska_sort_copy,22.562834
kv64,1000000,97531,ascending,3,radixkit,0.6195
kv64,1000000,97531,ascending,4,ska_sort,22.819083
kv64,1000000,97531,ascending,4,ska_sort_copy,22.598084
kv64,1000000,97531,ascending,4,radixkit,0.63475
kv64,1000000,97531,ascending,4,std_sort,1.031208
kv64,1000000,97531,ascending,5,ska_sort_copy,22.561375
kv64,1000000,97531,ascending,5,radixkit,0.677541
kv64,1000000,97531,ascending,5,std_sort,1.081
kv64,1000000,97531,ascending,5,ska_sort,22.772541
kv64,1000000,97531,ascending,6,radixkit,0.628083
kv64,1000000,97531,ascending,6,std_sort,1.092
kv64,1000000,97531,ascending,6,ska_sort,22.884875
kv64,1000000,97531,ascending,6,ska_sort_copy,22.853292
kv64,1000000,97531,ascending,7,std_sort,1.258292
kv64,1000000,97531,ascending,7,ska_sort,22.691959
kv64,1000000,97531,ascending,7,ska_sort_copy,22.529458
kv64,1000000,97531,ascending,7,radixkit,0.63275
kv64,1000000,97531,ascending,8,ska_sort,22.879834
kv64,1000000,97531,ascending,8,ska_sort_copy,22.788584
kv64,1000000,97531,ascending,8,radixkit,0.627667
kv64,1000000,97531,ascending,8,std_sort,1.331667
kv64,1000000,97531,descending,0,ska_sort,24.0205
kv64,1000000,97531,descending,0,ska_sort_copy,24.149167
kv64,1000000,97531,descending,0,radixkit,1.094333
kv64,1000000,97531,descending,0,std_sort,1.486
kv64,1000000,97531,descending,1,ska_sort_copy,24.31
kv64,1000000,97531,descending,1,radixkit,1.013083
kv64,1000000,97531,descending,1,std_sort,1.564459
kv64,1000000,97531,descending,1,ska_sort,24.470667
kv64,1000000,97531,descending,2,radixkit,0.952208
kv64,1000000,97531,descending,2,std_sort,1.584459
kv64,1000000,97531,descending,2,ska_sort,24.412583
kv64,1000000,97531,descending,2,ska_sort_copy,24.057875
kv64,1000000,97531,descending,3,std_sort,1.473583
kv64,1000000,97531,descending,3,ska_sort,24.251916
kv64,1000000,97531,descending,3,ska_sort_copy,24.3585
kv64,1000000,97531,descending,3,radixkit,0.962625
kv64,1000000,97531,descending,4,ska_sort,24.2945
kv64,1000000,97531,descending,4,ska_sort_copy,24.355667
kv64,1000000,97531,descending,4,radixkit,1.007375
kv64,1000000,97531,descending,4,std_sort,1.554083
kv64,1000000,97531,descending,5,ska_sort_copy,24.490833
kv64,1000000,97531,descending,5,radixkit,1.0085
kv64,1000000,97531,descending,5,std_sort,1.763333
kv64,1000000,97531,descending,5,ska_sort,24.423041
kv64,1000000,97531,descending,6,radixkit,1.013709
kv64,1000000,97531,descending,6,std_sort,1.511292
kv64,1000000,97531,descending,6,ska_sort,24.248333
kv64,1000000,97531,descending,6,ska_sort_copy,24.355917
kv64,1000000,97531,descending,7,std_sort,1.507792
kv64,1000000,97531,descending,7,ska_sort,24.434458
kv64,1000000,97531,descending,7,ska_sort_copy,24.492167
kv64,1000000,97531,descending,7,radixkit,0.976417
kv64,1000000,97531,descending,8,ska_sort,24.113833
kv64,1000000,97531,descending,8,ska_sort_copy,24.154166
kv64,1000000,97531,descending,8,radixkit,1.201916
kv64,1000000,97531,descending,8,std_sort,1.532667
kv64,1000000,97531,sparse8,0,ska_sort,31.973083
kv64,1000000,97531,sparse8,0,ska_sort_copy,31.923958
kv64,1000000,97531,sparse8,0,radixkit,13.740958
kv64,1000000,97531,sparse8,0,std_sort,24.24125
kv64,1000000,97531,sparse8,1,ska_sort_copy,31.822917
kv64,1000000,97531,sparse8,1,radixkit,13.887833
kv64,1000000,97531,sparse8,1,std_sort,24.232541
kv64,1000000,97531,sparse8,1,ska_sort,31.880084
kv64,1000000,97531,sparse8,2,radixkit,13.475292
kv64,1000000,97531,sparse8,2,std_sort,24.462084
kv64,1000000,97531,sparse8,2,ska_sort,32.079916
kv64,1000000,97531,sparse8,2,ska_sort_copy,31.951292
kv64,1000000,97531,sparse8,3,std_sort,24.502875
kv64,1000000,97531,sparse8,3,ska_sort,32.059334
kv64,1000000,97531,sparse8,3,ska_sort_copy,31.791708
kv64,1000000,97531,sparse8,3,radixkit,13.547292
kv64,1000000,97531,sparse8,4,ska_sort,32.0345
kv64,1000000,97531,sparse8,4,ska_sort_copy,33.159
kv64,1000000,97531,sparse8,4,radixkit,13.811708
kv64,1000000,97531,sparse8,4,std_sort,24.766875
kv64,1000000,97531,sparse8,5,ska_sort_copy,31.746417
kv64,1000000,97531,sparse8,5,radixkit,13.695833
kv64,1000000,97531,sparse8,5,std_sort,24.446667
kv64,1000000,97531,sparse8,5,ska_sort,32.124166
kv64,1000000,97531,sparse8,6,radixkit,13.679042
kv64,1000000,97531,sparse8,6,std_sort,24.510334
kv64,1000000,97531,sparse8,6,ska_sort,32.336458
kv64,1000000,97531,sparse8,6,ska_sort_copy,31.998833
kv64,1000000,97531,sparse8,7,std_sort,24.412583
kv64,1000000,97531,sparse8,7,ska_sort,31.971292
kv64,1000000,97531,sparse8,7,ska_sort_copy,31.795458
kv64,1000000,97531,sparse8,7,radixkit,13.917083
kv64,1000000,97531,sparse8,8,ska_sort,31.832791
kv64,1000000,97531,sparse8,8,ska_sort_copy,31.905333
kv64,1000000,97531,sparse8,8,radixkit,13.856917
kv64,1000000,97531,sparse8,8,std_sort,24.356625
kv64,1000000,97531,nearly_sorted,0,ska_sort,25.362458
kv64,1000000,97531,nearly_sorted,0,ska_sort_copy,25.343041
kv64,1000000,97531,nearly_sorted,0,radixkit,10.425917
kv64,1000000,97531,nearly_sorted,0,std_sort,2.964167
kv64,1000000,97531,nearly_sorted,1,ska_sort_copy,25.396875
kv64,1000000,97531,nearly_sorted,1,radixkit,10.37825
kv64,1000000,97531,nearly_sorted,1,std_sort,2.923292
kv64,1000000,97531,nearly_sorted,1,ska_sort,25.3675
kv64,1000000,97531,nearly_sorted,2,radixkit,10.128
kv64,1000000,97531,nearly_sorted,2,std_sort,3.282375
kv64,1000000,97531,nearly_sorted,2,ska_sort,25.051792
kv64,1000000,97531,nearly_sorted,2,ska_sort_copy,25.153625
kv64,1000000,97531,nearly_sorted,3,std_sort,3.296375
kv64,1000000,97531,nearly_sorted,3,ska_sort,25.304
kv64,1000000,97531,nearly_sorted,3,ska_sort_copy,25.171666
kv64,1000000,97531,nearly_sorted,3,radixkit,10.403166
kv64,1000000,97531,nearly_sorted,4,ska_sort,25.303625
kv64,1000000,97531,nearly_sorted,4,ska_sort_copy,25.132917
kv64,1000000,97531,nearly_sorted,4,radixkit,10.054708
kv64,1000000,97531,nearly_sorted,4,std_sort,3.462875
kv64,1000000,97531,nearly_sorted,5,ska_sort_copy,25.255791
kv64,1000000,97531,nearly_sorted,5,radixkit,10.168625
kv64,1000000,97531,nearly_sorted,5,std_sort,3.784959
kv64,1000000,97531,nearly_sorted,5,ska_sort,25.2105
kv64,1000000,97531,nearly_sorted,6,radixkit,10.18225
kv64,1000000,97531,nearly_sorted,6,std_sort,3.501042
kv64,1000000,97531,nearly_sorted,6,ska_sort,25.402625
kv64,1000000,97531,nearly_sorted,6,ska_sort_copy,25.293916
kv64,1000000,97531,nearly_sorted,7,std_sort,3.035125
kv64,1000000,97531,nearly_sorted,7,ska_sort,25.204125
kv64,1000000,97531,nearly_sorted,7,ska_sort_copy,25.293292
kv64,1000000,97531,nearly_sorted,7,radixkit,10.142416
kv64,1000000,97531,nearly_sorted,8,ska_sort,25.408292
kv64,1000000,97531,nearly_sorted,8,ska_sort_copy,25.234334
kv64,1000000,97531,nearly_sorted,8,radixkit,10.350458
kv64,1000000,97531,nearly_sorted,8,std_sort,2.943
