type,n,seed,distribution,repeat,method,ms
u32,10000,13579,uniform,0,ska_sort,0.14175
u32,10000,13579,uniform,0,ska_sort_copy,0.035416
u32,10000,13579,uniform,0,radixkit,0.025541
u32,10000,13579,uniform,0,adaptive,0.025916
u32,10000,13579,uniform,0,std_sort,0.163958
u32,10000,13579,uniform,1,ska_sort_copy,0.034458
u32,10000,13579,uniform,1,radixkit,0.0255
u32,10000,13579,uniform,1,adaptive,0.025667
u32,10000,13579,uniform,1,std_sort,0.1615
u32,10000,13579,uniform,1,ska_sort,0.131209
u32,10000,13579,uniform,2,radixkit,0.025625
u32,10000,13579,uniform,2,adaptive,0.025583
u32,10000,13579,uniform,2,std_sort,0.159042
u32,10000,13579,uniform,2,ska_sort,0.129333
u32,10000,13579,uniform,2,ska_sort_copy,0.034708
u32,10000,13579,uniform,3,adaptive,0.02575
u32,10000,13579,uniform,3,std_sort,0.303125
u32,10000,13579,uniform,3,ska_sort,0.274959
u32,10000,13579,uniform,3,ska_sort_copy,0.074125
u32,10000,13579,uniform,3,radixkit,0.054459
u32,10000,13579,uniform,4,std_sort,0.33775
u32,10000,13579,uniform,4,ska_sort,0.275
u32,10000,13579,uniform,4,ska_sort_copy,0.073875
u32,10000,13579,uniform,4,radixkit,0.057166
u32,10000,13579,uniform,4,adaptive,0.057458
u32,10000,13579,uniform,5,ska_sort,0.277416
u32,10000,13579,uniform,5,ska_sort_copy,0.076084
u32,10000,13579,uniform,5,radixkit,0.054834
u32,10000,13579,uniform,5,adaptive,0.055083
u32,10000,13579,uniform,5,std_sort,0.338083
u32,10000,13579,uniform,6,ska_sort_copy,0.074333
u32,10000,13579,uniform,6,radixkit,0.0545
u32,10000,13579,uniform,6,adaptive,0.054792
u32,10000,13579,uniform,6,std_sort,0.337458
u32,10000,13579,uniform,6,ska_sort,0.269667
u32,10000,13579,uniform,7,radixkit,0.054792
u32,10000,13579,uniform,7,adaptive,0.054875
u32,10000,13579,uniform,7,std_sort,0.336
u32,10000,13579,uniform,7,ska_sort,0.26925
u32,10000,13579,uniform,7,ska_sort_copy,0.0725
u32,10000,13579,uniform,8,adaptive,0.054917
u32,10000,13579,uniform,8,std_sort,0.371333
u32,10000,13579,uniform,8,ska_sort,0.310959
u32,10000,13579,uniform,8,ska_sort_copy,0.073834
u32,10000,13579,uniform,8,radixkit,0.05525
u32,10000,13579,uniform16,0,ska_sort,0.382709
u32,10000,13579,uniform16,0,ska_sort_copy,0.164625
u32,10000,13579,uniform16,0,radixkit,0.046709
u32,10000,13579,uniform16,0,adaptive,0.046541
u32,10000,13579,uniform16,0,std_sort,0.347083
u32,10000,13579,uniform16,1,ska_sort_copy,0.163542
u32,10000,13579,uniform16,1,radixkit,0.046333
u32,10000,13579,uniform16,1,adaptive,0.046833
u32,10000,13579,uniform16,1,std_sort,0.343708
u32,10000,13579,uniform16,1,ska_sort,0.3735
u32,10000,13579,uniform16,2,radixkit,0.046333
u32,10000,13579,uniform16,2,adaptive,0.046459
u32,10000,13579,uniform16,2,std_sort,0.338958
u32,10000,13579,uniform16,2,ska_sort,0.370542
u32,10000,13579,uniform16,2,ska_sort_copy,0.163542
u32,10000,13579,uniform16,3,adaptive,0.046667
u32,10000,13579,uniform16,3,std_sort,0.338375
u32,10000,13579,uniform16,3,ska_sort,0.399
u32,10000,13579,uniform16,3,ska_sort_copy,0.165166
u32,10000,13579,uniform16,3,radixkit,0.046666
u32,10000,13579,uniform16,4,std_sort,0.362875
u32,10000,13579,uniform16,4,ska_sort,0.390792
u32,10000,13579,uniform16,4,ska_sort_copy,0.164083
u32,10000,13579,uniform16,4,radixkit,0.046833
u32,10000,13579,uniform16,4,adaptive,0.046959
u32,10000,13579,uniform16,5,ska_sort,0.379416
u32,10000,13579,uniform16,5,ska_sort_copy,0.163917
u32,10000,13579,uniform16,5,radixkit,0.046542
u32,10000,13579,uniform16,5,adaptive,0.046792
u32,10000,13579,uniform16,5,std_sort,0.411875
u32,10000,13579,uniform16,6,ska_sort_copy,0.207208
u32,10000,13579,uniform16,6,radixkit,0.046417
u32,10000,13579,uniform16,6,adaptive,0.046875
u32,10000,13579,uniform16,6,std_sort,0.339083
u32,10000,13579,uniform16,6,ska_sort,0.369417
u32,10000,13579,uniform16,7,radixkit,0.046375
u32,10000,13579,uniform16,7,adaptive,0.046334
u32,10000,13579,uniform16,7,std_sort,0.338
u32,10000,13579,uniform16,7,ska_sort,0.368417
u32,10000,13579,uniform16,7,ska_sort_copy,0.163417
u32,10000,13579,uniform16,8,adaptive,0.04675
u32,10000,13579,uniform16,8,std_sort,0.337625
u32,10000,13579,uniform16,8,ska_sort,0.36725
u32,10000,13579,uniform16,8,ska_sort_copy,0.164542
u32,10000,13579,uniform16,8,radixkit,0.046167
u32,10000,13579,zeros99,0,ska_sort,0.2665
u32,10000,13579,zeros99,0,ska_sort_copy,0.229875
u32,10000,13579,zeros99,0,radixkit,0.175541
u32,10000,13579,zeros99,0,adaptive,0.009125
u32,10000,13579,zeros99,0,std_sort,0.017708
u32,10000,13579,zeros99,1,ska_sort_copy,0.229542
u32,10000,13579,zeros99,1,radixkit,0.176375
u32,10000,13579,zeros99,1,adaptive,0.008875
u32,10000,13579,zeros99,1,std_sort,0.017292
u32,10000,13579,zeros99,1,ska_sort,0.265125
u32,10000,13579,zeros99,2,radixkit,0.175125
u32,10000,13579,zeros99,2,adaptive,0.008708
u32,10000,13579,zeros99,2,std_sort,0.016625
u32,10000,13579,zeros99,2,ska_sort,0.266417
u32,10000,13579,zeros99,2,ska_sort_copy,0.229709
u32,10000,13579,zeros99,3,adaptive,0.008417
u32,10000,13579,zeros99,3,std_sort,0.016541
u32,10000,13579,zeros99,3,ska_sort,0.266084
u32,10000,13579,zeros99,3,ska_sort_copy,0.229667
u32,10000,13579,zeros99,3,radixkit,0.176667
u32,10000,13579,zeros99,4,std_sort,0.016375
u32,10000,13579,zeros99,4,ska_sort,0.312375
u32,10000,13579,zeros99,4,ska_sort_copy,0.229833
u32,10000,13579,zeros99,4,radixkit,0.175917
u32,10000,13579,zeros99,4,adaptive,0.013167
u32,10000,13579,zeros99,5,ska_sort,0.26975
u32,10000,13579,zeros99,5,ska_sort_copy,0.229958
u32,10000,13579,zeros99,5,radixkit,0.175167
u32,10000,13579,zeros99,5,adaptive,0.009583
u32,10000,13579,zeros99,5,std_sort,0.019166
u32,10000,13579,zeros99,6,ska_sort_copy,0.23325
u32,10000,13579,zeros99,6,radixkit,0.176792
u32,10000,13579,zeros99,6,adaptive,0.009
u32,10000,13579,zeros99,6,std_sort,0.017625
u32,10000,13579,zeros99,6,ska_sort,0.268166
u32,10000,13579,zeros99,7,radixkit,0.174333
u32,10000,13579,zeros99,7,adaptive,0.00875
u32,10000,13579,zeros99,7,std_sort,0.016792
u32,10000,13579,zeros99,7,ska_sort,0.267375
u32,10000,13579,zeros99,7,ska_sort_copy,0.229667
u32,10000,13579,zeros99,8,adaptive,0.008458
u32,10000,13579,zeros99,8,std_sort,0.016625
u32,10000,13579,zeros99,8,ska_sort,0.265292
u32,10000,13579,zeros99,8,ska_sort_copy,0.239791
u32,10000,13579,zeros99,8,radixkit,0.177875
u32,10000,13579,equal,0,ska_sort,0.183292
u32,10000,13579,equal,0,ska_sort_copy,0.230709
u32,10000,13579,equal,0,radixkit,0.02525
u32,10000,13579,equal,0,adaptive,0.001042
u32,10000,13579,equal,0,std_sort,0.026833
u32,10000,13579,equal,1,ska_sort_copy,0.227917
u32,10000,13579,equal,1,radixkit,0.025208
u32,10000,13579,equal,1,adaptive,0.001042
u32,10000,13579,equal,1,std_sort,0.026833
u32,10000,13579,equal,1,ska_sort,0.182333
u32,10000,13579,equal,2,radixkit,0.025334
u32,10000,13579,equal,2,adaptive,0.001
u32,10000,13579,equal,2,std_sort,0.026792
u32,10000,13579,equal,2,ska_sort,0.179208
u32,10000,13579,equal,2,ska_sort_copy,0.230708
u32,10000,13579,equal,3,adaptive,0.001041
u32,10000,13579,equal,3,std_sort,0.02675
u32,10000,13579,equal,3,ska_sort,0.179459
u32,10000,13579,equal,3,ska_sort_copy,0.246125
u32,10000,13579,equal,3,radixkit,0.025375
u32,10000,13579,equal,4,std_sort,0.026916
u32,10000,13579,equal,4,ska_sort,0.18275
u32,10000,13579,equal,4,ska_sort_copy,0.228875
u32,10000,13579,equal,4,radixkit,0.025292
u32,10000,13579,equal,4,adaptive,0.001334
u32,10000,13579,equal,5,ska_sort,0.181
u32,10000,13579,equal,5,ska_sort_copy,0.227584
u32,10000,13579,equal,5,radixkit,0.025333
u32,10000,13579,equal,5,adaptive,0.001042
u32,10000,13579,equal,5,std_sort,0.026875
u32,10000,13579,equal,6,ska_sort_copy,0.228792
u32,10000,13579,equal,6,radixkit,0.0255
u32,10000,13579,equal,6,adaptive,0.001
u32,10000,13579,equal,6,std_sort,0.026833
u32,10000,13579,equal,6,ska_sort,0.182583
u32,10000,13579,equal,7,radixkit,0.0255
u32,10000,13579,equal,7,adaptive,0.001042
u32,10000,13579,equal,7,std_sort,0.02675
u32,10000,13579,equal,7,ska_sort,0.182584
u32,10000,13579,equal,7,ska_sort_copy,0.228209
u32,10000,13579,equal,8,adaptive,0.001042
u32,10000,13579,equal,8,std_sort,0.025166
u32,10000,13579,equal,8,ska_sort,0.157667
u32,10000,13579,equal,8,ska_sort_copy,0.198083
u32,10000,13579,equal,8,radixkit,0.021958
u32,10000,13579,ascending,0,ska_sort,0.211791
u32,10000,13579,ascending,0,ska_sort_copy,0.133125
u32,10000,13579,ascending,0,radixkit,0.042
u32,10000,13579,ascending,0,adaptive,0.006375
u32,10000,13579,ascending,0,std_sort,0.024042
u32,10000,13579,ascending,1,ska_sort_copy,0.140959
u32,10000,13579,ascending,1,radixkit,0.042208
u32,10000,13579,ascending,1,adaptive,0.006083
u32,10000,13579,ascending,1,std_sort,0.017709
u32,10000,13579,ascending,1,ska_sort,0.209833
u32,10000,13579,ascending,2,radixkit,0.041833
u32,10000,13579,ascending,2,adaptive,0.006125
u32,10000,13579,ascending,2,std_sort,0.017625
u32,10000,13579,ascending,2,ska_sort,0.209583
u32,10000,13579,ascending,2,ska_sort_copy,0.133375
u32,10000,13579,ascending,3,adaptive,0.006041
u32,10000,13579,ascending,3,std_sort,0.017583
u32,10000,13579,ascending,3,ska_sort,0.208292
u32,10000,13579,ascending,3,ska_sort_copy,0.135834
u32,10000,13579,ascending,3,radixkit,0.041916
u32,10000,13579,ascending,4,std_sort,0.017542
u32,10000,13579,ascending,4,ska_sort,0.208833
u32,10000,13579,ascending,4,ska_sort_copy,0.133209
u32,10000,13579,ascending,4,radixkit,0.042
u32,10000,13579,ascending,4,adaptive,0.006083
u32,10000,13579,ascending,5,ska_sort,0.210042
u32,10000,13579,ascending,5,ska_sort_copy,0.133667
u32,10000,13579,ascending,5,radixkit,0.042083
u32,10000,13579,ascending,5,adaptive,0.006083
u32,10000,13579,ascending,5,std_sort,0.017542
u32,10000,13579,ascending,6,ska_sort_copy,0.133125
u32,10000,13579,ascending,6,radixkit,0.041708
u32,10000,13579,ascending,6,adaptive,0.006042
u32,10000,13579,ascending,6,std_sort,0.017625
u32,10000,13579,ascending,6,ska_sort,0.2095
u32,10000,13579,ascending,7,radixkit,0.041916
u32,10000,13579,ascending,7,adaptive,0.006084
u32,10000,13579,ascending,7,std_sort,0.017584
u32,10000,13579,ascending,7,ska_sort,0.21025
u32,10000,13579,ascending,7,ska_sort_copy,0.140666
u32,10000,13579,ascending,8,adaptive,0.006042
u32,10000,13579,ascending,8,std_sort,0.017625
u32,10000,13579,ascending,8,ska_sort,0.213375
u32,10000,13579,ascending,8,ska_sort_copy,0.133083
u32,10000,13579,ascending,8,radixkit,0.041875
u32,10000,13579,descending,0,ska_sort,0.226791
u32,10000,13579,descending,0,ska_sort_copy,0.133167
u32,10000,13579,descending,0,radixkit,0.042292
u32,10000,13579,descending,0,adaptive,0.009459
u32,10000,13579,descending,0,std_sort,0.030625
u32,10000,13579,descending,1,ska_sort_copy,0.133167
u32,10000,13579,descending,1,radixkit,0.042167
u32,10000,13579,descending,1,adaptive,0.009333
u32,10000,13579,descending,1,std_sort,0.030583
u32,10000,13579,descending,1,ska_sort,0.226167
u32,10000,13579,descending,2,radixkit,0.042459
u32,10000,13579,descending,2,adaptive,0.009292
u32,10000,13579,descending,2,std_sort,0.0305
u32,10000,13579,descending,2,ska_sort,0.226292
u32,10000,13579,descending,2,ska_sort_copy,0.13325
u32,10000,13579,descending,3,adaptive,0.009291
u32,10000,13579,descending,3,std_sort,0.030459
u32,10000,13579,descending,3,ska_sort,0.226833
u32,10000,13579,descending,3,ska_sort_copy,0.13325
u32,10000,13579,descending,3,radixkit,0.042417
u32,10000,13579,descending,4,std_sort,0.0305
u32,10000,13579,descending,4,ska_sort,0.226292
u32,10000,13579,descending,4,ska_sort_copy,0.133375
u32,10000,13579,descending,4,radixkit,0.050542
u32,10000,13579,descending,4,adaptive,0.009291
u32,10000,13579,descending,5,ska_sort,0.228917
u32,10000,13579,descending,5,ska_sort_copy,0.140875
u32,10000,13579,descending,5,radixkit,0.041959
u32,10000,13579,descending,5,adaptive,0.00925
u32,10000,13579,descending,5,std_sort,0.030584
u32,10000,13579,descending,6,ska_sort_copy,0.133042
u32,10000,13579,descending,6,radixkit,0.041792
u32,10000,13579,descending,6,adaptive,0.00925
u32,10000,13579,descending,6,std_sort,0.030417
u32,10000,13579,descending,6,ska_sort,0.234541
u32,10000,13579,descending,7,radixkit,0.042042
u32,10000,13579,descending,7,adaptive,0.00925
u32,10000,13579,descending,7,std_sort,0.0305
u32,10000,13579,descending,7,ska_sort,0.229708
u32,10000,13579,descending,7,ska_sort_copy,0.146875
u32,10000,13579,descending,8,adaptive,0.00925
u32,10000,13579,descending,8,std_sort,0.030458
u32,10000,13579,descending,8,ska_sort,0.229333
u32,10000,13579,descending,8,ska_sort_copy,0.133042
u32,10000,13579,descending,8,radixkit,0.042125
u32,10000,13579,sparse8,0,ska_sort,0.343125
u32,10000,13579,sparse8,0,ska_sort_copy,0.102833
u32,10000,13579,sparse8,0,radixkit,0.057542
u32,10000,13579,sparse8,0,adaptive,0.023875
u32,10000,13579,sparse8,0,std_sort,0.168125
u32,10000,13579,sparse8,1,ska_sort_copy,0.103458
u32,10000,13579,sparse8,1,radixkit,0.057833
u32,10000,13579,sparse8,1,adaptive,0.022292
u32,10000,13579,sparse8,1,std_sort,0.154833
u32,10000,13579,sparse8,1,ska_sort,0.301083
u32,10000,13579,sparse8,2,radixkit,0.057542
u32,10000,13579,sparse8,2,adaptive,0.022209
u32,10000,13579,sparse8,2,std_sort,0.150334
u32,10000,13579,sparse8,2,ska_sort,0.297625
u32,10000,13579,sparse8,2,ska_sort_copy,0.102667
u32,10000,13579,sparse8,3,adaptive,0.021708
u32,10000,13579,sparse8,3,std_sort,0.146959
u32,10000,13579,sparse8,3,ska_sort,0.294417
u32,10000,13579,sparse8,3,ska_sort_copy,0.103375
u32,10000,13579,sparse8,3,radixkit,0.057584
u32,10000,13579,sparse8,4,std_sort,0.156958
u32,10000,13579,sparse8,4,ska_sort,0.319625
u32,10000,13579,sparse8,4,ska_sort_copy,0.102791
u32,10000,13579,sparse8,4,radixkit,0.057375
u32,10000,13579,sparse8,4,adaptive,0.025459
u32,10000,13579,sparse8,5,ska_sort,0.306959
u32,10000,13579,sparse8,5,ska_sort_copy,0.102708
u32,10000,13579,sparse8,5,radixkit,0.057334
u32,10000,13579,sparse8,5,adaptive,0.023333
u32,10000,13579,sparse8,5,std_sort,0.180166
u32,10000,13579,sparse8,6,ska_sort_copy,0.102958
u32,10000,13579,sparse8,6,radixkit,0.056875
u32,10000,13579,sparse8,6,adaptive,0.022667
u32,10000,13579,sparse8,6,std_sort,0.164875
u32,10000,13579,sparse8,6,ska_sort,0.300375
u32,10000,13579,sparse8,7,radixkit,0.057333
u32,10000,13579,sparse8,7,adaptive,0.022125
u32,10000,13579,sparse8,7,std_sort,0.1685
u32,10000,13579,sparse8,7,ska_sort,0.3025
u32,10000,13579,sparse8,7,ska_sort_copy,0.10575
u32,10000,13579,sparse8,8,adaptive,0.022042
u32,10000,13579,sparse8,8,std_sort,0.152584
u32,10000,13579,sparse8,8,ska_sort,0.301542
u32,10000,13579,sparse8,8,ska_sort_copy,0.102875
u32,10000,13579,sparse8,8,radixkit,0.059875
u32,10000,13579,nearly_sorted,0,ska_sort,0.218125
u32,10000,13579,nearly_sorted,0,ska_sort_copy,0.118584
u32,10000,13579,nearly_sorted,0,radixkit,0.036791
u32,10000,13579,nearly_sorted,0,adaptive,0.037917
u32,10000,13579,nearly_sorted,0,std_sort,0.052209
u32,10000,13579,nearly_sorted,1,ska_sort_copy,0.117416
u32,10000,13579,nearly_sorted,1,radixkit,0.037041
u32,10000,13579,nearly_sorted,1,adaptive,0.037542
u32,10000,13579,nearly_sorted,1,std_sort,0.050959
u32,10000,13579,nearly_sorted,1,ska_sort,0.207791
u32,10000,13579,nearly_sorted,2,radixkit,0.03725
u32,10000,13579,nearly_sorted,2,adaptive,0.037542
u32,10000,13579,nearly_sorted,2,std_sort,0.050083
u32,10000,13579,nearly_sorted,2,ska_sort,0.205625
u32,10000,13579,nearly_sorted,2,ska_sort_copy,0.105334
u32,10000,13579,nearly_sorted,3,adaptive,0.033875
u32,10000,13579,nearly_sorted,3,std_sort,0.04425
u32,10000,13579,nearly_sorted,3,ska_sort,0.185084
u32,10000,13579,nearly_sorted,3,ska_sort_copy,0.10525
u32,10000,13579,nearly_sorted,3,radixkit,0.03325
u32,10000,13579,nearly_sorted,4,std_sort,0.044209
u32,10000,13579,nearly_sorted,4,ska_sort,0.186667
u32,10000,13579,nearly_sorted,4,ska_sort_copy,0.10525
u32,10000,13579,nearly_sorted,4,radixkit,0.033334
u32,10000,13579,nearly_sorted,4,adaptive,0.033792
u32,10000,13579,nearly_sorted,5,ska_sort,0.185875
u32,10000,13579,nearly_sorted,5,ska_sort_copy,0.105625
u32,10000,13579,nearly_sorted,5,radixkit,0.032916
u32,10000,13579,nearly_sorted,5,adaptive,0.033458
u32,10000,13579,nearly_sorted,5,std_sort,0.043792
u32,10000,13579,nearly_sorted,6,ska_sort_copy,0.105417
u32,10000,13579,nearly_sorted,6,radixkit,0.032958
u32,10000,13579,nearly_sorted,6,adaptive,0.033625
u32,10000,13579,nearly_sorted,6,std_sort,0.043791
u32,10000,13579,nearly_sorted,6,ska_sort,0.185333
u32,10000,13579,nearly_sorted,7,radixkit,0.033375
u32,10000,13579,nearly_sorted,7,adaptive,0.033709
u32,10000,13579,nearly_sorted,7,std_sort,0.047792
u32,10000,13579,nearly_sorted,7,ska_sort,0.186125
u32,10000,13579,nearly_sorted,7,ska_sort_copy,0.105458
u32,10000,13579,nearly_sorted,8,adaptive,0.034125
u32,10000,13579,nearly_sorted,8,std_sort,0.044209
u32,10000,13579,nearly_sorted,8,ska_sort,0.185625
u32,10000,13579,nearly_sorted,8,ska_sort_copy,0.105375
u32,10000,13579,nearly_sorted,8,radixkit,0.033041
u64,10000,13579,uniform,0,ska_sort,0.192208
u64,10000,13579,uniform,0,ska_sort_copy,0.188166
u64,10000,13579,uniform,0,radixkit,0.073042
u64,10000,13579,uniform,0,adaptive,0.072416
u64,10000,13579,uniform,0,std_sort,0.258834
u64,10000,13579,uniform,1,ska_sort_copy,0.17925
u64,10000,13579,uniform,1,radixkit,0.07225
u64,10000,13579,uniform,1,adaptive,0.075625
u64,10000,13579,uniform,1,std_sort,0.2425
u64,10000,13579,uniform,1,ska_sort,0.171459
u64,10000,13579,uniform,2,radixkit,0.07225
u64,10000,13579,uniform,2,adaptive,0.071917
u64,10000,13579,uniform,2,std_sort,0.252209
u64,10000,13579,uniform,2,ska_sort,0.1705
u64,10000,13579,uniform,2,ska_sort_copy,0.170084
u64,10000,13579,uniform,3,adaptive,0.072459
u64,10000,13579,uniform,3,std_sort,0.240667
u64,10000,13579,uniform,3,ska_sort,0.167791
u64,10000,13579,uniform,3,ska_sort_copy,0.167625
u64,10000,13579,uniform,3,radixkit,0.072583
u64,10000,13579,uniform,4,std_sort,0.240583
u64,10000,13579,uniform,4,ska_sort,0.166417
u64,10000,13579,uniform,4,ska_sort_copy,0.166333
u64,10000,13579,uniform,4,radixkit,0.072042
u64,10000,13579,uniform,4,adaptive,0.072542
u64,10000,13579,uniform,5,ska_sort,0.171959
u64,10000,13579,uniform,5,ska_sort_copy,0.167208
u64,10000,13579,uniform,5,radixkit,0.072541
u64,10000,13579,uniform,5,adaptive,0.071875
u64,10000,13579,uniform,5,std_sort,0.240625
u64,10000,13579,uniform,6,ska_sort_copy,0.164334
u64,10000,13579,uniform,6,radixkit,0.072667
u64,10000,13579,uniform,6,adaptive,0.072125
u64,10000,13579,uniform,6,std_sort,0.240541
u64,10000,13579,uniform,6,ska_sort,0.163959
u64,10000,13579,uniform,7,radixkit,0.072166
u64,10000,13579,uniform,7,adaptive,0.071917
u64,10000,13579,uniform,7,std_sort,0.219709
u64,10000,13579,uniform,7,ska_sort,0.15
u64,10000,13579,uniform,7,ska_sort_copy,0.149875
u64,10000,13579,uniform,8,adaptive,0.066375
u64,10000,13579,uniform,8,std_sort,0.219875
u64,10000,13579,uniform,8,ska_sort,0.149542
u64,10000,13579,uniform,8,ska_sort_copy,0.149583
u64,10000,13579,uniform,8,radixkit,0.071584
u64,10000,13579,uniform16,0,ska_sort,0.354708
u64,10000,13579,uniform16,0,ska_sort_copy,0.388792
u64,10000,13579,uniform16,0,radixkit,0.05025
u64,10000,13579,uniform16,0,adaptive,0.049958
u64,10000,13579,uniform16,0,std_sort,0.223833
u64,10000,13579,uniform16,1,ska_sort_copy,0.379917
u64,10000,13579,uniform16,1,radixkit,0.050542
u64,10000,13579,uniform16,1,adaptive,0.050167
u64,10000,13579,uniform16,1,std_sort,0.246666
u64,10000,13579,uniform16,1,ska_sort,0.369125
u64,10000,13579,uniform16,2,radixkit,0.0495
u64,10000,13579,uniform16,2,adaptive,0.04975
u64,10000,13579,uniform16,2,std_sort,0.240667
u64,10000,13579,uniform16,2,ska_sort,0.357625
u64,10000,13579,uniform16,2,ska_sort_copy,0.324625
u64,10000,13579,uniform16,3,adaptive,0.045792
u64,10000,13579,uniform16,3,std_sort,0.21
u64,10000,13579,uniform16,3,ska_sort,0.310959
u64,10000,13579,uniform16,3,ska_sort_copy,0.305166
u64,10000,13579,uniform16,3,radixkit,0.046084
u64,10000,13579,uniform16,4,std_sort,0.2045
u64,10000,13579,uniform16,4,ska_sort,0.300625
u64,10000,13579,uniform16,4,ska_sort_copy,0.299625
u64,10000,13579,uniform16,4,radixkit,0.046
u64,10000,13579,uniform16,4,adaptive,0.045791
u64,10000,13579,uniform16,5,ska_sort,0.291042
u64,10000,13579,uniform16,5,ska_sort_copy,0.296916
u64,10000,13579,uniform16,5,radixkit,0.045542
u64,10000,13579,uniform16,5,adaptive,0.045834
u64,10000,13579,uniform16,5,std_sort,0.202625
u64,10000,13579,uniform16,6,ska_sort_copy,0.288042
u64,10000,13579,uniform16,6,radixkit,0.045667
u64,10000,13579,uniform16,6,adaptive,0.045667
u64,10000,13579,uniform16,6,std_sort,0.201333
u64,10000,13579,uniform16,6,ska_sort,0.2865
u64,10000,13579,uniform16,7,radixkit,0.045625
u64,10000,13579,uniform16,7,adaptive,0.045625
u64,10000,13579,uniform16,7,std_sort,0.201125
u64,10000,13579,uniform16,7,ska_sort,0.287667
u64,10000,13579,uniform16,7,ska_sort_copy,0.286375
u64,10000,13579,uniform16,8,adaptive,0.045875
u64,10000,13579,uniform16,8,std_sort,0.200708
u64,10000,13579,uniform16,8,ska_sort,0.357042
u64,10000,13579,uniform16,8,ska_sort_copy,0.337208
u64,10000,13579,uniform16,8,radixkit,0.053667
u64,10000,13579,zeros99,0,ska_sort,0.244333
u64,10000,13579,zeros99,0,ska_sort_copy,0.233541
u64,10000,13579,zeros99,0,radixkit,0.005125
u64,10000,13579,zeros99,0,adaptive,0.006209
u64,10000,13579,zeros99,0,std_sort,0.011708
u64,10000,13579,zeros99,1,ska_sort_copy,0.229333
u64,10000,13579,zeros99,1,radixkit,0.004458
u64,10000,13579,zeros99,1,adaptive,0.005625
u64,10000,13579,zeros99,1,std_sort,0.010208
u64,10000,13579,zeros99,1,ska_sort,0.218667
u64,10000,13579,zeros99,2,radixkit,0.004416
u64,10000,13579,zeros99,2,adaptive,0.00525
u64,10000,13579,zeros99,2,std_sort,0.009834
u64,10000,13579,zeros99,2,ska_sort,0.217208
u64,10000,13579,zeros99,2,ska_sort_copy,0.217708
u64,10000,13579,zeros99,3,adaptive,0.004416
u64,10000,13579,zeros99,3,std_sort,0.00975
u64,10000,13579,zeros99,3,ska_sort,0.22
u64,10000,13579,zeros99,3,ska_sort_copy,0.2195
u64,10000,13579,zeros99,3,radixkit,0.004417
u64,10000,13579,zeros99,4,std_sort,0.009667
u64,10000,13579,zeros99,4,ska_sort,0.216042
u64,10000,13579,zeros99,4,ska_sort_copy,0.217459
u64,10000,13579,zeros99,4,radixkit,0.004416
u64,10000,13579,zeros99,4,adaptive,0.004416
u64,10000,13579,zeros99,5,ska_sort,0.217
u64,10000,13579,zeros99,5,ska_sort_copy,0.217125
u64,10000,13579,zeros99,5,radixkit,0.004417
u64,10000,13579,zeros99,5,adaptive,0.004375
u64,10000,13579,zeros99,5,std_sort,0.009584
u64,10000,13579,zeros99,6,ska_sort_copy,0.217917
u64,10000,13579,zeros99,6,radixkit,0.004375
u64,10000,13579,zeros99,6,adaptive,0.004375
u64,10000,13579,zeros99,6,std_sort,0.009541
u64,10000,13579,zeros99,6,ska_sort,0.219458
u64,10000,13579,zeros99,7,radixkit,0.004375
u64,10000,13579,zeros99,7,adaptive,0.004375
u64,10000,13579,zeros99,7,std_sort,0.009542
u64,10000,13579,zeros99,7,ska_sort,0.224459
u64,10000,13579,zeros99,7,ska_sort_copy,0.221625
u64,10000,13579,zeros99,8,adaptive,0.004375
u64,10000,13579,zeros99,8,std_sort,0.009583
u64,10000,13579,zeros99,8,ska_sort,0.219209
u64,10000,13579,zeros99,8,ska_sort_copy,0.219334
u64,10000,13579,zeros99,8,radixkit,0.004417
u64,10000,13579,equal,0,ska_sort,0.197458
u64,10000,13579,equal,0,ska_sort_copy,0.201833
u64,10000,13579,equal,0,radixkit,0.001959
u64,10000,13579,equal,0,adaptive,0.001333
u64,10000,13579,equal,0,std_sort,0.025042
u64,10000,13579,equal,1,ska_sort_copy,0.198375
u64,10000,13579,equal,1,radixkit,0.001875
u64,10000,13579,equal,1,adaptive,0.00125
u64,10000,13579,equal,1,std_sort,0.014583
u64,10000,13579,equal,1,ska_sort,0.197
u64,10000,13579,equal,2,radixkit,0.001875
u64,10000,13579,equal,2,adaptive,0.00125
u64,10000,13579,equal,2,std_sort,0.0145
u64,10000,13579,equal,2,ska_sort,0.205125
u64,10000,13579,equal,2,ska_sort_copy,0.209458
u64,10000,13579,equal,3,adaptive,0.001209
u64,10000,13579,equal,3,std_sort,0.0145
u64,10000,13579,equal,3,ska_sort,0.196
u64,10000,13579,equal,3,ska_sort_copy,0.198083
u64,10000,13579,equal,3,radixkit,0.001875
u64,10000,13579,equal,4,std_sort,0.0145
u64,10000,13579,equal,4,ska_sort,0.20025
u64,10000,13579,equal,4,ska_sort_copy,0.211125
u64,10000,13579,equal,4,radixkit,0.001875
u64,10000,13579,equal,4,adaptive,0.001375
u64,10000,13579,equal,5,ska_sort,0.208417
u64,10000,13579,equal,5,ska_sort_copy,0.202792
u64,10000,13579,equal,5,radixkit,0.001833
u64,10000,13579,equal,5,adaptive,0.00125
u64,10000,13579,equal,5,std_sort,0.014542
u64,10000,13579,equal,6,ska_sort_copy,0.200375
u64,10000,13579,equal,6,radixkit,0.001833
u64,10000,13579,equal,6,adaptive,0.00125
u64,10000,13579,equal,6,std_sort,0.0145
u64,10000,13579,equal,6,ska_sort,0.194667
u64,10000,13579,equal,7,radixkit,0.001834
u64,10000,13579,equal,7,adaptive,0.00125
u64,10000,13579,equal,7,std_sort,0.0145
u64,10000,13579,equal,7,ska_sort,0.195792
u64,10000,13579,equal,7,ska_sort_copy,0.206667
u64,10000,13579,equal,8,adaptive,0.00125
u64,10000,13579,equal,8,std_sort,0.014583
u64,10000,13579,equal,8,ska_sort,0.1975
u64,10000,13579,equal,8,ska_sort_copy,0.198541
u64,10000,13579,equal,8,radixkit,0.002417
u64,10000,13579,ascending,0,ska_sort,0.229083
u64,10000,13579,ascending,0,ska_sort_copy,0.229708
u64,10000,13579,ascending,0,radixkit,0.007084
u64,10000,13579,ascending,0,adaptive,0.007167
u64,10000,13579,ascending,0,std_sort,0.011041
u64,10000,13579,ascending,1,ska_sort_copy,0.228708
u64,10000,13579,ascending,1,radixkit,0.007291
u64,10000,13579,ascending,1,adaptive,0.007167
u64,10000,13579,ascending,1,std_sort,0.011
u64,10000,13579,ascending,1,ska_sort,0.231292
u64,10000,13579,ascending,2,radixkit,0.007125
u64,10000,13579,ascending,2,adaptive,0.007167
u64,10000,13579,ascending,2,std_sort,0.010958
u64,10000,13579,ascending,2,ska_sort,0.23
u64,10000,13579,ascending,2,ska_sort_copy,0.228959
u64,10000,13579,ascending,3,adaptive,0.007167
u64,10000,13579,ascending,3,std_sort,0.010917
u64,10000,13579,ascending,3,ska_sort,0.229458
u64,10000,13579,ascending,3,ska_sort_copy,0.230083
u64,10000,13579,ascending,3,radixkit,0.007084
u64,10000,13579,ascending,4,std_sort,0.011
u64,10000,13579,ascending,4,ska_sort,0.229167
u64,10000,13579,ascending,4,ska_sort_copy,0.229958
u64,10000,13579,ascending,4,radixkit,0.007125
u64,10000,13579,ascending,4,adaptive,0.00725
u64,10000,13579,ascending,5,ska_sort,0.229541
u64,10000,13579,ascending,5,ska_sort_copy,0.223041
u64,10000,13579,ascending,5,radixkit,0.006583
u64,10000,13579,ascending,5,adaptive,0.00675
u64,10000,13579,ascending,5,std_sort,0.010208
u64,10000,13579,ascending,6,ska_sort_copy,0.227792
u64,10000,13579,ascending,6,radixkit,0.00675
u64,10000,13579,ascending,6,adaptive,0.00675
u64,10000,13579,ascending,6,std_sort,0.01025
u64,10000,13579,ascending,6,ska_sort,0.213
u64,10000,13579,ascending,7,radixkit,0.00675
u64,10000,13579,ascending,7,adaptive,0.00675
u64,10000,13579,ascending,7,std_sort,0.010209
u64,10000,13579,ascending,7,ska_sort,0.212417
u64,10000,13579,ascending,7,ska_sort_copy,0.213667
u64,10000,13579,ascending,8,adaptive,0.00675
u64,10000,13579,ascending,8,std_sort,0.010167
u64,10000,13579,ascending,8,ska_sort,0.212625
u64,10000,13579,ascending,8,ska_sort_copy,0.213
u64,10000,13579,ascending,8,radixkit,0.006583
u64,10000,13579,descending,0,ska_sort,0.254916
u64,10000,13579,descending,0,ska_sort_copy,0.22875
u64,10000,13579,descending,0,radixkit,0.008833
u64,10000,13579,descending,0,adaptive,0.008833
u64,10000,13579,descending,0,std_sort,0.019459
u64,10000,13579,descending,1,ska_sort_copy,0.223417
u64,10000,13579,descending,1,radixkit,0.0085
u64,10000,13579,descending,1,adaptive,0.008417
u64,10000,13579,descending,1,std_sort,0.018
u64,10000,13579,descending,1,ska_sort,0.230542
u64,10000,13579,descending,2,radixkit,0.008625
u64,10000,13579,descending,2,adaptive,0.008542
u64,10000,13579,descending,2,std_sort,0.017792
u64,10000,13579,descending,2,ska_sort,0.222125
u64,10000,13579,descending,2,ska_sort_copy,0.222542
u64,10000,13579,descending,3,adaptive,0.008625
u64,10000,13579,descending,3,std_sort,0.01775
u64,10000,13579,descending,3,ska_sort,0.222291
u64,10000,13579,descending,3,ska_sort_copy,0.234916
u64,10000,13579,descending,3,radixkit,0.008417
u64,10000,13579,descending,4,std_sort,0.017916
u64,10000,13579,descending,4,ska_sort,0.220708
u64,10000,13579,descending,4,ska_sort_copy,0.222334
u64,10000,13579,descending,4,radixkit,0.008458
u64,10000,13579,descending,4,adaptive,0.008584
u64,10000,13579,descending,5,ska_sort,0.220708
u64,10000,13579,descending,5,ska_sort_copy,0.222
u64,10000,13579,descending,5,radixkit,0.008417
u64,10000,13579,descending,5,adaptive,0.008625
u64,10000,13579,descending,5,std_sort,0.017875
u64,10000,13579,descending,6,ska_sort_copy,0.220792
u64,10000,13579,descending,6,radixkit,0.008417
u64,10000,13579,descending,6,adaptive,0.008417
u64,10000,13579,descending,6,std_sort,0.017834
u64,10000,13579,descending,6,ska_sort,0.220917
u64,10000,13579,descending,7,radixkit,0.008417
u64,10000,13579,descending,7,adaptive,0.008459
u64,10000,13579,descending,7,std_sort,0.017792
u64,10000,13579,descending,7,ska_sort,0.22325
u64,10000,13579,descending,7,ska_sort_copy,0.222333
u64,10000,13579,descending,8,adaptive,0.008542
u64,10000,13579,descending,8,std_sort,0.017916
u64,10000,13579,descending,8,ska_sort,0.222916
u64,10000,13579,descending,8,ska_sort_copy,0.221792
u64,10000,13579,descending,8,radixkit,0.0085
u64,10000,13579,sparse8,0,ska_sort,0.460292
u64,10000,13579,sparse8,0,ska_sort_copy,0.436834
u64,10000,13579,sparse8,0,radixkit,0.13525
u64,10000,13579,sparse8,0,adaptive,0.027625
u64,10000,13579,sparse8,0,std_sort,0.11375
u64,10000,13579,sparse8,1,ska_sort_copy,0.429583
u64,10000,13579,sparse8,1,radixkit,0.135333
u64,10000,13579,sparse8,1,adaptive,0.027625
u64,10000,13579,sparse8,1,std_sort,0.111584
u64,10000,13579,sparse8,1,ska_sort,0.426792
u64,10000,13579,sparse8,2,radixkit,0.134792
u64,10000,13579,sparse8,2,adaptive,0.027833
u64,10000,13579,sparse8,2,std_sort,0.119416
u64,10000,13579,sparse8,2,ska_sort,0.511875
u64,10000,13579,sparse8,2,ska_sort_copy,0.449125
u64,10000,13579,sparse8,3,adaptive,0.02825
u64,10000,13579,sparse8,3,std_sort,0.129541
u64,10000,13579,sparse8,3,ska_sort,0.437209
u64,10000,13579,sparse8,3,ska_sort_copy,0.416125
u64,10000,13579,sparse8,3,radixkit,0.131542
u64,10000,13579,sparse8,4,std_sort,0.119917
u64,10000,13579,sparse8,4,ska_sort,0.409667
u64,10000,13579,sparse8,4,ska_sort_copy,0.409875
u64,10000,13579,sparse8,4,radixkit,0.13125
u64,10000,13579,sparse8,4,adaptive,0.026834
u64,10000,13579,sparse8,5,ska_sort,0.4025
u64,10000,13579,sparse8,5,ska_sort_copy,0.404584
u64,10000,13579,sparse8,5,radixkit,0.129833
u64,10000,13579,sparse8,5,adaptive,0.026667
u64,10000,13579,sparse8,5,std_sort,0.107666
u64,10000,13579,sparse8,6,ska_sort_copy,0.401084
u64,10000,13579,sparse8,6,radixkit,0.130042
u64,10000,13579,sparse8,6,adaptive,0.026708
u64,10000,13579,sparse8,6,std_sort,0.106208
u64,10000,13579,sparse8,6,ska_sort,0.402375
u64,10000,13579,sparse8,7,radixkit,0.137042
u64,10000,13579,sparse8,7,adaptive,0.026792
u64,10000,13579,sparse8,7,std_sort,0.106542
u64,10000,13579,sparse8,7,ska_sort,0.402292
u64,10000,13579,sparse8,7,ska_sort_copy,0.39925
u64,10000,13579,sparse8,8,adaptive,0.0265
u64,10000,13579,sparse8,8,std_sort,0.105416
u64,10000,13579,sparse8,8,ska_sort,0.399458
u64,10000,13579,sparse8,8,ska_sort_copy,0.397417
u64,10000,13579,sparse8,8,radixkit,0.130875
u64,10000,13579,nearly_sorted,0,ska_sort,0.223542
u64,10000,13579,nearly_sorted,0,ska_sort_copy,0.231917
u64,10000,13579,nearly_sorted,0,radixkit,0.038667
u64,10000,13579,nearly_sorted,0,adaptive,0.039083
u64,10000,13579,nearly_sorted,0,std_sort,0.03475
u64,10000,13579,nearly_sorted,1,ska_sort_copy,0.217708
u64,10000,13579,nearly_sorted,1,radixkit,0.038459
u64,10000,13579,nearly_sorted,1,adaptive,0.039041
u64,10000,13579,nearly_sorted,1,std_sort,0.033667
u64,10000,13579,nearly_sorted,1,ska_sort,0.220667
u64,10000,13579,nearly_sorted,2,radixkit,0.0385
u64,10000,13579,nearly_sorted,2,adaptive,0.038875
u64,10000,13579,nearly_sorted,2,std_sort,0.033292
u64,10000,13579,nearly_sorted,2,ska_sort,0.22475
u64,10000,13579,nearly_sorted,2,ska_sort_copy,0.2155
u64,10000,13579,nearly_sorted,3,adaptive,0.038958
u64,10000,13579,nearly_sorted,3,std_sort,0.033
u64,10000,13579,nearly_sorted,3,ska_sort,0.215791
u64,10000,13579,nearly_sorted,3,ska_sort_copy,0.215208
u64,10000,13579,nearly_sorted,3,radixkit,0.038625
u64,10000,13579,nearly_sorted,4,std_sort,0.03275
u64,10000,13579,nearly_sorted,4,ska_sort,0.21625
u64,10000,13579,nearly_sorted,4,ska_sort_copy,0.214834
u64,10000,13579,nearly_sorted,4,radixkit,0.03875
u64,10000,13579,nearly_sorted,4,adaptive,0.038916
u64,10000,13579,nearly_sorted,5,ska_sort,0.215583
u64,10000,13579,nearly_sorted,5,ska_sort_copy,0.21575
u64,10000,13579,nearly_sorted,5,radixkit,0.038542
u64,10000,13579,nearly_sorted,5,adaptive,0.038875
u64,10000,13579,nearly_sorted,5,std_sort,0.0325
u64,10000,13579,nearly_sorted,6,ska_sort_copy,0.217958
u64,10000,13579,nearly_sorted,6,radixkit,0.0385
u64,10000,13579,nearly_sorted,6,adaptive,0.038917
u64,10000,13579,nearly_sorted,6,std_sort,0.032459
u64,10000,13579,nearly_sorted,6,ska_sort,0.214708
u64,10000,13579,nearly_sorted,7,radixkit,0.038375
u64,10000,13579,nearly_sorted,7,adaptive,0.038958
u64,10000,13579,nearly_sorted,7,std_sort,0.03275
u64,10000,13579,nearly_sorted,7,ska_sort,0.215708
u64,10000,13579,nearly_sorted,7,ska_sort_copy,0.2155
u64,10000,13579,nearly_sorted,8,adaptive,0.038875
u64,10000,13579,nearly_sorted,8,std_sort,0.032459
u64,10000,13579,nearly_sorted,8,ska_sort,0.216458
u64,10000,13579,nearly_sorted,8,ska_sort_copy,0.216041
u64,10000,13579,nearly_sorted,8,radixkit,0.038417
kv32,10000,13579,uniform,0,ska_sort,0.172792
kv32,10000,13579,uniform,0,ska_sort_copy,0.040042
kv32,10000,13579,uniform,0,radixkit,0.052708
kv32,10000,13579,uniform,0,std_sort,0.375458
kv32,10000,13579,uniform,1,ska_sort_copy,0.045125
kv32,10000,13579,uniform,1,radixkit,0.054708
kv32,10000,13579,uniform,1,std_sort,0.366083
kv32,10000,13579,uniform,1,ska_sort,0.15975
kv32,10000,13579,uniform,2,radixkit,0.063583
kv32,10000,13579,uniform,2,std_sort,0.368917
kv32,10000,13579,uniform,2,ska_sort,0.15425
kv32,10000,13579,uniform,2,ska_sort_copy,0.044458
kv32,10000,13579,uniform,3,std_sort,0.341
kv32,10000,13579,uniform,3,ska_sort,0.144792
kv32,10000,13579,uniform,3,ska_sort_copy,0.036875
kv32,10000,13579,uniform,3,radixkit,0.050667
kv32,10000,13579,uniform,4,ska_sort,0.137083
kv32,10000,13579,uniform,4,ska_sort_copy,0.036875
kv32,10000,13579,uniform,4,radixkit,0.050667
kv32,10000,13579,uniform,4,std_sort,0.35975
kv32,10000,13579,uniform,5,ska_sort_copy,0.037
kv32,10000,13579,uniform,5,radixkit,0.050875
kv32,10000,13579,uniform,5,std_sort,0.333125
kv32,10000,13579,uniform,5,ska_sort,0.134334
kv32,10000,13579,uniform,6,radixkit,0.05075
kv32,10000,13579,uniform,6,std_sort,0.327833
kv32,10000,13579,uniform,6,ska_sort,0.133417
kv32,10000,13579,uniform,6,ska_sort_copy,0.036792
kv32,10000,13579,uniform,7,std_sort,0.3275
kv32,10000,13579,uniform,7,ska_sort,0.133166
kv32,10000,13579,uniform,7,ska_sort_copy,0.036833
kv32,10000,13579,uniform,7,radixkit,0.050875
kv32,10000,13579,uniform,8,ska_sort,0.130708
kv32,10000,13579,uniform,8,ska_sort_copy,0.037084
kv32,10000,13579,uniform,8,radixkit,0.050458
kv32,10000,13579,uniform,8,std_sort,0.331708
kv32,10000,13579,uniform16,0,ska_sort,0.186875
kv32,10000,13579,uniform16,0,ska_sort_copy,0.081875
kv32,10000,13579,uniform16,0,radixkit,0.038875
kv32,10000,13579,uniform16,0,std_sort,0.360375
kv32,10000,13579,uniform16,1,ska_sort_copy,0.076917
kv32,10000,13579,uniform16,1,radixkit,0.041833
kv32,10000,13579,uniform16,1,std_sort,0.349667
kv32,10000,13579,uniform16,1,ska_sort,0.192667
kv32,10000,13579,uniform16,2,radixkit,0.038917
kv32,10000,13579,uniform16,2,std_sort,0.350958
kv32,10000,13579,uniform16,2,ska_sort,0.19075
kv32,10000,13579,uniform16,2,ska_sort_copy,0.079709
kv32,10000,13579,uniform16,3,std_sort,0.349375
kv32,10000,13579,uniform16,3,ska_sort,0.2295
kv32,10000,13579,uniform16,3,ska_sort_copy,0.080042
kv32,10000,13579,uniform16,3,radixkit,0.038125
kv32,10000,13579,uniform16,4,ska_sort,0.20425
kv32,10000,13579,uniform16,4,ska_sort_copy,0.079833
kv32,10000,13579,uniform16,4,radixkit,0.040084
kv32,10000,13579,uniform16,4,std_sort,0.374834
kv32,10000,13579,uniform16,5,ska_sort_copy,0.07675
kv32,10000,13579,uniform16,5,radixkit,0.037458
kv32,10000,13579,uniform16,5,std_sort,0.341542
kv32,10000,13579,uniform16,5,ska_sort,0.185042
kv32,10000,13579,uniform16,6,radixkit,0.039625
kv32,10000,13579,uniform16,6,std_sort,0.3485
kv32,10000,13579,uniform16,6,ska_sort,0.180916
kv32,10000,13579,uniform16,6,ska_sort_copy,0.077
kv32,10000,13579,uniform16,7,std_sort,0.332917
kv32,10000,13579,uniform16,7,ska_sort,0.178917
kv32,10000,13579,uniform16,7,ska_sort_copy,0.077042
kv32,10000,13579,uniform16,7,radixkit,0.037459
kv32,10000,13579,uniform16,8,ska_sort,0.175834
kv32,10000,13579,uniform16,8,ska_sort_copy,0.077042
kv32,10000,13579,uniform16,8,radixkit,0.0375
kv32,10000,13579,uniform16,8,std_sort,0.333584
kv32,10000,13579,zeros99,0,ska_sort,0.126792
kv32,10000,13579,zeros99,0,ska_sort_copy,0.105875
kv32,10000,13579,zeros99,0,radixkit,0.082834
kv32,10000,13579,zeros99,0,std_sort,0.279333
kv32,10000,13579,zeros99,1,ska_sort_copy,0.105916
kv32,10000,13579,zeros99,1,radixkit,0.082542
kv32,10000,13579,zeros99,1,std_sort,0.286042
kv32,10000,13579,zeros99,1,ska_sort,0.126209
kv32,10000,13579,zeros99,2,radixkit,0.082542
kv32,10000,13579,zeros99,2,std_sort,0.27875
kv32,10000,13579,zeros99,2,ska_sort,0.126292
kv32,10000,13579,zeros99,2,ska_sort_copy,0.109583
kv32,10000,13579,zeros99,3,std_sort,0.289792
kv32,10000,13579,zeros99,3,ska_sort,0.130333
kv32,10000,13579,zeros99,3,ska_sort_copy,0.109667
kv32,10000,13579,zeros99,3,radixkit,0.087167
kv32,10000,13579,zeros99,4,ska_sort,0.130625
kv32,10000,13579,zeros99,4,ska_sort_copy,0.113792
kv32,10000,13579,zeros99,4,radixkit,0.085833
kv32,10000,13579,zeros99,4,std_sort,0.329542
kv32,10000,13579,zeros99,5,ska_sort_copy,0.114042
kv32,10000,13579,zeros99,5,radixkit,0.087208
kv32,10000,13579,zeros99,5,std_sort,0.30975
kv32,10000,13579,zeros99,5,ska_sort,0.129125
kv32,10000,13579,zeros99,6,radixkit,0.082583
kv32,10000,13579,zeros99,6,std_sort,0.282708
kv32,10000,13579,zeros99,6,ska_sort,0.126917
kv32,10000,13579,zeros99,6,ska_sort_copy,0.105958
kv32,10000,13579,zeros99,7,std_sort,0.293042
kv32,10000,13579,zeros99,7,ska_sort,0.126458
kv32,10000,13579,zeros99,7,ska_sort_copy,0.105916
kv32,10000,13579,zeros99,7,radixkit,0.082375
kv32,10000,13579,zeros99,8,ska_sort,0.126667
kv32,10000,13579,zeros99,8,ska_sort_copy,0.106
kv32,10000,13579,zeros99,8,radixkit,0.082375
kv32,10000,13579,zeros99,8,std_sort,0.282792
kv32,10000,13579,equal,0,ska_sort,0.084583
kv32,10000,13579,equal,0,ska_sort_copy,0.104791
kv32,10000,13579,equal,0,radixkit,0.012208
kv32,10000,13579,equal,0,std_sort,0.006792
kv32,10000,13579,equal,1,ska_sort_copy,0.104917
kv32,10000,13579,equal,1,radixkit,0.012208
kv32,10000,13579,equal,1,std_sort,0.006709
kv32,10000,13579,equal,1,ska_sort,0.085583
kv32,10000,13579,equal,2,radixkit,0.012208
kv32,10000,13579,equal,2,std_sort,0.006709
kv32,10000,13579,equal,2,ska_sort,0.085167
kv32,10000,13579,equal,2,ska_sort_copy,0.104833
kv32,10000,13579,equal,3,std_sort,0.006708
kv32,10000,13579,equal,3,ska_sort,0.0845
kv32,10000,13579,equal,3,ska_sort_copy,0.104791
kv32,10000,13579,equal,3,radixkit,0.012292
kv32,10000,13579,equal,4,ska_sort,0.085125
kv32,10000,13579,equal,4,ska_sort_copy,0.10475
kv32,10000,13579,equal,4,radixkit,0.012208
kv32,10000,13579,equal,4,std_sort,0.006708
kv32,10000,13579,equal,5,ska_sort_copy,0.104834
kv32,10000,13579,equal,5,radixkit,0.01225
kv32,10000,13579,equal,5,std_sort,0.00675
kv32,10000,13579,equal,5,ska_sort,0.084667
kv32,10000,13579,equal,6,radixkit,0.012292
kv32,10000,13579,equal,6,std_sort,0.00675
kv32,10000,13579,equal,6,ska_sort,0.084916
kv32,10000,13579,equal,6,ska_sort_copy,0.104875
kv32,10000,13579,equal,7,std_sort,0.00675
kv32,10000,13579,equal,7,ska_sort,0.086792
kv32,10000,13579,equal,7,ska_sort_copy,0.106959
kv32,10000,13579,equal,7,radixkit,0.012209
kv32,10000,13579,equal,8,ska_sort,0.085625
kv32,10000,13579,equal,8,ska_sort_copy,0.110709
kv32,10000,13579,equal,8,radixkit,0.012209
kv32,10000,13579,equal,8,std_sort,0.006708
kv32,10000,13579,ascending,0,ska_sort,0.11775
kv32,10000,13579,ascending,0,ska_sort_copy,0.088125
kv32,10000,13579,ascending,0,radixkit,0.041291
kv32,10000,13579,ascending,0,std_sort,0.007208
kv32,10000,13579,ascending,1,ska_sort_copy,0.087166
kv32,10000,13579,ascending,1,radixkit,0.041459
kv32,10000,13579,ascending,1,std_sort,0.007125
kv32,10000,13579,ascending,1,ska_sort,0.1175
kv32,10000,13579,ascending,2,radixkit,0.041458
kv32,10000,13579,ascending,2,std_sort,0.007041
kv32,10000,13579,ascending,2,ska_sort,0.118458
kv32,10000,13579,ascending,2,ska_sort_copy,0.08775
kv32,10000,13579,ascending,3,std_sort,0.007333
kv32,10000,13579,ascending,3,ska_sort,0.117458
kv32,10000,13579,ascending,3,ska_sort_copy,0.103792
kv32,10000,13579,ascending,3,radixkit,0.052
kv32,10000,13579,ascending,4,ska_sort,0.1175
kv32,10000,13579,ascending,4,ska_sort_copy,0.085125
kv32,10000,13579,ascending,4,radixkit,0.049167
kv32,10000,13579,ascending,4,std_sort,0.007458
kv32,10000,13579,ascending,5,ska_sort_copy,0.099708
kv32,10000,13579,ascending,5,radixkit,0.042083
kv32,10000,13579,ascending,5,std_sort,0.007125
kv32,10000,13579,ascending,5,ska_sort,0.114375
kv32,10000,13579,ascending,6,radixkit,0.046166
kv32,10000,13579,ascending,6,std_sort,0.007291
kv32,10000,13579,ascending,6,ska_sort,0.115083
kv32,10000,13579,ascending,6,ska_sort_copy,0.087917
kv32,10000,13579,ascending,7,std_sort,0.006875
kv32,10000,13579,ascending,7,ska_sort,0.113834
kv32,10000,13579,ascending,7,ska_sort_copy,0.085167
kv32,10000,13579,ascending,7,radixkit,0.039792
kv32,10000,13579,ascending,8,ska_sort,0.128916
kv32,10000,13579,ascending,8,ska_sort_copy,0.084875
kv32,10000,13579,ascending,8,radixkit,0.039958
kv32,10000,13579,ascending,8,std_sort,0.006833
kv32,10000,13579,descending,0,ska_sort,0.126333
kv32,10000,13579,descending,0,ska_sort_copy,0.084958
kv32,10000,13579,descending,0,radixkit,0.040458
kv32,10000,13579,descending,0,std_sort,0.011083
kv32,10000,13579,descending,1,ska_sort_copy,0.084291
kv32,10000,13579,descending,1,radixkit,0.040375
kv32,10000,13579,descending,1,std_sort,0.011042
kv32,10000,13579,descending,1,ska_sort,0.129708
kv32,10000,13579,descending,2,radixkit,0.040375
kv32,10000,13579,descending,2,std_sort,0.010958
kv32,10000,13579,descending,2,ska_sort,0.127458
kv32,10000,13579,descending,2,ska_sort_copy,0.084917
kv32,10000,13579,descending,3,std_sort,0.010833
kv32,10000,13579,descending,3,ska_sort,0.126541
kv32,10000,13579,descending,3,ska_sort_copy,0.085333
kv32,10000,13579,descending,3,radixkit,0.040333
kv32,10000,13579,descending,4,ska_sort,0.12725
kv32,10000,13579,descending,4,ska_sort_copy,0.083875
kv32,10000,13579,descending,4,radixkit,0.040292
kv32,10000,13579,descending,4,std_sort,0.010875
kv32,10000,13579,descending,5,ska_sort_copy,0.083459
kv32,10000,13579,descending,5,radixkit,0.040417
kv32,10000,13579,descending,5,std_sort,0.010875
kv32,10000,13579,descending,5,ska_sort,0.127041
kv32,10000,13579,descending,6,radixkit,0.040209
kv32,10000,13579,descending,6,std_sort,0.010917
kv32,10000,13579,descending,6,ska_sort,0.126875
kv32,10000,13579,descending,6,ska_sort_copy,0.08525
kv32,10000,13579,descending,7,std_sort,0.010875
kv32,10000,13579,descending,7,ska_sort,0.12625
kv32,10000,13579,descending,7,ska_sort_copy,0.083917
kv32,10000,13579,descending,7,radixkit,0.040375
kv32,10000,13579,descending,8,ska_sort,0.126542
kv32,10000,13579,descending,8,ska_sort_copy,0.085083
kv32,10000,13579,descending,8,radixkit,0.040333
kv32,10000,13579,descending,8,std_sort,0.010916
kv32,10000,13579,sparse8,0,ska_sort,0.195709
kv32,10000,13579,sparse8,0,ska_sort_copy,0.079917
kv32,10000,13579,sparse8,0,radixkit,0.06025
kv32,10000,13579,sparse8,0,std_sort,0.253958
kv32,10000,13579,sparse8,1,ska_sort_copy,0.071584
kv32,10000,13579,sparse8,1,radixkit,0.058458
kv32,10000,13579,sparse8,1,std_sort,0.249667
kv32,10000,13579,sparse8,1,ska_sort,0.206041
kv32,10000,13579,sparse8,2,radixkit,0.0615
kv32,10000,13579,sparse8,2,std_sort,0.257042
kv32,10000,13579,sparse8,2,ska_sort,0.210791
kv32,10000,13579,sparse8,2,ska_sort_copy,0.073458
kv32,10000,13579,sparse8,3,std_sort,0.316
kv32,10000,13579,sparse8,3,ska_sort,0.205625
kv32,10000,13579,sparse8,3,ska_sort_copy,0.072834
kv32,10000,13579,sparse8,3,radixkit,0.060666
kv32,10000,13579,sparse8,4,ska_sort,0.221417
kv32,10000,13579,sparse8,4,ska_sort_copy,0.071291
kv32,10000,13579,sparse8,4,radixkit,0.066125
kv32,10000,13579,sparse8,4,std_sort,0.240166
kv32,10000,13579,sparse8,5,ska_sort_copy,0.078
kv32,10000,13579,sparse8,5,radixkit,0.056458
kv32,10000,13579,sparse8,5,std_sort,0.2285
kv32,10000,13579,sparse8,5,ska_sort,0.199041
kv32,10000,13579,sparse8,6,radixkit,0.0565
kv32,10000,13579,sparse8,6,std_sort,0.226875
kv32,10000,13579,sparse8,6,ska_sort,0.191084
kv32,10000,13579,sparse8,6,ska_sort_copy,0.0685
kv32,10000,13579,sparse8,7,std_sort,0.219417
kv32,10000,13579,sparse8,7,ska_sort,0.188791
kv32,10000,13579,sparse8,7,ska_sort_copy,0.0685
kv32,10000,13579,sparse8,7,radixkit,0.056083
kv32,10000,13579,sparse8,8,ska_sort,0.187083
kv32,10000,13579,sparse8,8,ska_sort_copy,0.0685
kv32,10000,13579,sparse8,8,radixkit,0.056459
kv32,10000,13579,sparse8,8,std_sort,0.217416
kv32,10000,13579,nearly_sorted,0,ska_sort,0.131167
kv32,10000,13579,nearly_sorted,0,ska_sort_copy,0.085167
kv32,10000,13579,nearly_sorted,0,radixkit,0.039792
kv32,10000,13579,nearly_sorted,0,std_sort,0.030416
kv32,10000,13579,nearly_sorted,1,ska_sort_copy,0.085208
kv32,10000,13579,nearly_sorted,1,radixkit,0.039958
kv32,10000,13579,nearly_sorted,1,std_sort,0.030125
kv32,10000,13579,nearly_sorted,1,ska_sort,0.131167
kv32,10000,13579,nearly_sorted,2,radixkit,0.040292
kv32,10000,13579,nearly_sorted,2,std_sort,0.030292
kv32,10000,13579,nearly_sorted,2,ska_sort,0.135041
kv32,10000,13579,nearly_sorted,2,ska_sort_copy,0.085792
kv32,10000,13579,nearly_sorted,3,std_sort,0.030125
kv32,10000,13579,nearly_sorted,3,ska_sort,0.138
kv32,10000,13579,nearly_sorted,3,ska_sort_copy,0.088625
kv32,10000,13579,nearly_sorted,3,radixkit,0.040167
kv32,10000,13579,nearly_sorted,4,ska_sort,0.138625
kv32,10000,13579,nearly_sorted,4,ska_sort_copy,0.087041
kv32,10000,13579,nearly_sorted,4,radixkit,0.041416
kv32,10000,13579,nearly_sorted,4,std_sort,0.03225
kv32,10000,13579,nearly_sorted,5,ska_sort_copy,0.087583
kv32,10000,13579,nearly_sorted,5,radixkit,0.041292
kv32,10000,13579,nearly_sorted,5,std_sort,0.031
kv32,10000,13579,nearly_sorted,5,ska_sort,0.13525
kv32,10000,13579,nearly_sorted,6,radixkit,0.041875
kv32,10000,13579,nearly_sorted,6,std_sort,0.030917
kv32,10000,13579,nearly_sorted,6,ska_sort,0.135125
kv32,10000,13579,nearly_sorted,6,ska_sort_copy,0.088166
kv32,10000,13579,nearly_sorted,7,std_sort,0.030834
kv32,10000,13579,nearly_sorted,7,ska_sort,0.134542
kv32,10000,13579,nearly_sorted,7,ska_sort_copy,0.089625
kv32,10000,13579,nearly_sorted,7,radixkit,0.04125
kv32,10000,13579,nearly_sorted,8,ska_sort,0.154208
kv32,10000,13579,nearly_sorted,8,ska_sort_copy,0.097875
kv32,10000,13579,nearly_sorted,8,radixkit,0.041958
kv32,10000,13579,nearly_sorted,8,std_sort,0.037625
kv64,10000,13579,uniform,0,ska_sort,0.1365
kv64,10000,13579,uniform,0,ska_sort_copy,0.132083
kv64,10000,13579,uniform,0,radixkit,0.066792
kv64,10000,13579,uniform,0,std_sort,0.335459
kv64,10000,13579,uniform,1,ska_sort_copy,0.12875
kv64,10000,13579,uniform,1,radixkit,0.067167
kv64,10000,13579,uniform,1,std_sort,0.330208
kv64,10000,13579,uniform,1,ska_sort,0.128333
kv64,10000,13579,uniform,2,radixkit,0.066917
kv64,10000,13579,uniform,2,std_sort,0.32775
kv64,10000,13579,uniform,2,ska_sort,0.130458
kv64,10000,13579,uniform,2,ska_sort_copy,0.126042
kv64,10000,13579,uniform,3,std_sort,0.327791
kv64,10000,13579,uniform,3,ska_sort,0.126083
kv64,10000,13579,uniform,3,ska_sort_copy,0.126875
kv64,10000,13579,uniform,3,radixkit,0.066541
kv64,10000,13579,uniform,4,ska_sort,0.122834
kv64,10000,13579,uniform,4,ska_sort_copy,0.121791
kv64,10000,13579,uniform,4,radixkit,0.066583
kv64,10000,13579,uniform,4,std_sort,0.348792
kv64,10000,13579,uniform,5,ska_sort_copy,0.124541
kv64,10000,13579,uniform,5,radixkit,0.067042
kv64,10000,13579,uniform,5,std_sort,0.326958
kv64,10000,13579,uniform,5,ska_sort,0.124167
kv64,10000,13579,uniform,6,radixkit,0.0685
kv64,10000,13579,uniform,6,std_sort,0.332125
kv64,10000,13579,uniform,6,ska_sort,0.124542
kv64,10000,13579,uniform,6,ska_sort_copy,0.122708
kv64,10000,13579,uniform,7,std_sort,0.326833
kv64,10000,13579,uniform,7,ska_sort,0.127167
kv64,10000,13579,uniform,7,ska_sort_copy,0.181667
kv64,10000,13579,uniform,7,radixkit,0.070542
kv64,10000,13579,uniform,8,ska_sort,0.147209
kv64,10000,13579,uniform,8,ska_sort_copy,0.138959
kv64,10000,13579,uniform,8,radixkit,0.071291
kv64,10000,13579,uniform,8,std_sort,0.392
kv64,10000,13579,uniform16,0,ska_sort,0.274041
kv64,10000,13579,uniform16,0,ska_sort_copy,0.261833
kv64,10000,13579,uniform16,0,radixkit,0.041834
kv64,10000,13579,uniform16,0,std_sort,0.345083
kv64,10000,13579,uniform16,1,ska_sort_copy,0.261458
kv64,10000,13579,uniform16,1,radixkit,0.041792
kv64,10000,13579,uniform16,1,std_sort,0.336458
kv64,10000,13579,uniform16,1,ska_sort,0.261958
kv64,10000,13579,uniform16,2,radixkit,0.041875
kv64,10000,13579,uniform16,2,std_sort,0.335417
kv64,10000,13579,uniform16,2,ska_sort,0.261375
kv64,10000,13579,uniform16,2,ska_sort_copy,0.258208
kv64,10000,13579,uniform16,3,std_sort,0.335917
kv64,10000,13579,uniform16,3,ska_sort,0.262875
kv64,10000,13579,uniform16,3,ska_sort_copy,0.259208
kv64,10000,13579,uniform16,3,radixkit,0.042709
kv64,10000,13579,uniform16,4,ska_sort,0.258125
kv64,10000,13579,uniform16,4,ska_sort_copy,0.257459
kv64,10000,13579,uniform16,4,radixkit,0.042042
kv64,10000,13579,uniform16,4,std_sort,0.344583
kv64,10000,13579,uniform16,5,ska_sort_copy,0.278667
kv64,10000,13579,uniform16,5,radixkit,0.042791
kv64,10000,13579,uniform16,5,std_sort,0.349167
kv64,10000,13579,uniform16,5,ska_sort,0.268625
kv64,10000,13579,uniform16,6,radixkit,0.043417
kv64,10000,13579,uniform16,6,std_sort,0.3465
kv64,10000,13579,uniform16,6,ska_sort,0.2705
kv64,10000,13579,uniform16,6,ska_sort_copy,0.321459
kv64,10000,13579,uniform16,7,std_sort,0.374834
kv64,10000,13579,uniform16,7,ska_sort,0.312833
kv64,10000,13579,uniform16,7,ska_sort_copy,0.28725
kv64,10000,13579,uniform16,7,radixkit,0.043292
kv64,10000,13579,uniform16,8,ska_sort,0.269166
kv64,10000,13579,uniform16,8,ska_sort_copy,0.274
kv64,10000,13579,uniform16,8,radixkit,0.042167
kv64,10000,13579,uniform16,8,std_sort,0.353208
kv64,10000,13579,zeros99,0,ska_sort,0.188791
kv64,10000,13579,zeros99,0,ska_sort_copy,0.19225
kv64,10000,13579,zeros99,0,radixkit,0.005167
kv64,10000,13579,zeros99,0,std_sort,0.278083
kv64,10000,13579,zeros99,1,ska_sort_copy,0.189375
kv64,10000,13579,zeros99,1,radixkit,0.004958
kv64,10000,13579,zeros99,1,std_sort,0.277583
kv64,10000,13579,zeros99,1,ska_sort,0.188708
kv64,10000,13579,zeros99,2,radixkit,0.004875
kv64,10000,13579,zeros99,2,std_sort,0.277416
kv64,10000,13579,zeros99,2,ska_sort,0.188
kv64,10000,13579,zeros99,2,ska_sort_copy,0.191209
kv64,10000,13579,zeros99,3,std_sort,0.27775
kv64,10000,13579,zeros99,3,ska_sort,0.19175
kv64,10000,13579,zeros99,3,ska_sort_copy,0.190834
kv64,10000,13579,zeros99,3,radixkit,0.004791
kv64,10000,13579,zeros99,4,ska_sort,0.189041
kv64,10000,13579,zeros99,4,ska_sort_copy,0.188375
kv64,10000,13579,zeros99,4,radixkit,0.004792
kv64,10000,13579,zeros99,4,std_sort,0.278
kv64,10000,13579,zeros99,5,ska_sort_copy,0.208083
kv64,10000,13579,zeros99,5,radixkit,0.00575
kv64,10000,13579,zeros99,5,std_sort,0.290125
kv64,10000,13579,zeros99,5,ska_sort,0.197459
kv64,10000,13579,zeros99,6,radixkit,0.0045
kv64,10000,13579,zeros99,6,std_sort,0.293125
kv64,10000,13579,zeros99,6,ska_sort,0.202959
kv64,10000,13579,zeros99,6,ska_sort_copy,0.2005
kv64,10000,13579,zeros99,7,std_sort,0.328417
kv64,10000,13579,zeros99,7,ska_sort,0.216625
kv64,10000,13579,zeros99,7,ska_sort_copy,0.202833
kv64,10000,13579,zeros99,7,radixkit,0.008208
kv64,10000,13579,zeros99,8,ska_sort,0.20375
kv64,10000,13579,zeros99,8,ska_sort_copy,0.189084
kv64,10000,13579,zeros99,8,radixkit,0.004875
kv64,10000,13579,zeros99,8,std_sort,0.287084
kv64,10000,13579,equal,0,ska_sort,0.169208
kv64,10000,13579,equal,0,ska_sort_copy,0.174375
kv64,10000,13579,equal,0,radixkit,0.002
kv64,10000,13579,equal,0,std_sort,0.009458
kv64,10000,13579,equal,1,ska_sort_copy,0.171208
kv64,10000,13579,equal,1,radixkit,0.001958
kv64,10000,13579,equal,1,std_sort,0.009458
kv64,10000,13579,equal,1,ska_sort,0.168667
kv64,10000,13579,equal,2,radixkit,0.001959
kv64,10000,13579,equal,2,std_sort,0.0095
kv64,10000,13579,equal,2,ska_sort,0.168875
kv64,10000,13579,equal,2,ska_sort_copy,0.170958
kv64,10000,13579,equal,3,std_sort,0.009917
kv64,10000,13579,equal,3,ska_sort,0.170667
kv64,10000,13579,equal,3,ska_sort_copy,0.16975
kv64,10000,13579,equal,3,radixkit,0.001958
kv64,10000,13579,equal,4,ska_sort,0.168542
kv64,10000,13579,equal,4,ska_sort_copy,0.174542
kv64,10000,13579,equal,4,radixkit,0.001958
kv64,10000,13579,equal,4,std_sort,0.009458
kv64,10000,13579,equal,5,ska_sort_copy,0.17225
kv64,10000,13579,equal,5,radixkit,0.001958
kv64,10000,13579,equal,5,std_sort,0.009458
kv64,10000,13579,equal,5,ska_sort,0.168
kv64,10000,13579,equal,6,radixkit,0.002
kv64,10000,13579,equal,6,std_sort,0.009458
kv64,10000,13579,equal,6,ska_sort,0.168
kv64,10000,13579,equal,6,ska_sort_copy,0.169417
kv64,10000,13579,equal,7,std_sort,0.009833
kv64,10000,13579,equal,7,ska_sort,0.177583
kv64,10000,13579,equal,7,ska_sort_copy,0.169208
kv64,10000,13579,equal,7,radixkit,0.002042
kv64,10000,13579,equal,8,ska_sort,0.173291
kv64,10000,13579,equal,8,ska_sort_copy,0.176542
kv64,10000,13579,equal,8,radixkit,0.002042
kv64,10000,13579,equal,8,std_sort,0.009833
kv64,10000,13579,ascending,0,ska_sort,0.205125
kv64,10000,13579,ascending,0,ska_sort_copy,0.205667
kv64,10000,13579,ascending,0,radixkit,0.006291
kv64,10000,13579,ascending,0,std_sort,0.009917
kv64,10000,13579,ascending,1,ska_sort_copy,0.205666
kv64,10000,13579,ascending,1,radixkit,0.006583
kv64,10000,13579,ascending,1,std_sort,0.009834
kv64,10000,13579,ascending,1,ska_sort,0.226208
kv64,10000,13579,ascending,2,radixkit,0.006208
kv64,10000,13579,ascending,2,std_sort,0.010334
kv64,10000,13579,ascending,2,ska_sort,0.201625
kv64,10000,13579,ascending,2,ska_sort_copy,0.20375
kv64,10000,13579,ascending,3,std_sort,0.010375
kv64,10000,13579,ascending,3,ska_sort,0.198375
kv64,10000,13579,ascending,3,ska_sort_copy,0.209333
kv64,10000,13579,ascending,3,radixkit,0.006083
kv64,10000,13579,ascending,4,ska_sort,0.198834
kv64,10000,13579,ascending,4,ska_sort_copy,0.197625
kv64,10000,13579,ascending,4,radixkit,0.00625
kv64,10000,13579,ascending,4,std_sort,0.009833
kv64,10000,13579,ascending,5,ska_sort_copy,0.212833
kv64,10000,13579,ascending,5,radixkit,0.006209
kv64,10000,13579,ascending,5,std_sort,0.009583
kv64,10000,13579,ascending,5,ska_sort,0.198917
kv64,10000,13579,ascending,6,radixkit,0.006125
kv64,10000,13579,ascending,6,std_sort,0.009958
kv64,10000,13579,ascending,6,ska_sort,0.201417
kv64,10000,13579,ascending,6,ska_sort_copy,0.198416
kv64,10000,13579,ascending,7,std_sort,0.009542
kv64,10000,13579,ascending,7,ska_sort,0.198541
kv64,10000,13579,ascending,7,ska_sort_copy,0.199417
kv64,10000,13579,ascending,7,radixkit,0.006084
kv64,10000,13579,ascending,8,ska_sort,0.198333
kv64,10000,13579,ascending,8,ska_sort_copy,0.199166
kv64,10000,13579,ascending,8,radixkit,0.006292
kv64,10000,13579,ascending,8,std_sort,0.009541
kv64,10000,13579,descending,0,ska_sort,0.210709
kv64,10000,13579,descending,0,ska_sort_copy,0.210458
kv64,10000,13579,descending,0,radixkit,0.009583
kv64,10000,13579,descending,0,std_sort,0.013625
kv64,10000,13579,descending,1,ska_sort_copy,0.211125
kv64,10000,13579,descending,1,radixkit,0.009542
kv64,10000,13579,descending,1,std_sort,0.013666
kv64,10000,13579,descending,1,ska_sort,0.211042
kv64,10000,13579,descending,2,radixkit,0.009584
kv64,10000,13579,descending,2,std_sort,0.01375
kv64,10000,13579,descending,2,ska_sort,0.218417
kv64,10000,13579,descending,2,ska_sort_copy,0.210083
kv64,10000,13579,descending,3,std_sort,0.013625
kv64,10000,13579,descending,3,ska_sort,0.210875
kv64,10000,13579,descending,3,ska_sort_copy,0.213041
kv64,10000,13579,descending,3,radixkit,0.009542
kv64,10000,13579,descending,4,ska_sort,0.224292
kv64,10000,13579,descending,4,ska_sort_copy,0.221875
kv64,10000,13579,descending,4,radixkit,0.009833
kv64,10000,13579,descending,4,std_sort,0.014209
kv64,10000,13579,descending,5,ska_sort_copy,0.218542
kv64,10000,13579,descending,5,radixkit,0.009959
kv64,10000,13579,descending,5,std_sort,0.014792
kv64,10000,13579,descending,5,ska_sort,0.219875
kv64,10000,13579,descending,6,radixkit,0.00975
kv64,10000,13579,descending,6,std_sort,0.014667
kv64,10000,13579,descending,6,ska_sort,0.223375
kv64,10000,13579,descending,6,ska_sort_copy,0.225458
kv64,10000,13579,descending,7,std_sort,0.014209
kv64,10000,13579,descending,7,ska_sort,0.254125
kv64,10000,13579,descending,7,ska_sort_copy,0.234792
kv64,10000,13579,descending,7,radixkit,0.010125
kv64,10000,13579,descending,8,ska_sort,0.223125
kv64,10000,13579,descending,8,ska_sort_copy,0.222167
kv64,10000,13579,descending,8,radixkit,0.009583
kv64,10000,13579,descending,8,std_sort,0.013875
kv64,10000,13579,sparse8,0,ska_sort,0.424583
kv64,10000,13579,sparse8,0,ska_sort_copy,0.420542
kv64,10000,13579,sparse8,0,radixkit,0.129833
kv64,10000,13579,sparse8,0,std_sort,0.241541
kv64,10000,13579,sparse8,1,ska_sort_copy,0.420042
kv64,10000,13579,sparse8,1,radixkit,0.130625
kv64,10000,13579,sparse8,1,std_sort,0.234125
kv64,10000,13579,sparse8,1,ska_sort,0.418625
kv64,10000,13579,sparse8,2,radixkit,0.129334
kv64,10000,13579,sparse8,2,std_sort,0.24025
kv64,10000,13579,sparse8,2,ska_sort,0.437458
kv64,10000,13579,sparse8,2,ska_sort_copy,0.455625
kv64,10000,13579,sparse8,3,std_sort,0.240834
kv64,10000,13579,sparse8,3,ska_sort,0.439292
kv64,10000,13579,sparse8,3,ska_sort_copy,0.433458
kv64,10000,13579,sparse8,3,radixkit,0.141083
kv64,10000,13579,sparse8,4,ska_sort,0.471375
kv64,10000,13579,sparse8,4,ska_sort_copy,0.468708
kv64,10000,13579,sparse8,4,radixkit,0.132458
kv64,10000,13579,sparse8,4,std_sort,0.24675
kv64,10000,13579,sparse8,5,ska_sort_copy,0.462708
kv64,10000,13579,sparse8,5,radixkit,0.129791
kv64,10000,13579,sparse8,5,std_sort,0.240333
kv64,10000,13579,sparse8,5,ska_sort,0.43025
kv64,10000,13579,sparse8,6,radixkit,0.129291
kv64,10000,13579,sparse8,6,std_sort,0.238959
kv64,10000,13579,sparse8,6,ska_sort,0.428125
kv64,10000,13579,sparse8,6,ska_sort_copy,0.425708
kv64,10000,13579,sparse8,7,std_sort,0.230916
kv64,10000,13579,sparse8,7,ska_sort,0.421292
kv64,10000,13579,sparse8,7,ska_sort_copy,0.420208
kv64,10000,13579,sparse8,7,radixkit,0.129875
kv64,10000,13579,sparse8,8,ska_sort,0.417958
kv64,10000,13579,sparse8,8,ska_sort_copy,0.431791
kv64,10000,13579,sparse8,8,radixkit,0.130625
kv64,10000,13579,sparse8,8,std_sort,0.241
kv64,10000,13579,nearly_sorted,0,ska_sort,0.224541
kv64,10000,13579,nearly_sorted,0,ska_sort_copy,0.226417
kv64,10000,13579,nearly_sorted,0,radixkit,0.049666
kv64,10000,13579,nearly_sorted,0,std_sort,0.038667
kv64,10000,13579,nearly_sorted,1,ska_sort_copy,0.2295
kv64,10000,13579,nearly_sorted,1,radixkit,0.049584
kv64,10000,13579,nearly_sorted,1,std_sort,0.036666
kv64,10000,13579,nearly_sorted,1,ska_sort,0.235875
kv64,10000,13579,nearly_sorted,2,radixkit,0.049375
kv64,10000,13579,nearly_sorted,2,std_sort,0.03575
kv64,10000,13579,nearly_sorted,2,ska_sort,0.231542
kv64,10000,13579,nearly_sorted,2,ska_sort_copy,0.218583
kv64,10000,13579,nearly_sorted,3,std_sort,0.03375
kv64,10000,13579,nearly_sorted,3,ska_sort,0.21425
kv64,10000,13579,nearly_sorted,3,ska_sort_copy,0.228417
kv64,10000,13579,nearly_sorted,3,radixkit,0.047709
kv64,10000,13579,nearly_sorted,4,ska_sort,0.213625
kv64,10000,13579,nearly_sorted,4,ska_sort_copy,0.215709
kv64,10000,13579,nearly_sorted,4,radixkit,0.04675
kv64,10000,13579,nearly_sorted,4,std_sort,0.033625
kv64,10000,13579,nearly_sorted,5,ska_sort_copy,0.214625
kv64,10000,13579,nearly_sorted,5,radixkit,0.046708
kv64,10000,13579,nearly_sorted,5,std_sort,0.033375
kv64,10000,13579,nearly_sorted,5,ska_sort,0.221666
kv64,10000,13579,nearly_sorted,6,radixkit,0.046917
kv64,10000,13579,nearly_sorted,6,std_sort,0.033209
kv64,10000,13579,nearly_sorted,6,ska_sort,0.2185
kv64,10000,13579,nearly_sorted,6,ska_sort_copy,0.215708
kv64,10000,13579,nearly_sorted,7,std_sort,0.033167
kv64,10000,13579,nearly_sorted,7,ska_sort,0.214084
kv64,10000,13579,nearly_sorted,7,ska_sort_copy,0.215209
kv64,10000,13579,nearly_sorted,7,radixkit,0.047167
kv64,10000,13579,nearly_sorted,8,ska_sort,0.215916
kv64,10000,13579,nearly_sorted,8,ska_sort_copy,0.216042
kv64,10000,13579,nearly_sorted,8,radixkit,0.046833
kv64,10000,13579,nearly_sorted,8,std_sort,0.032833
u32,10000,24680,uniform,0,ska_sort,0.144708
u32,10000,24680,uniform,0,ska_sort_copy,0.034583
u32,10000,24680,uniform,0,radixkit,0.026375
u32,10000,24680,uniform,0,adaptive,0.026625
u32,10000,24680,uniform,0,std_sort,0.164125
u32,10000,24680,uniform,1,ska_sort_copy,0.033875
u32,10000,24680,uniform,1,radixkit,0.0255
u32,10000,24680,uniform,1,adaptive,0.02575
u32,10000,24680,uniform,1,std_sort,0.159292
u32,10000,24680,uniform,1,ska_sort,0.129208
u32,10000,24680,uniform,2,radixkit,0.0255
u32,10000,24680,uniform,2,adaptive,0.0255
u32,10000,24680,uniform,2,std_sort,0.155334
u32,10000,24680,uniform,2,ska_sort,0.129959
u32,10000,24680,uniform,2,ska_sort_copy,0.0345
u32,10000,24680,uniform,3,adaptive,0.025708
u32,10000,24680,uniform,3,std_sort,0.156958
u32,10000,24680,uniform,3,ska_sort,0.128208
u32,10000,24680,uniform,3,ska_sort_copy,0.03475
u32,10000,24680,uniform,3,radixkit,0.026
u32,10000,24680,uniform,4,std_sort,0.156875
u32,10000,24680,uniform,4,ska_sort,0.127417
u32,10000,24680,uniform,4,ska_sort_copy,0.034708
u32,10000,24680,uniform,4,radixkit,0.025917
u32,10000,24680,uniform,4,adaptive,0.02625
u32,10000,24680,uniform,5,ska_sort,0.130042
u32,10000,24680,uniform,5,ska_sort_copy,0.035042
u32,10000,24680,uniform,5,radixkit,0.025917
u32,10000,24680,uniform,5,adaptive,0.026
u32,10000,24680,uniform,5,std_sort,0.174125
u32,10000,24680,uniform,6,ska_sort_copy,0.034791
u32,10000,24680,uniform,6,radixkit,0.02675
u32,10000,24680,uniform,6,adaptive,0.026584
u32,10000,24680,uniform,6,std_sort,0.160375
u32,10000,24680,uniform,6,ska_sort,0.124375
u32,10000,24680,uniform,7,radixkit,0.026
u32,10000,24680,uniform,7,adaptive,0.02625
u32,10000,24680,uniform,7,std_sort,0.155375
u32,10000,24680,uniform,7,ska_sort,0.127042
u32,10000,24680,uniform,7,ska_sort_copy,0.034625
u32,10000,24680,uniform,8,adaptive,0.026
u32,10000,24680,uniform,8,std_sort,0.155084
u32,10000,24680,uniform,8,ska_sort,0.123708
u32,10000,24680,uniform,8,ska_sort_copy,0.033875
u32,10000,24680,uniform,8,radixkit,0.025833
u32,10000,24680,uniform16,0,ska_sort,0.197917
u32,10000,24680,uniform16,0,ska_sort_copy,0.08075
u32,10000,24680,uniform16,0,radixkit,0.022292
u32,10000,24680,uniform16,0,adaptive,0.022
u32,10000,24680,uniform16,0,std_sort,0.167208
u32,10000,24680,uniform16,1,ska_sort_copy,0.07875
u32,10000,24680,uniform16,1,radixkit,0.022292
u32,10000,24680,uniform16,1,adaptive,0.022417
u32,10000,24680,uniform16,1,std_sort,0.167708
u32,10000,24680,uniform16,1,ska_sort,0.1815
u32,10000,24680,uniform16,2,radixkit,0.022333
u32,10000,24680,uniform16,2,adaptive,0.022541
u32,10000,24680,uniform16,2,std_sort,0.164208
u32,10000,24680,uniform16,2,ska_sort,0.179833
u32,10000,24680,uniform16,2,ska_sort_copy,0.078917
u32,10000,24680,uniform16,3,adaptive,0.0225
u32,10000,24680,uniform16,3,std_sort,0.164125
u32,10000,24680,uniform16,3,ska_sort,0.178792
u32,10000,24680,uniform16,3,ska_sort_copy,0.079959
u32,10000,24680,uniform16,3,radixkit,0.02325
u32,10000,24680,uniform16,4,std_sort,0.178042
u32,10000,24680,uniform16,4,ska_sort,0.190792
u32,10000,24680,uniform16,4,ska_sort_copy,0.079459
u32,10000,24680,uniform16,4,radixkit,0.021917
u32,10000,24680,uniform16,4,adaptive,0.02225
u32,10000,24680,uniform16,5,ska_sort,0.188417
u32,10000,24680,uniform16,5,ska_sort_copy,0.079625
u32,10000,24680,uniform16,5,radixkit,0.023042
u32,10000,24680,uniform16,5,adaptive,0.023709
u32,10000,24680,uniform16,5,std_sort,0.163875
u32,10000,24680,uniform16,6,ska_sort_copy,0.078
u32,10000,24680,uniform16,6,radixkit,0.030666
u32,10000,24680,uniform16,6,adaptive,0.022209
u32,10000,24680,uniform16,6,std_sort,0.160958
u32,10000,24680,uniform16,6,ska_sort,0.177
u32,10000,24680,uniform16,7,radixkit,0.021959
u32,10000,24680,uniform16,7,adaptive,0.022042
u32,10000,24680,uniform16,7,std_sort,0.160417
u32,10000,24680,uniform16,7,ska_sort,0.175792
u32,10000,24680,uniform16,7,ska_sort_copy,0.080792
u32,10000,24680,uniform16,8,adaptive,0.031791
u32,10000,24680,uniform16,8,std_sort,0.163167
u32,10000,24680,uniform16,8,ska_sort,0.174625
u32,10000,24680,uniform16,8,ska_sort_copy,0.07825
u32,10000,24680,uniform16,8,radixkit,0.021875
u32,10000,24680,zeros99,0,ska_sort,0.106875
u32,10000,24680,zeros99,0,ska_sort_copy,0.112583
u32,10000,24680,zeros99,0,radixkit,0.08375
u32,10000,24680,zeros99,0,adaptive,0.004208
u32,10000,24680,zeros99,0,std_sort,0.008334
u32,10000,24680,zeros99,1,ska_sort_copy,0.1095
u32,10000,24680,zeros99,1,radixkit,0.086417
u32,10000,24680,zeros99,1,adaptive,0.004083
u32,10000,24680,zeros99,1,std_sort,0.007917
u32,10000,24680,zeros99,1,ska_sort,0.106334
u32,10000,24680,zeros99,2,radixkit,0.083625
u32,10000,24680,zeros99,2,adaptive,0.004041
u32,10000,24680,zeros99,2,std_sort,0.007833
u32,10000,24680,zeros99,2,ska_sort,0.10675
u32,10000,24680,zeros99,2,ska_sort_copy,0.11025
u32,10000,24680,zeros99,3,adaptive,0.004
u32,10000,24680,zeros99,3,std_sort,0.007833
u32,10000,24680,zeros99,3,ska_sort,0.107417
u32,10000,24680,zeros99,3,ska_sort_copy,0.109625
u32,10000,24680,zeros99,3,radixkit,0.082958
u32,10000,24680,zeros99,4,std_sort,0.00775
u32,10000,24680,zeros99,4,ska_sort,0.106541
u32,10000,24680,zeros99,4,ska_sort_copy,0.109583
u32,10000,24680,zeros99,4,radixkit,0.083
u32,10000,24680,zeros99,4,adaptive,0.004
u32,10000,24680,zeros99,5,ska_sort,0.107958
u32,10000,24680,zeros99,5,ska_sort_copy,0.109542
u32,10000,24680,zeros99,5,radixkit,0.083
u32,10000,24680,zeros99,5,adaptive,0.004
u32,10000,24680,zeros99,5,std_sort,0.007792
u32,10000,24680,zeros99,6,ska_sort_copy,0.109583
u32,10000,24680,zeros99,6,radixkit,0.08625
u32,10000,24680,zeros99,6,adaptive,0.004
u32,10000,24680,zeros99,6,std_sort,0.007791
u32,10000,24680,zeros99,6,ska_sort,0.10725
u32,10000,24680,zeros99,7,radixkit,0.083083
u32,10000,24680,zeros99,7,adaptive,0.004
u32,10000,24680,zeros99,7,std_sort,0.007792
u32,10000,24680,zeros99,7,ska_sort,0.106917
u32,10000,24680,zeros99,7,ska_sort_copy,0.1095
u32,10000,24680,zeros99,8,adaptive,0.004042
u32,10000,24680,zeros99,8,std_sort,0.007791
u32,10000,24680,zeros99,8,ska_sort,0.10675
u32,10000,24680,zeros99,8,ska_sort_copy,0.109542
u32,10000,24680,zeros99,8,radixkit,0.083542
u32,10000,24680,equal,0,ska_sort,0.0855
u32,10000,24680,equal,0,ska_sort_copy,0.108667
u32,10000,24680,equal,0,radixkit,0.012042
u32,10000,24680,equal,0,adaptive,0.0005
u32,10000,24680,equal,0,std_sort,0.012791
u32,10000,24680,equal,1,ska_sort_copy,0.108667
u32,10000,24680,equal,1,radixkit,0.012
u32,10000,24680,equal,1,adaptive,0.0005
u32,10000,24680,equal,1,std_sort,0.01275
u32,10000,24680,equal,1,ska_sort,0.087208
u32,10000,24680,equal,2,radixkit,0.012084
u32,10000,24680,equal,2,adaptive,0.0005
u32,10000,24680,equal,2,std_sort,0.012792
u32,10000,24680,equal,2,ska_sort,0.087541
u32,10000,24680,equal,2,ska_sort_copy,0.115958
u32,10000,24680,equal,3,adaptive,0.000542
u32,10000,24680,equal,3,std_sort,0.0135
u32,10000,24680,equal,3,ska_sort,0.091542
u32,10000,24680,equal,3,ska_sort_copy,0.114542
u32,10000,24680,equal,3,radixkit,0.01275
u32,10000,24680,equal,4,std_sort,0.013375
u32,10000,24680,equal,4,ska_sort,0.156917
u32,10000,24680,equal,4,ska_sort_copy,0.11475
u32,10000,24680,equal,4,radixkit,0.012791
u32,10000,24680,equal,4,adaptive,0.000542
u32,10000,24680,equal,5,ska_sort,0.091584
u32,10000,24680,equal,5,ska_sort_copy,0.153334
u32,10000,24680,equal,5,radixkit,0.012834
u32,10000,24680,equal,5,adaptive,0.000709
u32,10000,24680,equal,5,std_sort,0.013833
u32,10000,24680,equal,6,ska_sort_copy,0.123708
u32,10000,24680,equal,6,radixkit,0.012792
u32,10000,24680,equal,6,adaptive,0.000542
u32,10000,24680,equal,6,std_sort,0.013541
u32,10000,24680,equal,6,ska_sort,0.102625
u32,10000,24680,equal,7,radixkit,0.012792
u32,10000,24680,equal,7,adaptive,0.000584
u32,10000,24680,equal,7,std_sort,0.013583
u32,10000,24680,equal,7,ska_sort,0.091208
u32,10000,24680,equal,7,ska_sort_copy,0.114833
u32,10000,24680,equal,8,adaptive,0.000541
u32,10000,24680,equal,8,std_sort,0.013042
u32,10000,24680,equal,8,ska_sort,0.104166
u32,10000,24680,equal,8,ska_sort_copy,0.153209
u32,10000,24680,equal,8,radixkit,0.0125
u32,10000,24680,ascending,0,ska_sort,0.1185
u32,10000,24680,ascending,0,ska_sort_copy,0.073166
u32,10000,24680,ascending,0,radixkit,0.023084
u32,10000,24680,ascending,0,adaptive,0.003334
u32,10000,24680,ascending,0,std_sort,0.009792
u32,10000,24680,ascending,1,ska_sort_copy,0.073167
u32,10000,24680,ascending,1,radixkit,0.022958
u32,10000,24680,ascending,1,adaptive,0.003333
u32,10000,24680,ascending,1,std_sort,0.00975
u32,10000,24680,ascending,1,ska_sort,0.114917
u32,10000,24680,ascending,2,radixkit,0.023
u32,10000,24680,ascending,2,adaptive,0.003334
u32,10000,24680,ascending,2,std_sort,0.009667
u32,10000,24680,ascending,2,ska_sort,0.123542
u32,10000,24680,ascending,2,ska_sort_copy,0.083959
u32,10000,24680,ascending,3,adaptive,0.0035
u32,10000,24680,ascending,3,std_sort,0.009666
u32,10000,24680,ascending,3,ska_sort,0.114792
u32,10000,24680,ascending,3,ska_sort_copy,0.073083
u32,10000,24680,ascending,3,radixkit,0.023125
u32,10000,24680,ascending,4,std_sort,0.009625
u32,10000,24680,ascending,4,ska_sort,0.115541
u32,10000,24680,ascending,4,ska_sort_copy,0.073208
u32,10000,24680,ascending,4,radixkit,0.022958
u32,10000,24680,ascending,4,adaptive,0.003333
u32,10000,24680,ascending,5,ska_sort,0.113041
u32,10000,24680,ascending,5,ska_sort_copy,0.071833
u32,10000,24680,ascending,5,radixkit,0.022458
u32,10000,24680,ascending,5,adaptive,0.00325
u32,10000,24680,ascending,5,std_sort,0.0095
u32,10000,24680,ascending,6,ska_sort_copy,0.071834
u32,10000,24680,ascending,6,radixkit,0.022709
u32,10000,24680,ascending,6,adaptive,0.003208
u32,10000,24680,ascending,6,std_sort,0.0095
u32,10000,24680,ascending,6,ska_sort,0.112334
u32,10000,24680,ascending,7,radixkit,0.022625
u32,10000,24680,ascending,7,adaptive,0.00325
u32,10000,24680,ascending,7,std_sort,0.009541
u32,10000,24680,ascending,7,ska_sort,0.115125
u32,10000,24680,ascending,7,ska_sort_copy,0.071833
u32,10000,24680,ascending,8,adaptive,0.003291
u32,10000,24680,ascending,8,std_sort,0.009542
u32,10000,24680,ascending,8,ska_sort,0.112541
u32,10000,24680,ascending,8,ska_sort_copy,0.071708
u32,10000,24680,ascending,8,radixkit,0.022541
u32,10000,24680,descending,0,ska_sort,0.121708
u32,10000,24680,descending,0,ska_sort_copy,0.071833
u32,10000,24680,descending,0,radixkit,0.022625
u32,10000,24680,descending,0,adaptive,0.005042
u32,10000,24680,descending,0,std_sort,0.0165
u32,10000,24680,descending,1,ska_sort_copy,0.07175
u32,10000,24680,descending,1,radixkit,0.02275
u32,10000,24680,descending,1,adaptive,0.005084
u32,10000,24680,descending,1,std_sort,0.0165
u32,10000,24680,descending,1,ska_sort,0.121583
u32,10000,24680,descending,2,radixkit,0.022667
u32,10000,24680,descending,2,adaptive,0.005
u32,10000,24680,descending,2,std_sort,0.016459
u32,10000,24680,descending,2,ska_sort,0.123042
u32,10000,24680,descending,2,ska_sort_copy,0.073375
u32,10000,24680,descending,3,adaptive,0.005083
u32,10000,24680,descending,3,std_sort,0.016791
u32,10000,24680,descending,3,ska_sort,0.125291
u32,10000,24680,descending,3,ska_sort_copy,0.073083
u32,10000,24680,descending,3,radixkit,0.023084
u32,10000,24680,descending,4,std_sort,0.01675
u32,10000,24680,descending,4,ska_sort,0.124583
u32,10000,24680,descending,4,ska_sort_copy,0.073209
u32,10000,24680,descending,4,radixkit,0.023
u32,10000,24680,descending,4,adaptive,0.005125
u32,10000,24680,descending,5,ska_sort,0.123666
u32,10000,24680,descending,5,ska_sort_copy,0.073208
u32,10000,24680,descending,5,radixkit,0.023042
u32,10000,24680,descending,5,adaptive,0.005084
u32,10000,24680,descending,5,std_sort,0.016791
u32,10000,24680,descending,6,ska_sort_copy,0.073167
u32,10000,24680,descending,6,radixkit,0.023042
u32,10000,24680,descending,6,adaptive,0.005084
u32,10000,24680,descending,6,std_sort,0.016709
u32,10000,24680,descending,6,ska_sort,0.124291
u32,10000,24680,descending,7,radixkit,0.023083
u32,10000,24680,descending,7,adaptive,0.005083
u32,10000,24680,descending,7,std_sort,0.01675
u32,10000,24680,descending,7,ska_sort,0.124375
u32,10000,24680,descending,7,ska_sort_copy,0.073042
u32,10000,24680,descending,8,adaptive,0.005083
u32,10000,24680,descending,8,std_sort,0.016792
u32,10000,24680,descending,8,ska_sort,0.12475
u32,10000,24680,descending,8,ska_sort_copy,0.073125
u32,10000,24680,descending,8,radixkit,0.023041
u32,10000,24680,sparse8,0,ska_sort,0.191875
u32,10000,24680,sparse8,0,ska_sort_copy,0.067167
u32,10000,24680,sparse8,0,radixkit,0.035833
u32,10000,24680,sparse8,0,adaptive,0.014708
u32,10000,24680,sparse8,0,std_sort,0.10825
u32,10000,24680,sparse8,1,ska_sort_copy,0.06525
u32,10000,24680,sparse8,1,radixkit,0.036167
u32,10000,24680,sparse8,1,adaptive,0.014083
u32,10000,24680,sparse8,1,std_sort,0.098959
u32,10000,24680,sparse8,1,ska_sort,0.190583
u32,10000,24680,sparse8,2,radixkit,0.03625
u32,10000,24680,sparse8,2,adaptive,0.013916
u32,10000,24680,sparse8,2,std_sort,0.096167
u32,10000,24680,sparse8,2,ska_sort,0.185583
u32,10000,24680,sparse8,2,ska_sort_copy,0.065083
u32,10000,24680,sparse8,3,adaptive,0.013667
u32,10000,24680,sparse8,3,std_sort,0.09475
u32,10000,24680,sparse8,3,ska_sort,0.185417
u32,10000,24680,sparse8,3,ska_sort_copy,0.080375
u32,10000,24680,sparse8,3,radixkit,0.038708
u32,10000,24680,sparse8,4,std_sort,0.131708
u32,10000,24680,sparse8,4,ska_sort,0.200541
u32,10000,24680,sparse8,4,ska_sort_copy,0.074417
u32,10000,24680,sparse8,4,radixkit,0.03625
u32,10000,24680,sparse8,4,adaptive,0.016917
u32,10000,24680,sparse8,5,ska_sort,0.213666
u32,10000,24680,sparse8,5,ska_sort_copy,0.064042
u32,10000,24680,sparse8,5,radixkit,0.0355
u32,10000,24680,sparse8,5,adaptive,0.014875
u32,10000,24680,sparse8,5,std_sort,0.117125
u32,10000,24680,sparse8,6,ska_sort_copy,0.063834
u32,10000,24680,sparse8,6,radixkit,0.03575
u32,10000,24680,sparse8,6,adaptive,0.014375
u32,10000,24680,sparse8,6,std_sort,0.101875
u32,10000,24680,sparse8,6,ska_sort,0.189917
u32,10000,24680,sparse8,7,radixkit,0.046
u32,10000,24680,sparse8,7,adaptive,0.014167
u32,10000,24680,sparse8,7,std_sort,0.098792
u32,10000,24680,sparse8,7,ska_sort,0.19225
u32,10000,24680,sparse8,7,ska_sort_copy,0.064208
u32,10000,24680,sparse8,8,adaptive,0.014
u32,10000,24680,sparse8,8,std_sort,0.0975
u32,10000,24680,sparse8,8,ska_sort,0.188209
u32,10000,24680,sparse8,8,ska_sort_copy,0.063833
u32,10000,24680,sparse8,8,radixkit,0.035667
u32,10000,24680,nearly_sorted,0,ska_sort,0.131542
u32,10000,24680,nearly_sorted,0,ska_sort_copy,0.073209
u32,10000,24680,nearly_sorted,0,radixkit,0.022958
u32,10000,24680,nearly_sorted,0,adaptive,0.023417
u32,10000,24680,nearly_sorted,0,std_sort,0.035375
u32,10000,24680,nearly_sorted,1,ska_sort_copy,0.073042
u32,10000,24680,nearly_sorted,1,radixkit,0.023167
u32,10000,24680,nearly_sorted,1,adaptive,0.023375
u32,10000,24680,nearly_sorted,1,std_sort,0.034042
u32,10000,24680,nearly_sorted,1,ska_sort,0.129167
u32,10000,24680,nearly_sorted,2,radixkit,0.022917
u32,10000,24680,nearly_sorted,2,adaptive,0.023458
u32,10000,24680,nearly_sorted,2,std_sort,0.033833
u32,10000,24680,nearly_sorted,2,ska_sort,0.129833
u32,10000,24680,nearly_sorted,2,ska_sort_copy,0.073166
u32,10000,24680,nearly_sorted,3,adaptive,0.023208
u32,10000,24680,nearly_sorted,3,std_sort,0.033334
u32,10000,24680,nearly_sorted,3,ska_sort,0.129834
u32,10000,24680,nearly_sorted,3,ska_sort_copy,0.072
u32,10000,24680,nearly_sorted,3,radixkit,0.022583
u32,10000,24680,nearly_sorted,4,std_sort,0.032542
u32,10000,24680,nearly_sorted,4,ska_sort,0.1265
u32,10000,24680,nearly_sorted,4,ska_sort_copy,0.07175
u32,10000,24680,nearly_sorted,4,radixkit,0.022666
u32,10000,24680,nearly_sorted,4,adaptive,0.022875
u32,10000,24680,nearly_sorted,5,ska_sort,0.129416
u32,10000,24680,nearly_sorted,5,ska_sort_copy,0.071709
u32,10000,24680,nearly_sorted,5,radixkit,0.022416
u32,10000,24680,nearly_sorted,5,adaptive,0.022875
u32,10000,24680,nearly_sorted,5,std_sort,0.032375
u32,10000,24680,nearly_sorted,6,ska_sort_copy,0.071708
u32,10000,24680,nearly_sorted,6,radixkit,0.022458
u32,10000,24680,nearly_sorted,6,adaptive,0.02275
u32,10000,24680,nearly_sorted,6,std_sort,0.032333
u32,10000,24680,nearly_sorted,6,ska_sort,0.12675
u32,10000,24680,nearly_sorted,7,radixkit,0.02325
u32,10000,24680,nearly_sorted,7,adaptive,0.022833
u32,10000,24680,nearly_sorted,7,std_sort,0.032416
u32,10000,24680,nearly_sorted,7,ska_sort,0.130833
u32,10000,24680,nearly_sorted,7,ska_sort_copy,0.075292
u32,10000,24680,nearly_sorted,8,adaptive,0.022959
u32,10000,24680,nearly_sorted,8,std_sort,0.032375
u32,10000,24680,nearly_sorted,8,ska_sort,0.12675
u32,10000,24680,nearly_sorted,8,ska_sort_copy,0.071791
u32,10000,24680,nearly_sorted,8,radixkit,0.022583
u64,10000,24680,uniform,0,ska_sort,0.125834
u64,10000,24680,uniform,0,ska_sort_copy,0.120125
u64,10000,24680,uniform,0,radixkit,0.049375
u64,10000,24680,uniform,0,adaptive,0.049708
u64,10000,24680,uniform,0,std_sort,0.171666
u64,10000,24680,uniform,1,ska_sort_copy,0.127916
u64,10000,24680,uniform,1,radixkit,0.05325
u64,10000,24680,uniform,1,adaptive,0.053292
u64,10000,24680,uniform,1,std_sort,0.330917
u64,10000,24680,uniform,1,ska_sort,0.136042
u64,10000,24680,uniform,2,radixkit,0.053916
u64,10000,24680,uniform,2,adaptive,0.063375
u64,10000,24680,uniform,2,std_sort,0.250166
u64,10000,24680,uniform,2,ska_sort,0.213125
u64,10000,24680,uniform,2,ska_sort_copy,0.141375
u64,10000,24680,uniform,3,adaptive,0.0505
u64,10000,24680,uniform,3,std_sort,0.182
u64,10000,24680,uniform,3,ska_sort,0.129083
u64,10000,24680,uniform,3,ska_sort_copy,0.1215
u64,10000,24680,uniform,3,radixkit,0.04975
u64,10000,24680,uniform,4,std_sort,0.1665
u64,10000,24680,uniform,4,ska_sort,0.124125
u64,10000,24680,uniform,4,ska_sort_copy,0.12375
u64,10000,24680,uniform,4,radixkit,0.051
u64,10000,24680,uniform,4,adaptive,0.049541
u64,10000,24680,uniform,5,ska_sort,0.109125
u64,10000,24680,uniform,5,ska_sort_copy,0.108625
u64,10000,24680,uniform,5,radixkit,0.05025
u64,10000,24680,uniform,5,adaptive,0.050208
u64,10000,24680,uniform,5,std_sort,0.171084
u64,10000,24680,uniform,6,ska_sort_copy,0.110708
u64,10000,24680,uniform,6,radixkit,0.050125
u64,10000,24680,uniform,6,adaptive,0.050375
u64,10000,24680,uniform,6,std_sort,0.166459
u64,10000,24680,uniform,6,ska_sort,0.107666
u64,10000,24680,uniform,7,radixkit,0.050625
u64,10000,24680,uniform,7,adaptive,0.050416
u64,10000,24680,uniform,7,std_sort,0.166
u64,10000,24680,uniform,7,ska_sort,0.107375
u64,10000,24680,uniform,7,ska_sort_copy,0.107125
u64,10000,24680,uniform,8,adaptive,0.050084
u64,10000,24680,uniform,8,std_sort,0.165667
u64,10000,24680,uniform,8,ska_sort,0.106583
u64,10000,24680,uniform,8,ska_sort_copy,0.106125
u64,10000,24680,uniform,8,radixkit,0.050417
u64,10000,24680,uniform16,0,ska_sort,0.265583
u64,10000,24680,uniform16,0,ska_sort_copy,0.262625
u64,10000,24680,uniform16,0,radixkit,0.037709
u64,10000,24680,uniform16,0,adaptive,0.037666
u64,10000,24680,uniform16,0,std_sort,0.169875
u64,10000,24680,uniform16,1,ska_sort_copy,0.262209
u64,10000,24680,uniform16,1,radixkit,0.037625
u64,10000,24680,uniform16,1,adaptive,0.03775
u64,10000,24680,uniform16,1,std_sort,0.171
u64,10000,24680,uniform16,1,ska_sort,0.262667
u64,10000,24680,uniform16,2,radixkit,0.051166
u64,10000,24680,uniform16,2,adaptive,0.03825
u64,10000,24680,uniform16,2,std_sort,0.171125
u64,10000,24680,uniform16,2,ska_sort,0.263292
u64,10000,24680,uniform16,2,ska_sort_copy,0.266208
u64,10000,24680,uniform16,3,adaptive,0.038375
u64,10000,24680,uniform16,3,std_sort,0.170417
u64,10000,24680,uniform16,3,ska_sort,0.26475
u64,10000,24680,uniform16,3,ska_sort_copy,0.264334
u64,10000,24680,uniform16,3,radixkit,0.038417
u64,10000,24680,uniform16,4,std_sort,0.171041
u64,10000,24680,uniform16,4,ska_sort,0.296125
u64,10000,24680,uniform16,4,ska_sort_copy,0.286292
u64,10000,24680,uniform16,4,radixkit,0.038583
u64,10000,24680,uniform16,4,adaptive,0.038375
u64,10000,24680,uniform16,5,ska_sort,0.287042
u64,10000,24680,uniform16,5,ska_sort_copy,0.274542
u64,10000,24680,uniform16,5,radixkit,0.037667
u64,10000,24680,uniform16,5,adaptive,0.038
u64,10000,24680,uniform16,5,std_sort,0.181792
u64,10000,24680,uniform16,6,ska_sort_copy,0.266375
u64,10000,24680,uniform16,6,radixkit,0.037875
u64,10000,24680,uniform16,6,adaptive,0.037709
u64,10000,24680,uniform16,6,std_sort,0.177417
u64,10000,24680,uniform16,6,ska_sort,0.258041
u64,10000,24680,uniform16,7,radixkit,0.038042
u64,10000,24680,uniform16,7,adaptive,0.037834
u64,10000,24680,uniform16,7,std_sort,0.172125
u64,10000,24680,uniform16,7,ska_sort,0.251458
u64,10000,24680,uniform16,7,ska_sort_copy,0.247334
u64,10000,24680,uniform16,8,adaptive,0.03725
u64,10000,24680,uniform16,8,std_sort,0.164084
u64,10000,24680,uniform16,8,ska_sort,0.242291
u64,10000,24680,uniform16,8,ska_sort_copy,0.241958
u64,10000,24680,uniform16,8,radixkit,0.037042
u64,10000,24680,zeros99,0,ska_sort,0.207667
u64,10000,24680,zeros99,0,ska_sort_copy,0.208875
u64,10000,24680,zeros99,0,radixkit,0.004
u64,10000,24680,zeros99,0,adaptive,0.005041
u64,10000,24680,zeros99,0,std_sort,0.008875
u64,10000,24680,zeros99,1,ska_sort_copy,0.208042
u64,10000,24680,zeros99,1,radixkit,0.003834
u64,10000,24680,zeros99,1,adaptive,0.004875
u64,10000,24680,zeros99,1,std_sort,0.008417
u64,10000,24680,zeros99,1,ska_sort,0.209083
u64,10000,24680,zeros99,2,radixkit,0.003791
u64,10000,24680,zeros99,2,adaptive,0.004917
u64,10000,24680,zeros99,2,std_sort,0.008375
u64,10000,24680,zeros99,2,ska_sort,0.210959
u64,10000,24680,zeros99,2,ska_sort_copy,0.20925
u64,10000,24680,zeros99,3,adaptive,0.004833
u64,10000,24680,zeros99,3,std_sort,0.00825
u64,10000,24680,zeros99,3,ska_sort,0.20725
u64,10000,24680,zeros99,3,ska_sort_copy,0.240167
u64,10000,24680,zeros99,3,radixkit,0.006208
u64,10000,24680,zeros99,4,std_sort,0.010084
u64,10000,24680,zeros99,4,ska_sort,0.281291
u64,10000,24680,zeros99,4,ska_sort_copy,0.224875
u64,10000,24680,zeros99,4,radixkit,0.004917
u64,10000,24680,zeros99,4,adaptive,0.006666
u64,10000,24680,zeros99,5,ska_sort,0.245417
u64,10000,24680,zeros99,5,ska_sort_copy,0.28525
u64,10000,24680,zeros99,5,radixkit,0.00875
u64,10000,24680,zeros99,5,adaptive,0.004666
u64,10000,24680,zeros99,5,std_sort,0.00975
u64,10000,24680,zeros99,6,ska_sort_copy,0.243375
u64,10000,24680,zeros99,6,radixkit,0.004291
u64,10000,24680,zeros99,6,adaptive,0.00425
u64,10000,24680,zeros99,6,std_sort,0.0095
u64,10000,24680,zeros99,6,ska_sort,0.242709
u64,10000,24680,zeros99,7,radixkit,0.004583
u64,10000,24680,zeros99,7,adaptive,0.005208
u64,10000,24680,zeros99,7,std_sort,0.008708
u64,10000,24680,zeros99,7,ska_sort,0.224375
u64,10000,24680,zeros99,7,ska_sort_copy,0.225875
u64,10000,24680,zeros99,8,adaptive,0.005208
u64,10000,24680,zeros99,8,std_sort,0.008875
u64,10000,24680,zeros99,8,ska_sort,0.216417
u64,10000,24680,zeros99,8,ska_sort_copy,0.216042
u64,10000,24680,zeros99,8,radixkit,0.003917
u64,10000,24680,equal,0,ska_sort,0.176459
u64,10000,24680,equal,0,ska_sort_copy,0.173792
u64,10000,24680,equal,0,radixkit,0.001708
u64,10000,24680,equal,0,adaptive,0.001125
u64,10000,24680,equal,0,std_sort,0.013
u64,10000,24680,equal,1,ska_sort_copy,0.18
u64,10000,24680,equal,1,radixkit,0.001708
u64,10000,24680,equal,1,adaptive,0.001083
u64,10000,24680,equal,1,std_sort,0.012917
u64,10000,24680,equal,1,ska_sort,0.176125
u64,10000,24680,equal,2,radixkit,0.001667
u64,10000,24680,equal,2,adaptive,0.001125
u64,10000,24680,equal,2,std_sort,0.013
u64,10000,24680,equal,2,ska_sort,0.177208
u64,10000,24680,equal,2,ska_sort_copy,0.174084
u64,10000,24680,equal,3,adaptive,0.001083
u64,10000,24680,equal,3,std_sort,0.012959
u64,10000,24680,equal,3,ska_sort,0.175
u64,10000,24680,equal,3,ska_sort_copy,0.17625
u64,10000,24680,equal,3,radixkit,0.001667
u64,10000,24680,equal,4,std_sort,0.013
u64,10000,24680,equal,4,ska_sort,0.177708
u64,10000,24680,equal,4,ska_sort_copy,0.176667
u64,10000,24680,equal,4,radixkit,0.001708
u64,10000,24680,equal,4,adaptive,0.001125
u64,10000,24680,equal,5,ska_sort,0.1745
u64,10000,24680,equal,5,ska_sort_copy,0.176125
u64,10000,24680,equal,5,radixkit,0.001667
u64,10000,24680,equal,5,adaptive,0.001125
u64,10000,24680,equal,5,std_sort,0.013
u64,10000,24680,equal,6,ska_sort_copy,0.175041
u64,10000,24680,equal,6,radixkit,0.001667
u64,10000,24680,equal,6,adaptive,0.001125
u64,10000,24680,equal,6,std_sort,0.013042
u64,10000,24680,equal,6,ska_sort,0.177417
u64,10000,24680,equal,7,radixkit,0.001667
u64,10000,24680,equal,7,adaptive,0.001166
u64,10000,24680,equal,7,std_sort,0.013
u64,10000,24680,equal,7,ska_sort,0.173667
u64,10000,24680,equal,7,ska_sort_copy,0.176959
u64,10000,24680,equal,8,adaptive,0.001125
u64,10000,24680,equal,8,std_sort,0.012917
u64,10000,24680,equal,8,ska_sort,0.175459
u64,10000,24680,equal,8,ska_sort_copy,0.175167
u64,10000,24680,equal,8,radixkit,0.001709
u64,10000,24680,ascending,0,ska_sort,0.199541
u64,10000,24680,ascending,0,ska_sort_copy,0.197459
u64,10000,24680,ascending,0,radixkit,0.006125
u64,10000,24680,ascending,0,adaptive,0.00625
u64,10000,24680,ascending,0,std_sort,0.009584
u64,10000,24680,ascending,1,ska_sort_copy,0.199583
u64,10000,24680,ascending,1,radixkit,0.006125
u64,10000,24680,ascending,1,adaptive,0.006292
u64,10000,24680,ascending,1,std_sort,0.009542
u64,10000,24680,ascending,1,ska_sort,0.218334
u64,10000,24680,ascending,2,radixkit,0.006625
u64,10000,24680,ascending,2,adaptive,0.006541
u64,10000,24680,ascending,2,std_sort,0.009792
u64,10000,24680,ascending,2,ska_sort,0.202667
u64,10000,24680,ascending,2,ska_sort_copy,0.20525
u64,10000,24680,ascending,3,adaptive,0.006375
u64,10000,24680,ascending,3,std_sort,0.009875
u64,10000,24680,ascending,3,ska_sort,0.207041
u64,10000,24680,ascending,3,ska_sort_copy,0.20525
u64,10000,24680,ascending,3,radixkit,0.006375
u64,10000,24680,ascending,4,std_sort,0.009834
u64,10000,24680,ascending,4,ska_sort,0.2045
u64,10000,24680,ascending,4,ska_sort_copy,0.205
u64,10000,24680,ascending,4,radixkit,0.006333
u64,10000,24680,ascending,4,adaptive,0.0065
u64,10000,24680,ascending,5,ska_sort,0.204708
u64,10000,24680,ascending,5,ska_sort_copy,0.205875
u64,10000,24680,ascending,5,radixkit,0.0065
u64,10000,24680,ascending,5,adaptive,0.006708
u64,10000,24680,ascending,5,std_sort,0.010125
u64,10000,24680,ascending,6,ska_sort_copy,0.208333
u64,10000,24680,ascending,6,radixkit,0.006542
u64,10000,24680,ascending,6,adaptive,0.0205
u64,10000,24680,ascending,6,std_sort,0.0105
u64,10000,24680,ascending,6,ska_sort,0.213709
u64,10000,24680,ascending,7,radixkit,0.009625
u64,10000,24680,ascending,7,adaptive,0.006667
u64,10000,24680,ascending,7,std_sort,0.009542
u64,10000,24680,ascending,7,ska_sort,0.198458
u64,10000,24680,ascending,7,ska_sort_copy,0.207667
u64,10000,24680,ascending,8,adaptive,0.006458
u64,10000,24680,ascending,8,std_sort,0.009625
u64,10000,24680,ascending,8,ska_sort,0.210209
u64,10000,24680,ascending,8,ska_sort_copy,0.211
u64,10000,24680,ascending,8,radixkit,0.006209
u64,10000,24680,descending,0,ska_sort,0.211917
u64,10000,24680,descending,0,ska_sort_copy,0.207292
u64,10000,24680,descending,0,radixkit,0.007875
u64,10000,24680,descending,0,adaptive,0.008
u64,10000,24680,descending,0,std_sort,0.016708
u64,10000,24680,descending,1,ska_sort_copy,0.208417
u64,10000,24680,descending,1,radixkit,0.007958
u64,10000,24680,descending,1,adaptive,0.008083
u64,10000,24680,descending,1,std_sort,0.016625
u64,10000,24680,descending,1,ska_sort,0.205417
u64,10000,24680,descending,2,radixkit,0.007917
u64,10000,24680,descending,2,adaptive,0.007958
u64,10000,24680,descending,2,std_sort,0.016584
u64,10000,24680,descending,2,ska_sort,0.205792
u64,10000,24680,descending,2,ska_sort_copy,0.207417
u64,10000,24680,descending,3,adaptive,0.007958
u64,10000,24680,descending,3,std_sort,0.016584
u64,10000,24680,descending,3,ska_sort,0.206625
u64,10000,24680,descending,3,ska_sort_copy,0.206458
u64,10000,24680,descending,3,radixkit,0.007833
u64,10000,24680,descending,4,std_sort,0.016708
u64,10000,24680,descending,4,ska_sort,0.206584
u64,10000,24680,descending,4,ska_sort_copy,0.207166
u64,10000,24680,descending,4,radixkit,0.007917
u64,10000,24680,descending,4,adaptive,0.008
u64,10000,24680,descending,5,ska_sort,0.206083
u64,10000,24680,descending,5,ska_sort_copy,0.208417
u64,10000,24680,descending,5,radixkit,0.007958
u64,10000,24680,descending,5,adaptive,0.007959
u64,10000,24680,descending,5,std_sort,0.016542
u64,10000,24680,descending,6,ska_sort_copy,0.208708
u64,10000,24680,descending,6,radixkit,0.007875
u64,10000,24680,descending,6,adaptive,0.007916
u64,10000,24680,descending,6,std_sort,0.016542
u64,10000,24680,descending,6,ska_sort,0.206125
u64,10000,24680,descending,7,radixkit,0.007875
u64,10000,24680,descending,7,adaptive,0.008
u64,10000,24680,descending,7,std_sort,0.016583
u64,10000,24680,descending,7,ska_sort,0.207333
u64,10000,24680,descending,7,ska_sort_copy,0.2075
u64,10000,24680,descending,8,adaptive,0.007959
u64,10000,24680,descending,8,std_sort,0.016792
u64,10000,24680,descending,8,ska_sort,0.205166
u64,10000,24680,descending,8,ska_sort_copy,0.209834
u64,10000,24680,descending,8,radixkit,0.008167
u64,10000,24680,sparse8,0,ska_sort,0.544417
u64,10000,24680,sparse8,0,ska_sort_copy,0.441292
u64,10000,24680,sparse8,0,radixkit,0.127458
u64,10000,24680,sparse8,0,adaptive,0.026709
u64,10000,24680,sparse8,0,std_sort,0.126083
u64,10000,24680,sparse8,1,ska_sort_copy,0.422834
u64,10000,24680,sparse8,1,radixkit,0.126458
u64,10000,24680,sparse8,1,adaptive,0.026
u64,10000,24680,sparse8,1,std_sort,0.110458
u64,10000,24680,sparse8,1,ska_sort,0.427792
u64,10000,24680,sparse8,2,radixkit,0.129541
u64,10000,24680,sparse8,2,adaptive,0.025791
u64,10000,24680,sparse8,2,std_sort,0.107542
u64,10000,24680,sparse8,2,ska_sort,0.412916
u64,10000,24680,sparse8,2,ska_sort_copy,0.405375
u64,10000,24680,sparse8,3,adaptive,0.025458
u64,10000,24680,sparse8,3,std_sort,0.103792
u64,10000,24680,sparse8,3,ska_sort,0.398333
u64,10000,24680,sparse8,3,ska_sort_copy,0.394917
u64,10000,24680,sparse8,3,radixkit,0.12875
u64,10000,24680,sparse8,4,std_sort,0.102292
u64,10000,24680,sparse8,4,ska_sort,0.391458
u64,10000,24680,sparse8,4,ska_sort_copy,0.39
u64,10000,24680,sparse8,4,radixkit,0.126666
u64,10000,24680,sparse8,4,adaptive,0.025416
u64,10000,24680,sparse8,5,ska_sort,0.387334
u64,10000,24680,sparse8,5,ska_sort_copy,0.385084
u64,10000,24680,sparse8,5,radixkit,0.134667
u64,10000,24680,sparse8,5,adaptive,0.0265
u64,10000,24680,sparse8,5,std_sort,0.116209
u64,10000,24680,sparse8,6,ska_sort_copy,0.397708
u64,10000,24680,sparse8,6,radixkit,0.13175
u64,10000,24680,sparse8,6,adaptive,0.026917
u64,10000,24680,sparse8,6,std_sort,0.105834
u64,10000,24680,sparse8,6,ska_sort,0.39775
u64,10000,24680,sparse8,7,radixkit,0.131209
u64,10000,24680,sparse8,7,adaptive,0.026042
u64,10000,24680,sparse8,7,std_sort,0.1045
u64,10000,24680,sparse8,7,ska_sort,0.399583
u64,10000,24680,sparse8,7,ska_sort_copy,0.452917
u64,10000,24680,sparse8,8,adaptive,0.026708
u64,10000,24680,sparse8,8,std_sort,0.114416
u64,10000,24680,sparse8,8,ska_sort,0.451833
u64,10000,24680,sparse8,8,ska_sort_copy,0.422417
u64,10000,24680,sparse8,8,radixkit,0.127833
u64,10000,24680,nearly_sorted,0,ska_sort,0.21225
u64,10000,24680,nearly_sorted,0,ska_sort_copy,0.213167
u64,10000,24680,nearly_sorted,0,radixkit,0.037791
u64,10000,24680,nearly_sorted,0,adaptive,0.038167
u64,10000,24680,nearly_sorted,0,std_sort,0.03575
u64,10000,24680,nearly_sorted,1,ska_sort_copy,0.213334
u64,10000,24680,nearly_sorted,1,radixkit,0.037875
u64,10000,24680,nearly_sorted,1,adaptive,0.038125
u64,10000,24680,nearly_sorted,1,std_sort,0.035083
u64,10000,24680,nearly_sorted,1,ska_sort,0.212917
u64,10000,24680,nearly_sorted,2,radixkit,0.037834
u64,10000,24680,nearly_sorted,2,adaptive,0.038208
u64,10000,24680,nearly_sorted,2,std_sort,0.035
u64,10000,24680,nearly_sorted,2,ska_sort,0.212334
u64,10000,24680,nearly_sorted,2,ska_sort_copy,0.215083
u64,10000,24680,nearly_sorted,3,adaptive,0.038125
u64,10000,24680,nearly_sorted,3,std_sort,0.034958
u64,10000,24680,nearly_sorted,3,ska_sort,0.211041
u64,10000,24680,nearly_sorted,3,ska_sort_copy,0.214917
u64,10000,24680,nearly_sorted,3,radixkit,0.03775
u64,10000,24680,nearly_sorted,4,std_sort,0.03475
u64,10000,24680,nearly_sorted,4,ska_sort,0.211917
u64,10000,24680,nearly_sorted,4,ska_sort_copy,0.210833
u64,10000,24680,nearly_sorted,4,radixkit,0.037667
u64,10000,24680,nearly_sorted,4,adaptive,0.03825
u64,10000,24680,nearly_sorted,5,ska_sort,0.212333
u64,10000,24680,nearly_sorted,5,ska_sort_copy,0.212417
u64,10000,24680,nearly_sorted,5,radixkit,0.037709
u64,10000,24680,nearly_sorted,5,adaptive,0.037833
u64,10000,24680,nearly_sorted,5,std_sort,0.034583
u64,10000,24680,nearly_sorted,6,ska_sort_copy,0.217166
u64,10000,24680,nearly_sorted,6,radixkit,0.037791
u64,10000,24680,nearly_sorted,6,adaptive,0.038
u64,10000,24680,nearly_sorted,6,std_sort,0.034458
u64,10000,24680,nearly_sorted,6,ska_sort,0.211583
u64,10000,24680,nearly_sorted,7,radixkit,0.03775
u64,10000,24680,nearly_sorted,7,adaptive,0.039833
u64,10000,24680,nearly_sorted,7,std_sort,0.036291
u64,10000,24680,nearly_sorted,7,ska_sort,0.228417
u64,10000,24680,nearly_sorted,7,ska_sort_copy,0.285333
u64,10000,24680,nearly_sorted,8,adaptive,0.042583
u64,10000,24680,nearly_sorted,8,std_sort,0.048167
u64,10000,24680,nearly_sorted,8,ska_sort,0.289708
u64,10000,24680,nearly_sorted,8,ska_sort_copy,0.275583
u64,10000,24680,nearly_sorted,8,radixkit,0.041917
kv32,10000,24680,uniform,0,ska_sort,0.147292
kv32,10000,24680,uniform,0,ska_sort_copy,0.036667
kv32,10000,24680,uniform,0,radixkit,0.050416
kv32,10000,24680,uniform,0,std_sort,0.350167
kv32,10000,24680,uniform,1,ska_sort_copy,0.036916
kv32,10000,24680,uniform,1,radixkit,0.050875
kv32,10000,24680,uniform,1,std_sort,0.348583
kv32,10000,24680,uniform,1,ska_sort,0.144625
kv32,10000,24680,uniform,2,radixkit,0.0505
kv32,10000,24680,uniform,2,std_sort,0.348583
kv32,10000,24680,uniform,2,ska_sort,0.143459
kv32,10000,24680,uniform,2,ska_sort_copy,0.037
kv32,10000,24680,uniform,3,std_sort,0.342334
kv32,10000,24680,uniform,3,ska_sort,0.14225
kv32,10000,24680,uniform,3,ska_sort_copy,0.036667
kv32,10000,24680,uniform,3,radixkit,0.050542
kv32,10000,24680,uniform,4,ska_sort,0.140333
kv32,10000,24680,uniform,4,ska_sort_copy,0.036791
kv32,10000,24680,uniform,4,radixkit,0.050584
kv32,10000,24680,uniform,4,std_sort,0.346167
kv32,10000,24680,uniform,5,ska_sort_copy,0.037208
kv32,10000,24680,uniform,5,radixkit,0.050625
kv32,10000,24680,uniform,5,std_sort,0.341291
kv32,10000,24680,uniform,5,ska_sort,0.140792
kv32,10000,24680,uniform,6,radixkit,0.0505
kv32,10000,24680,uniform,6,std_sort,0.340792
kv32,10000,24680,uniform,6,ska_sort,0.140416
kv32,10000,24680,uniform,6,ska_sort_copy,0.036875
kv32,10000,24680,uniform,7,std_sort,0.340833
kv32,10000,24680,uniform,7,ska_sort,0.140375
kv32,10000,24680,uniform,7,ska_sort_copy,0.037292
kv32,10000,24680,uniform,7,radixkit,0.050833
kv32,10000,24680,uniform,8,ska_sort,0.138125
kv32,10000,24680,uniform,8,ska_sort_copy,0.036583
kv32,10000,24680,uniform,8,radixkit,0.050584
kv32,10000,24680,uniform,8,std_sort,0.343083
kv32,10000,24680,uniform16,0,ska_sort,0.231084
kv32,10000,24680,uniform16,0,ska_sort_copy,0.082916
kv32,10000,24680,uniform16,0,radixkit,0.040375
kv32,10000,24680,uniform16,0,std_sort,0.476416
kv32,10000,24680,uniform16,1,ska_sort_copy,0.083917
kv32,10000,24680,uniform16,1,radixkit,0.094625
kv32,10000,24680,uniform16,1,std_sort,0.403959
kv32,10000,24680,uniform16,1,ska_sort,0.203042
kv32,10000,24680,uniform16,2,radixkit,0.040625
kv32,10000,24680,uniform16,2,std_sort,0.356
kv32,10000,24680,uniform16,2,ska_sort,0.186542
kv32,10000,24680,uniform16,2,ska_sort_copy,0.0875
kv32,10000,24680,uniform16,3,std_sort,0.342083
kv32,10000,24680,uniform16,3,ska_sort,0.18775
kv32,10000,24680,uniform16,3,ska_sort_copy,0.076917
kv32,10000,24680,uniform16,3,radixkit,0.037583
kv32,10000,24680,uniform16,4,ska_sort,0.176875
kv32,10000,24680,uniform16,4,ska_sort_copy,0.077208
kv32,10000,24680,uniform16,4,radixkit,0.037375
kv32,10000,24680,uniform16,4,std_sort,0.33925
kv32,10000,24680,uniform16,5,ska_sort_copy,0.076834
kv32,10000,24680,uniform16,5,radixkit,0.037584
kv32,10000,24680,uniform16,5,std_sort,0.332958
kv32,10000,24680,uniform16,5,ska_sort,0.17475
kv32,10000,24680,uniform16,6,radixkit,0.037292
kv32,10000,24680,uniform16,6,std_sort,0.330042
kv32,10000,24680,uniform16,6,ska_sort,0.17375
kv32,10000,24680,uniform16,6,ska_sort_copy,0.076792
kv32,10000,24680,uniform16,7,std_sort,0.329292
kv32,10000,24680,uniform16,7,ska_sort,0.175583
kv32,10000,24680,uniform16,7,ska_sort_copy,0.076791
kv32,10000,24680,uniform16,7,radixkit,0.037417
kv32,10000,24680,uniform16,8,ska_sort,0.170667
kv32,10000,24680,uniform16,8,ska_sort_copy,0.076916
kv32,10000,24680,uniform16,8,radixkit,0.037583
kv32,10000,24680,uniform16,8,std_sort,0.333583
kv32,10000,24680,zeros99,0,ska_sort,0.1085
kv32,10000,24680,zeros99,0,ska_sort_copy,0.105875
kv32,10000,24680,zeros99,0,radixkit,0.100166
kv32,10000,24680,zeros99,0,std_sort,0.34175
kv32,10000,24680,zeros99,1,ska_sort_copy,0.113584
kv32,10000,24680,zeros99,1,radixkit,0.088875
kv32,10000,24680,zeros99,1,std_sort,0.310166
kv32,10000,24680,zeros99,1,ska_sort,0.11
kv32,10000,24680,zeros99,2,radixkit,0.089208
kv32,10000,24680,zeros99,2,std_sort,0.296666
kv32,10000,24680,zeros99,2,ska_sort,0.136125
kv32,10000,24680,zeros99,2,ska_sort_copy,0.113625
kv32,10000,24680,zeros99,3,std_sort,0.296834
kv32,10000,24680,zeros99,3,ska_sort,0.115208
kv32,10000,24680,zeros99,3,ska_sort_copy,0.108791
kv32,10000,24680,zeros99,3,radixkit,0.082667
kv32,10000,24680,zeros99,4,ska_sort,0.106917
kv32,10000,24680,zeros99,4,ska_sort_copy,0.10575
kv32,10000,24680,zeros99,4,radixkit,0.082541
kv32,10000,24680,zeros99,4,std_sort,0.288917
kv32,10000,24680,zeros99,5,ska_sort_copy,0.105958
kv32,10000,24680,zeros99,5,radixkit,0.083875
kv32,10000,24680,zeros99,5,std_sort,0.278875
kv32,10000,24680,zeros99,5,ska_sort,0.10625
kv32,10000,24680,zeros99,6,radixkit,0.082625
kv32,10000,24680,zeros99,6,std_sort,0.284958
kv32,10000,24680,zeros99,6,ska_sort,0.106167
kv32,10000,24680,zeros99,6,ska_sort_copy,0.10625
kv32,10000,24680,zeros99,7,std_sort,0.277542
kv32,10000,24680,zeros99,7,ska_sort,0.104916
kv32,10000,24680,zeros99,7,ska_sort_copy,0.105917
kv32,10000,24680,zeros99,7,radixkit,0.082459
kv32,10000,24680,zeros99,8,ska_sort,0.108125
kv32,10000,24680,zeros99,8,ska_sort_copy,0.105834
kv32,10000,24680,zeros99,8,radixkit,0.082417
kv32,10000,24680,zeros99,8,std_sort,0.277292
kv32,10000,24680,equal,0,ska_sort,0.085375
kv32,10000,24680,equal,0,ska_sort_copy,0.104792
kv32,10000,24680,equal,0,radixkit,0.012166
kv32,10000,24680,equal,0,std_sort,0.006833
kv32,10000,24680,equal,1,ska_sort_copy,0.104792
kv32,10000,24680,equal,1,radixkit,0.01225
kv32,10000,24680,equal,1,std_sort,0.00675
kv32,10000,24680,equal,1,ska_sort,0.084625
kv32,10000,24680,equal,2,radixkit,0.012125
kv32,10000,24680,equal,2,std_sort,0.006792
kv32,10000,24680,equal,2,ska_sort,0.085
kv32,10000,24680,equal,2,ska_sort_copy,0.106708
kv32,10000,24680,equal,3,std_sort,0.006833
kv32,10000,24680,equal,3,ska_sort,0.089791
kv32,10000,24680,equal,3,ska_sort_copy,0.10475
kv32,10000,24680,equal,3,radixkit,0.012667
kv32,10000,24680,equal,4,ska_sort,0.087791
kv32,10000,24680,equal,4,ska_sort_copy,0.108583
kv32,10000,24680,equal,4,radixkit,0.012709
kv32,10000,24680,equal,4,std_sort,0.007417
kv32,10000,24680,equal,5,ska_sort_copy,0.108958
kv32,10000,24680,equal,5,radixkit,0.012667
kv32,10000,24680,equal,5,std_sort,0.007
kv32,10000,24680,equal,5,ska_sort,0.087666
kv32,10000,24680,equal,6,radixkit,0.012584
kv32,10000,24680,equal,6,std_sort,0.006959
kv32,10000,24680,equal,6,ska_sort,0.087
kv32,10000,24680,equal,6,ska_sort_copy,0.108667
kv32,10000,24680,equal,7,std_sort,0.007
kv32,10000,24680,equal,7,ska_sort,0.088459
kv32,10000,24680,equal,7,ska_sort_copy,0.108583
kv32,10000,24680,equal,7,radixkit,0.012542
kv32,10000,24680,equal,8,ska_sort,0.087458
kv32,10000,24680,equal,8,ska_sort_copy,0.110625
kv32,10000,24680,equal,8,radixkit,0.012667
kv32,10000,24680,equal,8,std_sort,0.007
kv32,10000,24680,ascending,0,ska_sort,0.127834
kv32,10000,24680,ascending,0,ska_sort_copy,0.088958
kv32,10000,24680,ascending,0,radixkit,0.052458
kv32,10000,24680,ascending,0,std_sort,0.006875
kv32,10000,24680,ascending,1,ska_sort_copy,0.084875
kv32,10000,24680,ascending,1,radixkit,0.049667
kv32,10000,24680,ascending,1,std_sort,0.006875
kv32,10000,24680,ascending,1,ska_sort,0.113917
kv32,10000,24680,ascending,2,radixkit,0.039709
kv32,10000,24680,ascending,2,std_sort,0.006833
kv32,10000,24680,ascending,2,ska_sort,0.120209
kv32,10000,24680,ascending,2,ska_sort_copy,0.086583
kv32,10000,24680,ascending,3,std_sort,0.006833
kv32,10000,24680,ascending,3,ska_sort,0.114208
kv32,10000,24680,ascending,3,ska_sort_copy,0.087375
kv32,10000,24680,ascending,3,radixkit,0.039917
kv32,10000,24680,ascending,4,ska_sort,0.113792
kv32,10000,24680,ascending,4,ska_sort_copy,0.085125
kv32,10000,24680,ascending,4,radixkit,0.039709
kv32,10000,24680,ascending,4,std_sort,0.006833
kv32,10000,24680,ascending,5,ska_sort_copy,0.083458
kv32,10000,24680,ascending,5,radixkit,0.039625
kv32,10000,24680,ascending,5,std_sort,0.006792
kv32,10000,24680,ascending,5,ska_sort,0.113708
kv32,10000,24680,ascending,6,radixkit,0.039834
kv32,10000,24680,ascending,6,std_sort,0.006875
kv32,10000,24680,ascending,6,ska_sort,0.114458
kv32,10000,24680,ascending,6,ska_sort_copy,0.084792
kv32,10000,24680,ascending,7,std_sort,0.006834
kv32,10000,24680,ascending,7,ska_sort,0.113917
kv32,10000,24680,ascending,7,ska_sort_copy,0.084708
kv32,10000,24680,ascending,7,radixkit,0.039583
kv32,10000,24680,ascending,8,ska_sort,0.11375
kv32,10000,24680,ascending,8,ska_sort_copy,0.084667
kv32,10000,24680,ascending,8,radixkit,0.039583
kv32,10000,24680,ascending,8,std_sort,0.006833
kv32,10000,24680,descending,0,ska_sort,0.126667
kv32,10000,24680,descending,0,ska_sort_copy,0.0835
kv32,10000,24680,descending,0,radixkit,0.0405
kv32,10000,24680,descending,0,std_sort,0.011
kv32,10000,24680,descending,1,ska_sort_copy,0.084042
kv32,10000,24680,descending,1,radixkit,0.040375
kv32,10000,24680,descending,1,std_sort,0.010958
kv32,10000,24680,descending,1,ska_sort,0.127042
kv32,10000,24680,descending,2,radixkit,0.04025
kv32,10000,24680,descending,2,std_sort,0.010959
kv32,10000,24680,descending,2,ska_sort,0.126375
kv32,10000,24680,descending,2,ska_sort_copy,0.083583
kv32,10000,24680,descending,3,std_sort,0.010917
kv32,10000,24680,descending,3,ska_sort,0.126541
kv32,10000,24680,descending,3,ska_sort_copy,0.095208
kv32,10000,24680,descending,3,radixkit,0.040583
kv32,10000,24680,descending,4,ska_sort,0.127334
kv32,10000,24680,descending,4,ska_sort_copy,0.084125
kv32,10000,24680,descending,4,radixkit,0.040333
kv32,10000,24680,descending,4,std_sort,0.011042
kv32,10000,24680,descending,5,ska_sort_copy,0.091958
kv32,10000,24680,descending,5,radixkit,0.05475
kv32,10000,24680,descending,5,std_sort,0.011
kv32,10000,24680,descending,5,ska_sort,0.126375
kv32,10000,24680,descending,6,radixkit,0.040417
kv32,10000,24680,descending,6,std_sort,0.010917
kv32,10000,24680,descending,6,ska_sort,0.127167
kv32,10000,24680,descending,6,ska_sort_copy,0.083625
kv32,10000,24680,descending,7,std_sort,0.011042
kv32,10000,24680,descending,7,ska_sort,0.128792
kv32,10000,24680,descending,7,ska_sort_copy,0.098041
kv32,10000,24680,descending,7,radixkit,0.088583
kv32,10000,24680,descending,8,ska_sort,0.283125
kv32,10000,24680,descending,8,ska_sort_copy,0.089416
kv32,10000,24680,descending,8,radixkit,0.049167
kv32,10000,24680,descending,8,std_sort,0.016916
kv32,10000,24680,sparse8,0,ska_sort,0.211166
kv32,10000,24680,sparse8,0,ska_sort_copy,0.068833
kv32,10000,24680,sparse8,0,radixkit,0.056375
kv32,10000,24680,sparse8,0,std_sort,0.242833
kv32,10000,24680,sparse8,1,ska_sort_copy,0.068583
kv32,10000,24680,sparse8,1,radixkit,0.059208
kv32,10000,24680,sparse8,1,std_sort,0.235917
kv32,10000,24680,sparse8,1,ska_sort,0.194334
kv32,10000,24680,sparse8,2,radixkit,0.056125
kv32,10000,24680,sparse8,2,std_sort,0.230958
kv32,10000,24680,sparse8,2,ska_sort,0.18825
kv32,10000,24680,sparse8,2,ska_sort_copy,0.068709
kv32,10000,24680,sparse8,3,std_sort,0.229083
kv32,10000,24680,sparse8,3,ska_sort,0.187125
kv32,10000,24680,sparse8,3,ska_sort_copy,0.068875
kv32,10000,24680,sparse8,3,radixkit,0.05625
kv32,10000,24680,sparse8,4,ska_sort,0.186
kv32,10000,24680,sparse8,4,ska_sort_copy,0.071458
kv32,10000,24680,sparse8,4,radixkit,0.056
kv32,10000,24680,sparse8,4,std_sort,0.227958
kv32,10000,24680,sparse8,5,ska_sort_copy,0.068875
kv32,10000,24680,sparse8,5,radixkit,0.056
kv32,10000,24680,sparse8,5,std_sort,0.227334
kv32,10000,24680,sparse8,5,ska_sort,0.184709
kv32,10000,24680,sparse8,6,radixkit,0.056083
kv32,10000,24680,sparse8,6,std_sort,0.22525
kv32,10000,24680,sparse8,6,ska_sort,0.1845
kv32,10000,24680,sparse8,6,ska_sort_copy,0.068583
kv32,10000,24680,sparse8,7,std_sort,0.225542
kv32,10000,24680,sparse8,7,ska_sort,0.188584
kv32,10000,24680,sparse8,7,ska_sort_copy,0.072375
kv32,10000,24680,sparse8,7,radixkit,0.057125
kv32,10000,24680,sparse8,8,ska_sort,0.187875
kv32,10000,24680,sparse8,8,ska_sort_copy,0.069917
kv32,10000,24680,sparse8,8,radixkit,0.057125
kv32,10000,24680,sparse8,8,std_sort,0.231709
kv32,10000,24680,nearly_sorted,0,ska_sort,0.13625
kv32,10000,24680,nearly_sorted,0,ska_sort_copy,0.088042
kv32,10000,24680,nearly_sorted,0,radixkit,0.041458
kv32,10000,24680,nearly_sorted,0,std_sort,0.034666
kv32,10000,24680,nearly_sorted,1,ska_sort_copy,0.090083
kv32,10000,24680,nearly_sorted,1,radixkit,0.041084
kv32,10000,24680,nearly_sorted,1,std_sort,0.033666
kv32,10000,24680,nearly_sorted,1,ska_sort,0.135792
kv32,10000,24680,nearly_sorted,2,radixkit,0.041083
kv32,10000,24680,nearly_sorted,2,std_sort,0.033625
kv32,10000,24680,nearly_sorted,2,ska_sort,0.135334
kv32,10000,24680,nearly_sorted,2,ska_sort_copy,0.087917
kv32,10000,24680,nearly_sorted,3,std_sort,0.034417
kv32,10000,24680,nearly_sorted,3,ska_sort,0.135875
kv32,10000,24680,nearly_sorted,3,ska_sort_copy,0.105792
kv32,10000,24680,nearly_sorted,3,radixkit,0.054
kv32,10000,24680,nearly_sorted,4,ska_sort,0.136708
kv32,10000,24680,nearly_sorted,4,ska_sort_copy,0.086333
kv32,10000,24680,nearly_sorted,4,radixkit,0.050334
kv32,10000,24680,nearly_sorted,4,std_sort,0.037125
kv32,10000,24680,nearly_sorted,5,ska_sort_copy,0.088792
kv32,10000,24680,nearly_sorted,5,radixkit,0.040834
kv32,10000,24680,nearly_sorted,5,std_sort,0.034875
kv32,10000,24680,nearly_sorted,5,ska_sort,0.133
kv32,10000,24680,nearly_sorted,6,radixkit,0.040208
kv32,10000,24680,nearly_sorted,6,std_sort,0.032458
kv32,10000,24680,nearly_sorted,6,ska_sort,0.131834
kv32,10000,24680,nearly_sorted,6,ska_sort_copy,0.084208
kv32,10000,24680,nearly_sorted,7,std_sort,0.032042
kv32,10000,24680,nearly_sorted,7,ska_sort,0.143708
kv32,10000,24680,nearly_sorted,7,ska_sort_copy,0.083959
kv32,10000,24680,nearly_sorted,7,radixkit,0.041208
kv32,10000,24680,nearly_sorted,8,ska_sort,0.132584
kv32,10000,24680,nearly_sorted,8,ska_sort_copy,0.084791
kv32,10000,24680,nearly_sorted,8,radixkit,0.039958
kv32,10000,24680,nearly_sorted,8,std_sort,0.031875
kv64,10000,24680,uniform,0,ska_sort,0.133334
kv64,10000,24680,uniform,0,ska_sort_copy,0.127833
kv64,10000,24680,uniform,0,radixkit,0.067417
kv64,10000,24680,uniform,0,std_sort,0.342959
kv64,10000,24680,uniform,1,ska_sort_copy,0.128625
kv64,10000,24680,uniform,1,radixkit,0.067333
kv64,10000,24680,uniform,1,std_sort,0.337375
kv64,10000,24680,uniform,1,ska_sort,0.128042
kv64,10000,24680,uniform,2,radixkit,0.066917
kv64,10000,24680,uniform,2,std_sort,0.337458
kv64,10000,24680,uniform,2,ska_sort,0.127833
kv64,10000,24680,uniform,2,ska_sort_copy,0.125291
kv64,10000,24680,uniform,3,std_sort,0.344625
kv64,10000,24680,uniform,3,ska_sort,0.126875
kv64,10000,24680,uniform,3,ska_sort_copy,0.167458
kv64,10000,24680,uniform,3,radixkit,0.071709
kv64,10000,24680,uniform,4,ska_sort,0.134625
kv64,10000,24680,uniform,4,ska_sort_copy,0.12825
kv64,10000,24680,uniform,4,radixkit,0.071917
kv64,10000,24680,uniform,4,std_sort,0.438583
kv64,10000,24680,uniform,5,ska_sort_copy,0.1635
kv64,10000,24680,uniform,5,radixkit,0.084833
kv64,10000,24680,uniform,5,std_sort,0.424541
kv64,10000,24680,uniform,5,ska_sort,0.162791
kv64,10000,24680,uniform,6,radixkit,0.067292
kv64,10000,24680,uniform,6,std_sort,0.37925
kv64,10000,24680,uniform,6,ska_sort,0.14275
kv64,10000,24680,uniform,6,ska_sort_copy,0.141208
kv64,10000,24680,uniform,7,std_sort,0.348542
kv64,10000,24680,uniform,7,ska_sort,0.13525
kv64,10000,24680,uniform,7,ska_sort_copy,0.133375
kv64,10000,24680,uniform,7,radixkit,0.067125
kv64,10000,24680,uniform,8,ska_sort,0.130041
kv64,10000,24680,uniform,8,ska_sort_copy,0.1335
kv64,10000,24680,uniform,8,radixkit,0.067041
kv64,10000,24680,uniform,8,std_sort,0.347959
kv64,10000,24680,uniform16,0,ska_sort,0.26775
kv64,10000,24680,uniform16,0,ska_sort_copy,0.26525
kv64,10000,24680,uniform16,0,radixkit,0.042
kv64,10000,24680,uniform16,0,std_sort,0.352208
kv64,10000,24680,uniform16,1,ska_sort_copy,0.267375
kv64,10000,24680,uniform16,1,radixkit,0.041875
kv64,10000,24680,uniform16,1,std_sort,0.354209
kv64,10000,24680,uniform16,1,ska_sort,0.26775
kv64,10000,24680,uniform16,2,radixkit,0.041959
kv64,10000,24680,uniform16,2,std_sort,0.342667
kv64,10000,24680,uniform16,2,ska_sort,0.288875
kv64,10000,24680,uniform16,2,ska_sort_copy,0.273583
kv64,10000,24680,uniform16,3,std_sort,0.35725
kv64,10000,24680,uniform16,3,ska_sort,0.275791
kv64,10000,24680,uniform16,3,ska_sort_copy,0.277
kv64,10000,24680,uniform16,3,radixkit,0.044042
kv64,10000,24680,uniform16,4,ska_sort,0.277208
kv64,10000,24680,uniform16,4,ska_sort_copy,0.319334
kv64,10000,24680,uniform16,4,radixkit,0.059792
kv64,10000,24680,uniform16,4,std_sort,0.372625
kv64,10000,24680,uniform16,5,ska_sort_copy,0.295333
kv64,10000,24680,uniform16,5,radixkit,0.042416
kv64,10000,24680,uniform16,5,std_sort,0.357125
kv64,10000,24680,uniform16,5,ska_sort,0.268959
kv64,10000,24680,uniform16,6,radixkit,0.042333
kv64,10000,24680,uniform16,6,std_sort,0.343208
kv64,10000,24680,uniform16,6,ska_sort,0.269459
kv64,10000,24680,uniform16,6,ska_sort_copy,0.26125
kv64,10000,24680,uniform16,7,std_sort,0.3355
kv64,10000,24680,uniform16,7,ska_sort,0.2585
kv64,10000,24680,uniform16,7,ska_sort_copy,0.255083
kv64,10000,24680,uniform16,7,radixkit,0.041875
kv64,10000,24680,uniform16,8,ska_sort,0.250125
kv64,10000,24680,uniform16,8,ska_sort_copy,0.248625
kv64,10000,24680,uniform16,8,radixkit,0.042041
kv64,10000,24680,uniform16,8,std_sort,0.338666
kv64,10000,24680,zeros99,0,ska_sort,0.208958
kv64,10000,24680,zeros99,0,ska_sort_copy,0.219875
kv64,10000,24680,zeros99,0,radixkit,0.005167
kv64,10000,24680,zeros99,0,std_sort,0.283125
kv64,10000,24680,zeros99,1,ska_sort_copy,0.212458
kv64,10000,24680,zeros99,1,radixkit,0.00525
kv64,10000,24680,zeros99,1,std_sort,0.280666
kv64,10000,24680,zeros99,1,ska_sort,0.225958
kv64,10000,24680,zeros99,2,radixkit,0.005125
kv64,10000,24680,zeros99,2,std_sort,0.506417
kv64,10000,24680,zeros99,2,ska_sort,0.267334
kv64,10000,24680,zeros99,2,ska_sort_copy,0.304834
kv64,10000,24680,zeros99,3,std_sort,0.301292
kv64,10000,24680,zeros99,3,ska_sort,0.21025
kv64,10000,24680,zeros99,3,ska_sort_copy,0.224459
kv64,10000,24680,zeros99,3,radixkit,0.006291
kv64,10000,24680,zeros99,4,ska_sort,0.213125
kv64,10000,24680,zeros99,4,ska_sort_copy,0.209959
kv64,10000,24680,zeros99,4,radixkit,0.004458
kv64,10000,24680,zeros99,4,std_sort,0.285375
kv64,10000,24680,zeros99,5,ska_sort_copy,0.209333
kv64,10000,24680,zeros99,5,radixkit,0.004041
kv64,10000,24680,zeros99,5,std_sort,0.27775
kv64,10000,24680,zeros99,5,ska_sort,0.209
kv64,10000,24680,zeros99,6,radixkit,0.003875
kv64,10000,24680,zeros99,6,std_sort,0.277375
kv64,10000,24680,zeros99,6,ska_sort,0.209083
kv64,10000,24680,zeros99,6,ska_sort_copy,0.209708
kv64,10000,24680,zeros99,7,std_sort,0.277417
kv64,10000,24680,zeros99,7,ska_sort,0.209
kv64,10000,24680,zeros99,7,ska_sort_copy,0.212333
kv64,10000,24680,zeros99,7,radixkit,0.003791
kv64,10000,24680,zeros99,8,ska_sort,0.209875
kv64,10000,24680,zeros99,8,ska_sort_copy,0.210666
kv64,10000,24680,zeros99,8,radixkit,0.003792
kv64,10000,24680,zeros99,8,std_sort,0.277125
kv64,10000,24680,equal,0,ska_sort,0.172291
kv64,10000,24680,equal,0,ska_sort_copy,0.167917
kv64,10000,24680,equal,0,radixkit,0.001959
kv64,10000,24680,equal,0,std_sort,0.0095
kv64,10000,24680,equal,1,ska_sort_copy,0.173083
kv64,10000,24680,equal,1,radixkit,0.001959
kv64,10000,24680,equal,1,std_sort,0.009541
kv64,10000,24680,equal,1,ska_sort,0.174333
kv64,10000,24680,equal,2,radixkit,0.002042
kv64,10000,24680,equal,2,std_sort,0.009792
kv64,10000,24680,equal,2,ska_sort,0.174667
kv64,10000,24680,equal,2,ska_sort_copy,0.177
kv64,10000,24680,equal,3,std_sort,0.009792
kv64,10000,24680,equal,3,ska_sort,0.174166
kv64,10000,24680,equal,3,ska_sort_copy,0.174292
kv64,10000,24680,equal,3,radixkit,0.002
kv64,10000,24680,equal,4,ska_sort,0.173917
kv64,10000,24680,equal,4,ska_sort_copy,0.175542
kv64,10000,24680,equal,4,radixkit,0.002042
kv64,10000,24680,equal,4,std_sort,0.010125
kv64,10000,24680,equal,5,ska_sort_copy,0.191083
kv64,10000,24680,equal,5,radixkit,0.002208
kv64,10000,24680,equal,5,std_sort,0.00975
kv64,10000,24680,equal,5,ska_sort,0.184125
kv64,10000,24680,equal,6,radixkit,0.001958
kv64,10000,24680,equal,6,std_sort,0.0095
kv64,10000,24680,equal,6,ska_sort,0.183834
kv64,10000,24680,equal,6,ska_sort_copy,0.188333
kv64,10000,24680,equal,7,std_sort,0.0095
kv64,10000,24680,equal,7,ska_sort,0.179834
kv64,10000,24680,equal,7,ska_sort_copy,0.169917
kv64,10000,24680,equal,7,radixkit,0.001916
kv64,10000,24680,equal,8,ska_sort,0.16825
kv64,10000,24680,equal,8,ska_sort_copy,0.183417
kv64,10000,24680,equal,8,radixkit,0.002042
kv64,10000,24680,equal,8,std_sort,0.010334
kv64,10000,24680,ascending,0,ska_sort,0.197834
kv64,10000,24680,ascending,0,ska_sort_copy,0.198375
kv64,10000,24680,ascending,0,radixkit,0.006084
kv64,10000,24680,ascending,0,std_sort,0.009542
kv64,10000,24680,ascending,1,ska_sort_copy,0.199209
kv64,10000,24680,ascending,1,radixkit,0.006291
kv64,10000,24680,ascending,1,std_sort,0.009542
kv64,10000,24680,ascending,1,ska_sort,0.198834
kv64,10000,24680,ascending,2,radixkit,0.006125
kv64,10000,24680,ascending,2,std_sort,0.0095
kv64,10000,24680,ascending,2,ska_sort,0.199625
kv64,10000,24680,ascending,2,ska_sort_copy,0.197625
kv64,10000,24680,ascending,3,std_sort,0.009583
kv64,10000,24680,ascending,3,ska_sort,0.197542
kv64,10000,24680,ascending,3,ska_sort_copy,0.198834
kv64,10000,24680,ascending,3,radixkit,0.006125
kv64,10000,24680,ascending,4,ska_sort,0.198125
kv64,10000,24680,ascending,4,ska_sort_copy,0.198125
kv64,10000,24680,ascending,4,radixkit,0.00625
kv64,10000,24680,ascending,4,std_sort,0.009542
kv64,10000,24680,ascending,5,ska_sort_copy,0.200291
kv64,10000,24680,ascending,5,radixkit,0.006166
kv64,10000,24680,ascending,5,std_sort,0.009541
kv64,10000,24680,ascending,5,ska_sort,0.201
kv64,10000,24680,ascending,6,radixkit,0.006125
kv64,10000,24680,ascending,6,std_sort,0.009583
kv64,10000,24680,ascending,6,ska_sort,0.198
kv64,10000,24680,ascending,6,ska_sort_copy,0.201583
kv64,10000,24680,ascending,7,std_sort,0.010375
kv64,10000,24680,ascending,7,ska_sort,0.21
kv64,10000,24680,ascending,7,ska_sort_copy,0.21225
kv64,10000,24680,ascending,7,radixkit,0.0065
kv64,10000,24680,ascending,8,ska_sort,0.207584
kv64,10000,24680,ascending,8,ska_sort_copy,0.205458
kv64,10000,24680,ascending,8,radixkit,0.006083
kv64,10000,24680,ascending,8,std_sort,0.009792
kv64,10000,24680,descending,0,ska_sort,0.300791
kv64,10000,24680,descending,0,ska_sort_copy,0.221958
kv64,10000,24680,descending,0,radixkit,0.009792
kv64,10000,24680,descending,0,std_sort,0.014334
kv64,10000,24680,descending,1,ska_sort_copy,0.22475
kv64,10000,24680,descending,1,radixkit,0.009584
kv64,10000,24680,descending,1,std_sort,0.013667
kv64,10000,24680,descending,1,ska_sort,0.210542
kv64,10000,24680,descending,2,radixkit,0.0095
kv64,10000,24680,descending,2,std_sort,0.013625
kv64,10000,24680,descending,2,ska_sort,0.223167
kv64,10000,24680,descending,2,ska_sort_copy,0.2115
kv64,10000,24680,descending,3,std_sort,0.013666
kv64,10000,24680,descending,3,ska_sort,0.210208
kv64,10000,24680,descending,3,ska_sort_copy,0.210208
kv64,10000,24680,descending,3,radixkit,0.009542
kv64,10000,24680,descending,4,ska_sort,0.210292
kv64,10000,24680,descending,4,ska_sort_copy,0.211167
kv64,10000,24680,descending,4,radixkit,0.009458
kv64,10000,24680,descending,4,std_sort,0.013833
kv64,10000,24680,descending,5,ska_sort_copy,0.210291
kv64,10000,24680,descending,5,radixkit,0.009417
kv64,10000,24680,descending,5,std_sort,0.013667
kv64,10000,24680,descending,5,ska_sort,0.210375
kv64,10000,24680,descending,6,radixkit,0.009375
kv64,10000,24680,descending,6,std_sort,0.013625
kv64,10000,24680,descending,6,ska_sort,0.210292
kv64,10000,24680,descending,6,ska_sort_copy,0.210208
kv64,10000,24680,descending,7,std_sort,0.013708
kv64,10000,24680,descending,7,ska_sort,0.21025
kv64,10000,24680,descending,7,ska_sort_copy,0.211292
kv64,10000,24680,descending,7,radixkit,0.009458
kv64,10000,24680,descending,8,ska_sort,0.21
kv64,10000,24680,descending,8,ska_sort_copy,0.210666
kv64,10000,24680,descending,8,radixkit,0.009458
kv64,10000,24680,descending,8,std_sort,0.013667
kv64,10000,24680,sparse8,0,ska_sort,0.447625
kv64,10000,24680,sparse8,0,ska_sort_copy,0.452208
kv64,10000,24680,sparse8,0,radixkit,0.136
kv64,10000,24680,sparse8,0,std_sort,0.250208
kv64,10000,24680,sparse8,1,ska_sort_copy,0.450417
kv64,10000,24680,sparse8,1,radixkit,0.13525
kv64,10000,24680,sparse8,1,std_sort,0.272041
kv64,10000,24680,sparse8,1,ska_sort,0.457542
kv64,10000,24680,sparse8,2,radixkit,0.149041
kv64,10000,24680,sparse8,2,std_sort,0.257375
kv64,10000,24680,sparse8,2,ska_sort,0.446
kv64,10000,24680,sparse8,2,ska_sort_copy,0.440875
kv64,10000,24680,sparse8,3,std_sort,0.244584
kv64,10000,24680,sparse8,3,ska_sort,0.437166
kv64,10000,24680,sparse8,3,ska_sort_copy,0.433667
kv64,10000,24680,sparse8,3,radixkit,0.130833
kv64,10000,24680,sparse8,4,ska_sort,0.433084
kv64,10000,24680,sparse8,4,ska_sort_copy,0.432625
kv64,10000,24680,sparse8,4,radixkit,0.130459
kv64,10000,24680,sparse8,4,std_sort,0.239584
kv64,10000,24680,sparse8,5,ska_sort_copy,0.434375
kv64,10000,24680,sparse8,5,radixkit,0.129417
kv64,10000,24680,sparse8,5,std_sort,0.238708
kv64,10000,24680,sparse8,5,ska_sort,0.434042
kv64,10000,24680,sparse8,6,radixkit,0.132375
kv64,10000,24680,sparse8,6,std_sort,0.241125
kv64,10000,24680,sparse8,6,ska_sort,0.45175
kv64,10000,24680,sparse8,6,ska_sort_copy,0.554875
kv64,10000,24680,sparse8,7,std_sort,0.314375
kv64,10000,24680,sparse8,7,ska_sort,0.522542
kv64,10000,24680,sparse8,7,ska_sort_copy,0.460834
kv64,10000,24680,sparse8,7,radixkit,0.176834
kv64,10000,24680,sparse8,8,ska_sort,0.471917
kv64,10000,24680,sparse8,8,ska_sort_copy,0.446916
kv64,10000,24680,sparse8,8,radixkit,0.135375
kv64,10000,24680,sparse8,8,std_sort,0.246375
kv64,10000,24680,nearly_sorted,0,ska_sort,0.215333
kv64,10000,24680,nearly_sorted,0,ska_sort_copy,0.215667
kv64,10000,24680,nearly_sorted,0,radixkit,0.046959
kv64,10000,24680,nearly_sorted,0,std_sort,0.035667
kv64,10000,24680,nearly_sorted,1,ska_sort_copy,0.215958
kv64,10000,24680,nearly_sorted,1,radixkit,0.046834
kv64,10000,24680,nearly_sorted,1,std_sort,0.035709
kv64,10000,24680,nearly_sorted,1,ska_sort,0.2175
kv64,10000,24680,nearly_sorted,2,radixkit,0.046667
kv64,10000,24680,nearly_sorted,2,std_sort,0.035459
kv64,10000,24680,nearly_sorted,2,ska_sort,0.216333
kv64,10000,24680,nearly_sorted,2,ska_sort_copy,0.215833
kv64,10000,24680,nearly_sorted,3,std_sort,0.0355
kv64,10000,24680,nearly_sorted,3,ska_sort,0.215541
kv64,10000,24680,nearly_sorted,3,ska_sort_copy,0.215167
kv64,10000,24680,nearly_sorted,3,radixkit,0.046958
kv64,10000,24680,nearly_sorted,4,ska_sort,0.214625
kv64,10000,24680,nearly_sorted,4,ska_sort_copy,0.214875
kv64,10000,24680,nearly_sorted,4,radixkit,0.046792
kv64,10000,24680,nearly_sorted,4,std_sort,0.03525
kv64,10000,24680,nearly_sorted,5,ska_sort_copy,0.21775
kv64,10000,24680,nearly_sorted,5,radixkit,0.04825
kv64,10000,24680,nearly_sorted,5,std_sort,0.037792
kv64,10000,24680,nearly_sorted,5,ska_sort,0.218916
kv64,10000,24680,nearly_sorted,6,radixkit,0.048458
kv64,10000,24680,nearly_sorted,6,std_sort,0.036375
kv64,10000,24680,nearly_sorted,6,ska_sort,0.225458
kv64,10000,24680,nearly_sorted,6,ska_sort_copy,0.2225
kv64,10000,24680,nearly_sorted,7,std_sort,0.036334
kv64,10000,24680,nearly_sorted,7,ska_sort,0.223042
kv64,10000,24680,nearly_sorted,7,ska_sort_copy,0.22225
kv64,10000,24680,nearly_sorted,7,radixkit,0.048541
kv64,10000,24680,nearly_sorted,8,ska_sort,0.224292
kv64,10000,24680,nearly_sorted,8,ska_sort_copy,0.2535
kv64,10000,24680,nearly_sorted,8,radixkit,0.051458
kv64,10000,24680,nearly_sorted,8,std_sort,0.038875
u32,10000,97531,uniform,0,ska_sort,0.137083
u32,10000,97531,uniform,0,ska_sort_copy,0.034542
u32,10000,97531,uniform,0,radixkit,0.025583
u32,10000,97531,uniform,0,adaptive,0.025833
u32,10000,97531,uniform,0,std_sort,0.164
u32,10000,97531,uniform,1,ska_sort_copy,0.034792
u32,10000,97531,uniform,1,radixkit,0.025458
u32,10000,97531,uniform,1,adaptive,0.0255
u32,10000,97531,uniform,1,std_sort,0.161458
u32,10000,97531,uniform,1,ska_sort,0.135125
u32,10000,97531,uniform,2,radixkit,0.025542
u32,10000,97531,uniform,2,adaptive,0.02575
u32,10000,97531,uniform,2,std_sort,0.164625
u32,10000,97531,uniform,2,ska_sort,0.131333
u32,10000,97531,uniform,2,ska_sort_copy,0.033791
u32,10000,97531,uniform,3,adaptive,0.025709
u32,10000,97531,uniform,3,std_sort,0.159709
u32,10000,97531,uniform,3,ska_sort,0.139833
u32,10000,97531,uniform,3,ska_sort_copy,0.034334
u32,10000,97531,uniform,3,radixkit,0.025459
u32,10000,97531,uniform,4,std_sort,0.164375
u32,10000,97531,uniform,4,ska_sort,0.125583
u32,10000,97531,uniform,4,ska_sort_copy,0.034292
u32,10000,97531,uniform,4,radixkit,0.025625
u32,10000,97531,uniform,4,adaptive,0.025583
u32,10000,97531,uniform,5,ska_sort,0.124542
u32,10000,97531,uniform,5,ska_sort_copy,0.034417
u32,10000,97531,uniform,5,radixkit,0.025541
u32,10000,97531,uniform,5,adaptive,0.025709
u32,10000,97531,uniform,5,std_sort,0.168916
u32,10000,97531,uniform,6,ska_sort_copy,0.033917
u32,10000,97531,uniform,6,radixkit,0.025625
u32,10000,97531,uniform,6,adaptive,0.025583
u32,10000,97531,uniform,6,std_sort,0.155084
u32,10000,97531,uniform,6,ska_sort,0.119542
u32,10000,97531,uniform,7,radixkit,0.025416
u32,10000,97531,uniform,7,adaptive,0.0255
u32,10000,97531,uniform,7,std_sort,0.152959
u32,10000,97531,uniform,7,ska_sort,0.118834
u32,10000,97531,uniform,7,ska_sort_copy,0.034459
u32,10000,97531,uniform,8,adaptive,0.025459
u32,10000,97531,uniform,8,std_sort,0.152541
u32,10000,97531,uniform,8,ska_sort,0.118708
u32,10000,97531,uniform,8,ska_sort_copy,0.033792
u32,10000,97531,uniform,8,radixkit,0.025541
u32,10000,97531,uniform16,0,ska_sort,0.179333
u32,10000,97531,uniform16,0,ska_sort_copy,0.076209
u32,10000,97531,uniform16,0,radixkit,0.021416
u32,10000,97531,uniform16,0,adaptive,0.021625
u32,10000,97531,uniform16,0,std_sort,0.163
u32,10000,97531,uniform16,1,ska_sort_copy,0.076375
u32,10000,97531,uniform16,1,radixkit,0.021375
u32,10000,97531,uniform16,1,adaptive,0.021541
u32,10000,97531,uniform16,1,std_sort,0.1605
u32,10000,97531,uniform16,1,ska_sort,0.174875
u32,10000,97531,uniform16,2,radixkit,0.021792
u32,10000,97531,uniform16,2,adaptive,0.021542
u32,10000,97531,uniform16,2,std_sort,0.158
u32,10000,97531,uniform16,2,ska_sort,0.173375
u32,10000,97531,uniform16,2,ska_sort_copy,0.07925
u32,10000,97531,uniform16,3,adaptive,0.02175
u32,10000,97531,uniform16,3,std_sort,0.157667
u32,10000,97531,uniform16,3,ska_sort,0.18
u32,10000,97531,uniform16,3,ska_sort_copy,0.113333
u32,10000,97531,uniform16,3,radixkit,0.023083
u32,10000,97531,uniform16,4,std_sort,0.16875
u32,10000,97531,uniform16,4,ska_sort,0.305042
u32,10000,97531,uniform16,4,ska_sort_copy,0.108791
u32,10000,97531,uniform16,4,radixkit,0.024458
u32,10000,97531,uniform16,4,adaptive,0.023458
u32,10000,97531,uniform16,5,ska_sort,0.207875
u32,10000,97531,uniform16,5,ska_sort_copy,0.0845
u32,10000,97531,uniform16,5,radixkit,0.023042
u32,10000,97531,uniform16,5,adaptive,0.023166
u32,10000,97531,uniform16,5,std_sort,0.192584
u32,10000,97531,uniform16,6,ska_sort_copy,0.082875
u32,10000,97531,uniform16,6,radixkit,0.023792
u32,10000,97531,uniform16,6,adaptive,0.0235
u32,10000,97531,uniform16,6,std_sort,0.171958
u32,10000,97531,uniform16,6,ska_sort,0.192959
u32,10000,97531,uniform16,7,radixkit,0.023834
u32,10000,97531,uniform16,7,adaptive,0.032625
u32,10000,97531,uniform16,7,std_sort,0.232833
u32,10000,97531,uniform16,7,ska_sort,0.189959
u32,10000,97531,uniform16,7,ska_sort_copy,0.076667
u32,10000,97531,uniform16,8,adaptive,0.022
u32,10000,97531,uniform16,8,std_sort,0.172959
u32,10000,97531,uniform16,8,ska_sort,0.189417
u32,10000,97531,uniform16,8,ska_sort_copy,0.076625
u32,10000,97531,uniform16,8,radixkit,0.021583
u32,10000,97531,zeros99,0,ska_sort,0.126291
u32,10000,97531,zeros99,0,ska_sort_copy,0.107584
u32,10000,97531,zeros99,0,radixkit,0.082125
u32,10000,97531,zeros99,0,adaptive,0.005292
u32,10000,97531,zeros99,0,std_sort,0.008292
u32,10000,97531,zeros99,1,ska_sort_copy,0.107417
u32,10000,97531,zeros99,1,radixkit,0.082042
u32,10000,97531,zeros99,1,adaptive,0.005083
u32,10000,97531,zeros99,1,std_sort,0.007917
u32,10000,97531,zeros99,1,ska_sort,0.125208
u32,10000,97531,zeros99,2,radixkit,0.081417
u32,10000,97531,zeros99,2,adaptive,0.005042
u32,10000,97531,zeros99,2,std_sort,0.007708
u32,10000,97531,zeros99,2,ska_sort,0.123666
u32,10000,97531,zeros99,2,ska_sort_copy,0.10825
u32,10000,97531,zeros99,3,adaptive,0.004958
u32,10000,97531,zeros99,3,std_sort,0.007666
u32,10000,97531,zeros99,3,ska_sort,0.124916
u32,10000,97531,zeros99,3,ska_sort_copy,0.107791
u32,10000,97531,zeros99,3,radixkit,0.082042
u32,10000,97531,zeros99,4,std_sort,0.007709
u32,10000,97531,zeros99,4,ska_sort,0.1235
u32,10000,97531,zeros99,4,ska_sort_copy,0.107792
u32,10000,97531,zeros99,4,radixkit,0.081292
u32,10000,97531,zeros99,4,adaptive,0.005
u32,10000,97531,zeros99,5,ska_sort,0.125291
u32,10000,97531,zeros99,5,ska_sort_copy,0.107541
u32,10000,97531,zeros99,5,radixkit,0.082292
u32,10000,97531,zeros99,5,adaptive,0.005
u32,10000,97531,zeros99,5,std_sort,0.007708
u32,10000,97531,zeros99,6,ska_sort_copy,0.1075
u32,10000,97531,zeros99,6,radixkit,0.081708
u32,10000,97531,zeros99,6,adaptive,0.004917
u32,10000,97531,zeros99,6,std_sort,0.007666
u32,10000,97531,zeros99,6,ska_sort,0.124083
u32,10000,97531,zeros99,7,radixkit,0.082042
u32,10000,97531,zeros99,7,adaptive,0.004958
u32,10000,97531,zeros99,7,std_sort,0.007792
u32,10000,97531,zeros99,7,ska_sort,0.123792
u32,10000,97531,zeros99,7,ska_sort_copy,0.107542
u32,10000,97531,zeros99,8,adaptive,0.004
u32,10000,97531,zeros99,8,std_sort,0.007666
u32,10000,97531,zeros99,8,ska_sort,0.124417
u32,10000,97531,zeros99,8,ska_sort_copy,0.107542
u32,10000,97531,zeros99,8,radixkit,0.081667
u32,10000,97531,equal,0,ska_sort,0.084084
u32,10000,97531,equal,0,ska_sort_copy,0.106708
u32,10000,97531,equal,0,radixkit,0.011875
u32,10000,97531,equal,0,adaptive,0.000459
u32,10000,97531,equal,0,std_sort,0.012625
u32,10000,97531,equal,1,ska_sort_copy,0.122792
u32,10000,97531,equal,1,radixkit,0.011875
u32,10000,97531,equal,1,adaptive,0.000458
u32,10000,97531,equal,1,std_sort,0.012542
u32,10000,97531,equal,1,ska_sort,0.088
u32,10000,97531,equal,2,radixkit,0.011833
u32,10000,97531,equal,2,adaptive,0.0005
u32,10000,97531,equal,2,std_sort,0.012542
u32,10000,97531,equal,2,ska_sort,0.085041
u32,10000,97531,equal,2,ska_sort_copy,0.106791
u32,10000,97531,equal,3,adaptive,0.000458
u32,10000,97531,equal,3,std_sort,0.012541
u32,10000,97531,equal,3,ska_sort,0.085292
u32,10000,97531,equal,3,ska_sort_copy,0.10675
u32,10000,97531,equal,3,radixkit,0.011833
u32,10000,97531,equal,4,std_sort,0.012542
u32,10000,97531,equal,4,ska_sort,0.085625
u32,10000,97531,equal,4,ska_sort_copy,0.106875
u32,10000,97531,equal,4,radixkit,0.011792
u32,10000,97531,equal,4,adaptive,0.0005
u32,10000,97531,equal,5,ska_sort,0.084083
u32,10000,97531,equal,5,ska_sort_copy,0.106709
u32,10000,97531,equal,5,radixkit,0.011875
u32,10000,97531,equal,5,adaptive,0.0005
u32,10000,97531,equal,5,std_sort,0.012542
u32,10000,97531,equal,6,ska_sort_copy,0.106709
u32,10000,97531,equal,6,radixkit,0.011875
u32,10000,97531,equal,6,adaptive,0.000458
u32,10000,97531,equal,6,std_sort,0.012583
u32,10000,97531,equal,6,ska_sort,0.086667
u32,10000,97531,equal,7,radixkit,0.011833
u32,10000,97531,equal,7,adaptive,0.0005
u32,10000,97531,equal,7,std_sort,0.012625
u32,10000,97531,equal,7,ska_sort,0.08425
u32,10000,97531,equal,7,ska_sort_copy,0.106833
u32,10000,97531,equal,8,adaptive,0.0005
u32,10000,97531,equal,8,std_sort,0.012583
u32,10000,97531,equal,8,ska_sort,0.084458
u32,10000,97531,equal,8,ska_sort_copy,0.106709
u32,10000,97531,equal,8,radixkit,0.011792
u32,10000,97531,ascending,0,ska_sort,0.112542
u32,10000,97531,ascending,0,ska_sort_copy,0.071708
u32,10000,97531,ascending,0,radixkit,0.022625
u32,10000,97531,ascending,0,adaptive,0.003375
u32,10000,97531,ascending,0,std_sort,0.009583
u32,10000,97531,ascending,1,ska_sort_copy,0.071833
u32,10000,97531,ascending,1,radixkit,0.022583
u32,10000,97531,ascending,1,adaptive,0.003291
u32,10000,97531,ascending,1,std_sort,0.009541
u32,10000,97531,ascending,1,ska_sort,0.112542
u32,10000,97531,ascending,2,radixkit,0.022541
u32,10000,97531,ascending,2,adaptive,0.00325
u32,10000,97531,ascending,2,std_sort,0.009458
u32,10000,97531,ascending,2,ska_sort,0.112375
u32,10000,97531,ascending,2,ska_sort_copy,0.071791
u32,10000,97531,ascending,3,adaptive,0.00325
u32,10000,97531,ascending,3,std_sort,0.009458
u32,10000,97531,ascending,3,ska_sort,0.1125
u32,10000,97531,ascending,3,ska_sort_copy,0.071792
u32,10000,97531,ascending,3,radixkit,0.022666
u32,10000,97531,ascending,4,std_sort,0.009458
u32,10000,97531,ascending,4,ska_sort,0.112375
u32,10000,97531,ascending,4,ska_sort_copy,0.071666
u32,10000,97531,ascending,4,radixkit,0.0225
u32,10000,97531,ascending,4,adaptive,0.00325
u32,10000,97531,ascending,5,ska_sort,0.113958
u32,10000,97531,ascending,5,ska_sort_copy,0.071875
u32,10000,97531,ascending,5,radixkit,0.022583
u32,10000,97531,ascending,5,adaptive,0.003208
u32,10000,97531,ascending,5,std_sort,0.009458
u32,10000,97531,ascending,6,ska_sort_copy,0.071666
u32,10000,97531,ascending,6,radixkit,0.022583
u32,10000,97531,ascending,6,adaptive,0.00325
u32,10000,97531,ascending,6,std_sort,0.009458
u32,10000,97531,ascending,6,ska_sort,0.115375
u32,10000,97531,ascending,7,radixkit,0.0225
u32,10000,97531,ascending,7,adaptive,0.00325
u32,10000,97531,ascending,7,std_sort,0.0095
u32,10000,97531,ascending,7,ska_sort,0.112334
u32,10000,97531,ascending,7,ska_sort_copy,0.071917
u32,10000,97531,ascending,8,adaptive,0.00325
u32,10000,97531,ascending,8,std_sort,0.0095
u32,10000,97531,ascending,8,ska_sort,0.113542
u32,10000,97531,ascending,8,ska_sort_copy,0.08325
u32,10000,97531,ascending,8,radixkit,0.022541
u32,10000,97531,descending,0,ska_sort,0.122333
u32,10000,97531,descending,0,ska_sort_copy,0.07175
u32,10000,97531,descending,0,radixkit,0.022667
u32,10000,97531,descending,0,adaptive,0.005167
u32,10000,97531,descending,0,std_sort,0.016584
u32,10000,97531,descending,1,ska_sort_copy,0.072333
u32,10000,97531,descending,1,radixkit,0.023042
u32,10000,97531,descending,1,adaptive,0.005125
u32,10000,97531,descending,1,std_sort,0.016834
u32,10000,97531,descending,1,ska_sort,0.136791
u32,10000,97531,descending,2,radixkit,0.023042
u32,10000,97531,descending,2,adaptive,0.005125
u32,10000,97531,descending,2,std_sort,0.016833
u32,10000,97531,descending,2,ska_sort,0.124625
u32,10000,97531,descending,2,ska_sort_copy,0.086542
u32,10000,97531,descending,3,adaptive,0.005125
u32,10000,97531,descending,3,std_sort,0.016708
u32,10000,97531,descending,3,ska_sort,0.123833
u32,10000,97531,descending,3,ska_sort_copy,0.073125
u32,10000,97531,descending,3,radixkit,0.023
u32,10000,97531,descending,4,std_sort,0.016833
u32,10000,97531,descending,4,ska_sort,0.126667
u32,10000,97531,descending,4,ska_sort_copy,0.073125
u32,10000,97531,descending,4,radixkit,0.023125
u32,10000,97531,descending,4,adaptive,0.005083
u32,10000,97531,descending,5,ska_sort,0.12525
u32,10000,97531,descending,5,ska_sort_copy,0.073125
u32,10000,97531,descending,5,radixkit,0.023041
u32,10000,97531,descending,5,adaptive,0.005125
u32,10000,97531,descending,5,std_sort,0.016792
u32,10000,97531,descending,6,ska_sort_copy,0.073125
u32,10000,97531,descending,6,radixkit,0.023042
u32,10000,97531,descending,6,adaptive,0.005083
u32,10000,97531,descending,6,std_sort,0.016792
u32,10000,97531,descending,6,ska_sort,0.123917
u32,10000,97531,descending,7,radixkit,0.023208
u32,10000,97531,descending,7,adaptive,0.005083
u32,10000,97531,descending,7,std_sort,0.01675
u32,10000,97531,descending,7,ska_sort,0.124375
u32,10000,97531,descending,7,ska_sort_copy,0.073125
u32,10000,97531,descending,8,adaptive,0.005084
u32,10000,97531,descending,8,std_sort,0.01675
u32,10000,97531,descending,8,ska_sort,0.124916
u32,10000,97531,descending,8,ska_sort_copy,0.073208
u32,10000,97531,descending,8,radixkit,0.023
u32,10000,97531,sparse8,0,ska_sort,0.190917
u32,10000,97531,sparse8,0,ska_sort_copy,0.063667
u32,10000,97531,sparse8,0,radixkit,0.03575
u32,10000,97531,sparse8,0,adaptive,0.014541
u32,10000,97531,sparse8,0,std_sort,0.104125
u32,10000,97531,sparse8,1,ska_sort_copy,0.063875
u32,10000,97531,sparse8,1,radixkit,0.035292
u32,10000,97531,sparse8,1,adaptive,0.01375
u32,10000,97531,sparse8,1,std_sort,0.092
u32,10000,97531,sparse8,1,ska_sort,0.18725
u32,10000,97531,sparse8,2,radixkit,0.035333
u32,10000,97531,sparse8,2,adaptive,0.014084
u32,10000,97531,sparse8,2,std_sort,0.089875
u32,10000,97531,sparse8,2,ska_sort,0.184709
u32,10000,97531,sparse8,2,ska_sort_copy,0.076625
u32,10000,97531,sparse8,3,adaptive,0.016625
u32,10000,97531,sparse8,3,std_sort,0.114667
u32,10000,97531,sparse8,3,ska_sort,0.352625
u32,10000,97531,sparse8,3,ska_sort_copy,0.067667
u32,10000,97531,sparse8,3,radixkit,0.038042
u32,10000,97531,sparse8,4,std_sort,0.107833
u32,10000,97531,sparse8,4,ska_sort,0.206292
u32,10000,97531,sparse8,4,ska_sort_copy,0.068125
u32,10000,97531,sparse8,4,radixkit,0.037708
u32,10000,97531,sparse8,4,adaptive,0.016416
u32,10000,97531,sparse8,5,ska_sort,0.194208
u32,10000,97531,sparse8,5,ska_sort_copy,0.065583
u32,10000,97531,sparse8,5,radixkit,0.037375
u32,10000,97531,sparse8,5,adaptive,0.01525
u32,10000,97531,sparse8,5,std_sort,0.100708
u32,10000,97531,sparse8,6,ska_sort_copy,0.064709
u32,10000,97531,sparse8,6,radixkit,0.048375
u32,10000,97531,sparse8,6,adaptive,0.023333
u32,10000,97531,sparse8,6,std_sort,0.161542
u32,10000,97531,sparse8,6,ska_sort,0.201625
u32,10000,97531,sparse8,7,radixkit,0.04775
u32,10000,97531,sparse8,7,adaptive,0.0165
u32,10000,97531,sparse8,7,std_sort,0.123083
u32,10000,97531,sparse8,7,ska_sort,0.204959
u32,10000,97531,sparse8,7,ska_sort_copy,0.064
u32,10000,97531,sparse8,8,adaptive,0.015709
u32,10000,97531,sparse8,8,std_sort,0.105667
u32,10000,97531,sparse8,8,ska_sort,0.191416
u32,10000,97531,sparse8,8,ska_sort_copy,0.069083
u32,10000,97531,sparse8,8,radixkit,0.035083
u32,10000,97531,nearly_sorted,0,ska_sort,0.129208
u32,10000,97531,nearly_sorted,0,ska_sort_copy,0.071875
u32,10000,97531,nearly_sorted,0,radixkit,0.022625
u32,10000,97531,nearly_sorted,0,adaptive,0.022833
u32,10000,97531,nearly_sorted,0,std_sort,0.034458
u32,10000,97531,nearly_sorted,1,ska_sort_copy,0.071834
u32,10000,97531,nearly_sorted,1,radixkit,0.02275
u32,10000,97531,nearly_sorted,1,adaptive,0.022667
u32,10000,97531,nearly_sorted,1,std_sort,0.033667
u32,10000,97531,nearly_sorted,1,ska_sort,0.129208
u32,10000,97531,nearly_sorted,2,radixkit,0.022833
u32,10000,97531,nearly_sorted,2,adaptive,0.022708
u32,10000,97531,nearly_sorted,2,std_sort,0.033333
u32,10000,97531,nearly_sorted,2,ska_sort,0.128375
u32,10000,97531,nearly_sorted,2,ska_sort_copy,0.071792
u32,10000,97531,nearly_sorted,3,adaptive,0.022708
u32,10000,97531,nearly_sorted,3,std_sort,0.032792
u32,10000,97531,nearly_sorted,3,ska_sort,0.128917
u32,10000,97531,nearly_sorted,3,ska_sort_copy,0.071833
u32,10000,97531,nearly_sorted,3,radixkit,0.022708
u32,10000,97531,nearly_sorted,4,std_sort,0.032625
u32,10000,97531,nearly_sorted,4,ska_sort,0.128375
u32,10000,97531,nearly_sorted,4,ska_sort_copy,0.07175
u32,10000,97531,nearly_sorted,4,radixkit,0.022625
u32,10000,97531,nearly_sorted,4,adaptive,0.022708
u32,10000,97531,nearly_sorted,5,ska_sort,0.128333
u32,10000,97531,nearly_sorted,5,ska_sort_copy,0.072125
u32,10000,97531,nearly_sorted,5,radixkit,0.022625
u32,10000,97531,nearly_sorted,5,adaptive,0.022666
u32,10000,97531,nearly_sorted,5,std_sort,0.032541
u32,10000,97531,nearly_sorted,6,ska_sort_copy,0.07175
u32,10000,97531,nearly_sorted,6,radixkit,0.022541
u32,10000,97531,nearly_sorted,6,adaptive,0.022666
u32,10000,97531,nearly_sorted,6,std_sort,0.032542
u32,10000,97531,nearly_sorted,6,ska_sort,0.129
u32,10000,97531,nearly_sorted,7,radixkit,0.022708
u32,10000,97531,nearly_sorted,7,adaptive,0.022542
u32,10000,97531,nearly_sorted,7,std_sort,0.032542
u32,10000,97531,nearly_sorted,7,ska_sort,0.128834
u32,10000,97531,nearly_sorted,7,ska_sort_copy,0.071709
u32,10000,97531,nearly_sorted,8,adaptive,0.022625
u32,10000,97531,nearly_sorted,8,std_sort,0.03275
u32,10000,97531,nearly_sorted,8,ska_sort,0.129167
u32,10000,97531,nearly_sorted,8,ska_sort_copy,0.072209
u32,10000,97531,nearly_sorted,8,radixkit,0.022541
u64,10000,97531,uniform,0,ska_sort,0.126583
u64,10000,97531,uniform,0,ska_sort_copy,0.125458
u64,10000,97531,uniform,0,radixkit,0.050833
u64,10000,97531,uniform,0,adaptive,0.061042
u64,10000,97531,uniform,0,std_sort,0.174208
u64,10000,97531,uniform,1,ska_sort_copy,0.119209
u64,10000,97531,uniform,1,radixkit,0.051792
u64,10000,97531,uniform,1,adaptive,0.051167
u64,10000,97531,uniform,1,std_sort,0.172208
u64,10000,97531,uniform,1,ska_sort,0.123
u64,10000,97531,uniform,2,radixkit,0.051167
u64,10000,97531,uniform,2,adaptive,0.051375
u64,10000,97531,uniform,2,std_sort,0.171334
u64,10000,97531,uniform,2,ska_sort,0.120084
u64,10000,97531,uniform,2,ska_sort_copy,0.120458
u64,10000,97531,uniform,3,adaptive,0.051042
u64,10000,97531,uniform,3,std_sort,0.170959
u64,10000,97531,uniform,3,ska_sort,0.118333
u64,10000,97531,uniform,3,ska_sort_copy,0.11825
u64,10000,97531,uniform,3,radixkit,0.051375
u64,10000,97531,uniform,4,std_sort,0.173041
u64,10000,97531,uniform,4,ska_sort,0.117583
u64,10000,97531,uniform,4,ska_sort_copy,0.205167
u64,10000,97531,uniform,4,radixkit,0.052292
u64,10000,97531,uniform,4,adaptive,0.051458
u64,10000,97531,uniform,5,ska_sort,0.143167
u64,10000,97531,uniform,5,ska_sort_copy,0.141959
u64,10000,97531,uniform,5,radixkit,0.05175
u64,10000,97531,uniform,5,adaptive,0.062875
u64,10000,97531,uniform,5,std_sort,0.177667
u64,10000,97531,uniform,6,ska_sort_copy,0.132209
u64,10000,97531,uniform,6,radixkit,0.0495
u64,10000,97531,uniform,6,adaptive,0.049458
u64,10000,97531,uniform,6,std_sort,0.167333
u64,10000,97531,uniform,6,ska_sort,0.116041
u64,10000,97531,uniform,7,radixkit,0.049125
u64,10000,97531,uniform,7,adaptive,0.049084
u64,10000,97531,uniform,7,std_sort,0.173917
u64,10000,97531,uniform,7,ska_sort,0.119084
u64,10000,97531,uniform,7,ska_sort_copy,0.112916
u64,10000,97531,uniform,8,adaptive,0.049542
u64,10000,97531,uniform,8,std_sort,0.16375
u64,10000,97531,uniform,8,ska_sort,0.109708
u64,10000,97531,uniform,8,ska_sort_copy,0.108708
u64,10000,97531,uniform,8,radixkit,0.049292
u64,10000,97531,uniform16,0,ska_sort,0.258584
u64,10000,97531,uniform16,0,ska_sort_copy,0.255917
u64,10000,97531,uniform16,0,radixkit,0.037125
u64,10000,97531,uniform16,0,adaptive,0.036792
u64,10000,97531,uniform16,0,std_sort,0.166166
u64,10000,97531,uniform16,1,ska_sort_copy,0.254917
u64,10000,97531,uniform16,1,radixkit,0.037167
u64,10000,97531,uniform16,1,adaptive,0.036709
u64,10000,97531,uniform16,1,std_sort,0.164792
u64,10000,97531,uniform16,1,ska_sort,0.255125
u64,10000,97531,uniform16,2,radixkit,0.036708
u64,10000,97531,uniform16,2,adaptive,0.036875
u64,10000,97531,uniform16,2,std_sort,0.164042
u64,10000,97531,uniform16,2,ska_sort,0.255167
u64,10000,97531,uniform16,2,ska_sort_copy,0.254875
u64,10000,97531,uniform16,3,adaptive,0.038166
u64,10000,97531,uniform16,3,std_sort,0.165
u64,10000,97531,uniform16,3,ska_sort,0.253125
u64,10000,97531,uniform16,3,ska_sort_copy,0.254208
u64,10000,97531,uniform16,3,radixkit,0.038292
u64,10000,97531,uniform16,4,std_sort,0.188292
u64,10000,97531,uniform16,4,ska_sort,0.455416
u64,10000,97531,uniform16,4,ska_sort_copy,0.359042
u64,10000,97531,uniform16,4,radixkit,0.041417
u64,10000,97531,uniform16,4,adaptive,0.040417
u64,10000,97531,uniform16,5,ska_sort,0.310625
u64,10000,97531,uniform16,5,ska_sort_copy,0.305333
u64,10000,97531,uniform16,5,radixkit,0.040709
u64,10000,97531,uniform16,5,adaptive,0.040209
u64,10000,97531,uniform16,5,std_sort,0.184708
u64,10000,97531,uniform16,6,ska_sort_copy,0.295125
u64,10000,97531,uniform16,6,radixkit,0.037334
u64,10000,97531,uniform16,6,adaptive,0.037084
u64,10000,97531,uniform16,6,std_sort,0.16975
u64,10000,97531,uniform16,6,ska_sort,0.269542
u64,10000,97531,uniform16,7,radixkit,0.037042
u64,10000,97531,uniform16,7,adaptive,0.037
u64,10000,97531,uniform16,7,std_sort,0.164875
u64,10000,97531,uniform16,7,ska_sort,0.254417
u64,10000,97531,uniform16,7,ska_sort_copy,0.249209
u64,10000,97531,uniform16,8,adaptive,0.037291
u64,10000,97531,uniform16,8,std_sort,0.163916
u64,10000,97531,uniform16,8,ska_sort,0.2505
u64,10000,97531,uniform16,8,ska_sort_copy,0.248166
u64,10000,97531,uniform16,8,radixkit,0.038583
u64,10000,97531,zeros99,0,ska_sort,0.188334
u64,10000,97531,zeros99,0,ska_sort_copy,0.189583
u64,10000,97531,zeros99,0,radixkit,0.004
u64,10000,97531,zeros99,0,adaptive,0.004916
u64,10000,97531,zeros99,0,std_sort,0.008833
u64,10000,97531,zeros99,1,ska_sort_copy,0.191083
u64,10000,97531,zeros99,1,radixkit,0.003833
u64,10000,97531,zeros99,1,adaptive,0.004792
u64,10000,97531,zeros99,1,std_sort,0.008542
u64,10000,97531,zeros99,1,ska_sort,0.186666
u64,10000,97531,zeros99,2,radixkit,0.003792
u64,10000,97531,zeros99,2,adaptive,0.004667
u64,10000,97531,zeros99,2,std_sort,0.008333
u64,10000,97531,zeros99,2,ska_sort,0.190333
u64,10000,97531,zeros99,2,ska_sort_copy,0.1885
u64,10000,97531,zeros99,3,adaptive,0.004666
u64,10000,97531,zeros99,3,std_sort,0.008291
u64,10000,97531,zeros99,3,ska_sort,0.189167
u64,10000,97531,zeros99,3,ska_sort_copy,0.187875
u64,10000,97531,zeros99,3,radixkit,0.003792
u64,10000,97531,zeros99,4,std_sort,0.008291
u64,10000,97531,zeros99,4,ska_sort,0.188709
u64,10000,97531,zeros99,4,ska_sort_copy,0.188542
u64,10000,97531,zeros99,4,radixkit,0.003792
u64,10000,97531,zeros99,4,adaptive,0.004708
u64,10000,97531,zeros99,5,ska_sort,0.19075
u64,10000,97531,zeros99,5,ska_sort_copy,0.208666
u64,10000,97531,zeros99,5,radixkit,0.004083
u64,10000,97531,zeros99,5,adaptive,0.005375
u64,10000,97531,zeros99,5,std_sort,0.008875
u64,10000,97531,zeros99,6,ska_sort_copy,0.191208
u64,10000,97531,zeros99,6,radixkit,0.003958
u64,10000,97531,zeros99,6,adaptive,0.004916
u64,10000,97531,zeros99,6,std_sort,0.008541
u64,10000,97531,zeros99,6,ska_sort,0.194792
u64,10000,97531,zeros99,7,radixkit,0.003917
u64,10000,97531,zeros99,7,adaptive,0.004875
u64,10000,97531,zeros99,7,std_sort,0.008625
u64,10000,97531,zeros99,7,ska_sort,0.197917
u64,10000,97531,zeros99,7,ska_sort_copy,0.196541
u64,10000,97531,zeros99,8,adaptive,0.004875
u64,10000,97531,zeros99,8,std_sort,0.008583
u64,10000,97531,zeros99,8,ska_sort,0.196709
u64,10000,97531,zeros99,8,ska_sort_copy,0.205042
u64,10000,97531,zeros99,8,radixkit,0.004125
u64,10000,97531,equal,0,ska_sort,0.183083
u64,10000,97531,equal,0,ska_sort_copy,0.244958
u64,10000,97531,equal,0,radixkit,0.002083
u64,10000,97531,equal,0,adaptive,0.001417
u64,10000,97531,equal,0,std_sort,0.013917
u64,10000,97531,equal,1,ska_sort_copy,0.184125
u64,10000,97531,equal,1,radixkit,0.00175
u64,10000,97531,equal,1,adaptive,0.001167
u64,10000,97531,equal,1,std_sort,0.019
u64,10000,97531,equal,1,ska_sort,0.193042
u64,10000,97531,equal,2,radixkit,0.00175
u64,10000,97531,equal,2,adaptive,0.001167
u64,10000,97531,equal,2,std_sort,0.0135
u64,10000,97531,equal,2,ska_sort,0.1795
u64,10000,97531,equal,2,ska_sort_copy,0.185084
u64,10000,97531,equal,3,adaptive,0.001125
u64,10000,97531,equal,3,std_sort,0.013
u64,10000,97531,equal,3,ska_sort,0.174958
u64,10000,97531,equal,3,ska_sort_copy,0.175625
u64,10000,97531,equal,3,radixkit,0.001667
u64,10000,97531,equal,4,std_sort,0.012959
u64,10000,97531,equal,4,ska_sort,0.182125
u64,10000,97531,equal,4,ska_sort_copy,0.176458
u64,10000,97531,equal,4,radixkit,0.001708
u64,10000,97531,equal,4,adaptive,0.001167
u64,10000,97531,equal,5,ska_sort,0.192625
u64,10000,97531,equal,5,ska_sort_copy,0.17575
u64,10000,97531,equal,5,radixkit,0.001792
u64,10000,97531,equal,5,adaptive,0.001208
u64,10000,97531,equal,5,std_sort,0.013291
u64,10000,97531,equal,6,ska_sort_copy,0.177875
u64,10000,97531,equal,6,radixkit,0.001667
u64,10000,97531,equal,6,adaptive,0.001125
u64,10000,97531,equal,6,std_sort,0.013083
u64,10000,97531,equal,6,ska_sort,0.176833
u64,10000,97531,equal,7,radixkit,0.001667
u64,10000,97531,equal,7,adaptive,0.001125
u64,10000,97531,equal,7,std_sort,0.013
u64,10000,97531,equal,7,ska_sort,0.180083
u64,10000,97531,equal,7,ska_sort_copy,0.177709
u64,10000,97531,equal,8,adaptive,0.001125
u64,10000,97531,equal,8,std_sort,0.012959
u64,10000,97531,equal,8,ska_sort,0.175666
u64,10000,97531,equal,8,ska_sort_copy,0.176291
u64,10000,97531,equal,8,radixkit,0.001709
u64,10000,97531,ascending,0,ska_sort,0.204542
u64,10000,97531,ascending,0,ska_sort_copy,0.207334
u64,10000,97531,ascending,0,radixkit,0.006333
u64,10000,97531,ascending,0,adaptive,0.006417
u64,10000,97531,ascending,0,std_sort,0.009916
u64,10000,97531,ascending,1,ska_sort_copy,0.206
u64,10000,97531,ascending,1,radixkit,0.006333
u64,10000,97531,ascending,1,adaptive,0.0065
u64,10000,97531,ascending,1,std_sort,0.009917
u64,10000,97531,ascending,1,ska_sort,0.207375
u64,10000,97531,ascending,2,radixkit,0.006375
u64,10000,97531,ascending,2,adaptive,0.006417
u64,10000,97531,ascending,2,std_sort,0.009875
u64,10000,97531,ascending,2,ska_sort,0.20675
u64,10000,97531,ascending,2,ska_sort_copy,0.204667
u64,10000,97531,ascending,3,adaptive,0.006291
u64,10000,97531,ascending,3,std_sort,0.009416
u64,10000,97531,ascending,3,ska_sort,0.198292
u64,10000,97531,ascending,3,ska_sort_copy,0.203292
u64,10000,97531,ascending,3,radixkit,0.006083
u64,10000,97531,ascending,4,std_sort,0.0095
u64,10000,97531,ascending,4,ska_sort,0.200125
u64,10000,97531,ascending,4,ska_sort_copy,0.198583
u64,10000,97531,ascending,4,radixkit,0.006125
u64,10000,97531,ascending,4,adaptive,0.00625
u64,10000,97531,ascending,5,ska_sort,0.197
u64,10000,97531,ascending,5,ska_sort_copy,0.204583
u64,10000,97531,ascending,5,radixkit,0.006167
u64,10000,97531,ascending,5,adaptive,0.00625
u64,10000,97531,ascending,5,std_sort,0.0095
u64,10000,97531,ascending,6,ska_sort_copy,0.223125
u64,10000,97531,ascending,6,radixkit,0.007041
u64,10000,97531,ascending,6,adaptive,0.007166
u64,10000,97531,ascending,6,std_sort,0.010542
u64,10000,97531,ascending,6,ska_sort,0.221875
u64,10000,97531,ascending,7,radixkit,0.006583
u64,10000,97531,ascending,7,adaptive,0.006708
u64,10000,97531,ascending,7,std_sort,0.01025
u64,10000,97531,ascending,7,ska_sort,0.310125
u64,10000,97531,ascending,7,ska_sort_copy,0.213416
u64,10000,97531,ascending,8,adaptive,0.007208
u64,10000,97531,ascending,8,std_sort,0.010458
u64,10000,97531,ascending,8,ska_sort,0.227208
u64,10000,97531,ascending,8,ska_sort_copy,0.27175
u64,10000,97531,ascending,8,radixkit,0.006959
u64,10000,97531,descending,0,ska_sort,0.2095
u64,10000,97531,descending,0,ska_sort_copy,0.250667
u64,10000,97531,descending,0,radixkit,0.008625
u64,10000,97531,descending,0,adaptive,0.008417
u64,10000,97531,descending,0,std_sort,0.017125
u64,10000,97531,descending,1,ska_sort_copy,0.211208
u64,10000,97531,descending,1,radixkit,0.007959
u64,10000,97531,descending,1,adaptive,0.007958
u64,10000,97531,descending,1,std_sort,0.016792
u64,10000,97531,descending,1,ska_sort,0.207583
u64,10000,97531,descending,2,radixkit,0.007917
u64,10000,97531,descending,2,adaptive,0.008084
u64,10000,97531,descending,2,std_sort,0.016625
u64,10000,97531,descending,2,ska_sort,0.208917
u64,10000,97531,descending,2,ska_sort_copy,0.207
u64,10000,97531,descending,3,adaptive,0.007958
u64,10000,97531,descending,3,std_sort,0.016625
u64,10000,97531,descending,3,ska_sort,0.20725
u64,10000,97531,descending,3,ska_sort_copy,0.205667
u64,10000,97531,descending,3,radixkit,0.007875
u64,10000,97531,descending,4,std_sort,0.016542
u64,10000,97531,descending,4,ska_sort,0.207833
u64,10000,97531,descending,4,ska_sort_copy,0.205583
u64,10000,97531,descending,4,radixkit,0.007916
u64,10000,97531,descending,4,adaptive,0.007916
u64,10000,97531,descending,5,ska_sort,0.205667
u64,10000,97531,descending,5,ska_sort_copy,0.205917
u64,10000,97531,descending,5,radixkit,0.007916
u64,10000,97531,descending,5,adaptive,0.008
u64,10000,97531,descending,5,std_sort,0.016666
u64,10000,97531,descending,6,ska_sort_copy,0.20725
u64,10000,97531,descending,6,radixkit,0.008042
u64,10000,97531,descending,6,adaptive,0.007959
u64,10000,97531,descending,6,std_sort,0.01675
u64,10000,97531,descending,6,ska_sort,0.208958
u64,10000,97531,descending,7,radixkit,0.007875
u64,10000,97531,descending,7,adaptive,0.007875
u64,10000,97531,descending,7,std_sort,0.016584
u64,10000,97531,descending,7,ska_sort,0.207125
u64,10000,97531,descending,7,ska_sort_copy,0.206708
u64,10000,97531,descending,8,adaptive,0.008
u64,10000,97531,descending,8,std_sort,0.016625
u64,10000,97531,descending,8,ska_sort,0.2075
u64,10000,97531,descending,8,ska_sort_copy,0.2065
u64,10000,97531,descending,8,radixkit,0.007917
u64,10000,97531,sparse8,0,ska_sort,0.426958
u64,10000,97531,sparse8,0,ska_sort_copy,0.41925
u64,10000,97531,sparse8,0,radixkit,0.12975
u64,10000,97531,sparse8,0,adaptive,0.026833
u64,10000,97531,sparse8,0,std_sort,0.107417
u64,10000,97531,sparse8,1,ska_sort_copy,0.419167
u64,10000,97531,sparse8,1,radixkit,0.146166
u64,10000,97531,sparse8,1,adaptive,0.02625
u64,10000,97531,sparse8,1,std_sort,0.128167
u64,10000,97531,sparse8,1,ska_sort,0.464917
u64,10000,97531,sparse8,2,radixkit,0.1295
u64,10000,97531,sparse8,2,adaptive,0.025708
u64,10000,97531,sparse8,2,std_sort,0.11425
u64,10000,97531,sparse8,2,ska_sort,0.424667
u64,10000,97531,sparse8,2,ska_sort_copy,0.433
u64,10000,97531,sparse8,3,adaptive,0.0255
u64,10000,97531,sparse8,3,std_sort,0.10175
u64,10000,97531,sparse8,3,ska_sort,0.410084
u64,10000,97531,sparse8,3,ska_sort_copy,0.408417
u64,10000,97531,sparse8,3,radixkit,0.126417
u64,10000,97531,sparse8,4,std_sort,0.103583
u64,10000,97531,sparse8,4,ska_sort,0.406292
u64,10000,97531,sparse8,4,ska_sort_copy,0.405584
u64,10000,97531,sparse8,4,radixkit,0.127042
u64,10000,97531,sparse8,4,adaptive,0.025416
u64,10000,97531,sparse8,5,ska_sort,0.407417
u64,10000,97531,sparse8,5,ska_sort_copy,0.403125
u64,10000,97531,sparse8,5,radixkit,0.126375
u64,10000,97531,sparse8,5,adaptive,0.0255
u64,10000,97531,sparse8,5,std_sort,0.100666
u64,10000,97531,sparse8,6,ska_sort_copy,0.402708
u64,10000,97531,sparse8,6,radixkit,0.1245
u64,10000,97531,sparse8,6,adaptive,0.025458
u64,10000,97531,sparse8,6,std_sort,0.100417
u64,10000,97531,sparse8,6,ska_sort,0.417667
u64,10000,97531,sparse8,7,radixkit,0.214792
u64,10000,97531,sparse8,7,adaptive,0.074709
u64,10000,97531,sparse8,7,std_sort,0.121417
u64,10000,97531,sparse8,7,ska_sort,0.460334
u64,10000,97531,sparse8,7,ska_sort_copy,0.523792
u64,10000,97531,sparse8,8,adaptive,0.02775
u64,10000,97531,sparse8,8,std_sort,0.118041
u64,10000,97531,sparse8,8,ska_sort,0.491708
u64,10000,97531,sparse8,8,ska_sort_copy,0.413833
u64,10000,97531,sparse8,8,radixkit,0.131167
u64,10000,97531,nearly_sorted,0,ska_sort,0.215
u64,10000,97531,nearly_sorted,0,ska_sort_copy,0.220917
u64,10000,97531,nearly_sorted,0,radixkit,0.037792
u64,10000,97531,nearly_sorted,0,adaptive,0.037791
u64,10000,97531,nearly_sorted,0,std_sort,0.036458
u64,10000,97531,nearly_sorted,1,ska_sort_copy,0.214917
u64,10000,97531,nearly_sorted,1,radixkit,0.037541
u64,10000,97531,nearly_sorted,1,adaptive,0.037917
u64,10000,97531,nearly_sorted,1,std_sort,0.035667
u64,10000,97531,nearly_sorted,1,ska_sort,0.216042
u64,10000,97531,nearly_sorted,2,radixkit,0.037708
u64,10000,97531,nearly_sorted,2,adaptive,0.037666
u64,10000,97531,nearly_sorted,2,std_sort,0.03825
u64,10000,97531,nearly_sorted,2,ska_sort,0.214875
u64,10000,97531,nearly_sorted,2,ska_sort_copy,0.21325
u64,10000,97531,nearly_sorted,3,adaptive,0.037666
u64,10000,97531,nearly_sorted,3,std_sort,0.035167
u64,10000,97531,nearly_sorted,3,ska_sort,0.213458
u64,10000,97531,nearly_sorted,3,ska_sort_copy,0.214166
u64,10000,97531,nearly_sorted,3,radixkit,0.037542
u64,10000,97531,nearly_sorted,4,std_sort,0.035
u64,10000,97531,nearly_sorted,4,ska_sort,0.2155
u64,10000,97531,nearly_sorted,4,ska_sort_copy,0.214125
u64,10000,97531,nearly_sorted,4,radixkit,0.03775
u64,10000,97531,nearly_sorted,4,adaptive,0.037667
u64,10000,97531,nearly_sorted,5,ska_sort,0.213875
u64,10000,97531,nearly_sorted,5,ska_sort_copy,0.217166
u64,10000,97531,nearly_sorted,5,radixkit,0.037708
u64,10000,97531,nearly_sorted,5,adaptive,0.03775
u64,10000,97531,nearly_sorted,5,std_sort,0.034917
u64,10000,97531,nearly_sorted,6,ska_sort_copy,0.214791
u64,10000,97531,nearly_sorted,6,radixkit,0.037709
u64,10000,97531,nearly_sorted,6,adaptive,0.037708
u64,10000,97531,nearly_sorted,6,std_sort,0.034791
u64,10000,97531,nearly_sorted,6,ska_sort,0.215084
u64,10000,97531,nearly_sorted,7,radixkit,0.037584
u64,10000,97531,nearly_sorted,7,adaptive,0.03775
u64,10000,97531,nearly_sorted,7,std_sort,0.034916
u64,10000,97531,nearly_sorted,7,ska_sort,0.213208
u64,10000,97531,nearly_sorted,7,ska_sort_copy,0.212917
u64,10000,97531,nearly_sorted,8,adaptive,0.037792
u64,10000,97531,nearly_sorted,8,std_sort,0.034792
u64,10000,97531,nearly_sorted,8,ska_sort,0.225875
u64,10000,97531,nearly_sorted,8,ska_sort_copy,0.21925
u64,10000,97531,nearly_sorted,8,radixkit,0.039709
kv32,10000,97531,uniform,0,ska_sort,0.149625
kv32,10000,97531,uniform,0,ska_sort_copy,0.038833
kv32,10000,97531,uniform,0,radixkit,0.0525
kv32,10000,97531,uniform,0,std_sort,0.374375
kv32,10000,97531,uniform,1,ska_sort_copy,0.037958
kv32,10000,97531,uniform,1,radixkit,0.061875
kv32,10000,97531,uniform,1,std_sort,0.376625
kv32,10000,97531,uniform,1,ska_sort,0.15875
kv32,10000,97531,uniform,2,radixkit,0.052458
kv32,10000,97531,uniform,2,std_sort,0.363209
kv32,10000,97531,uniform,2,ska_sort,0.145583
kv32,10000,97531,uniform,2,ska_sort_copy,0.036959
kv32,10000,97531,uniform,3,std_sort,0.345292
kv32,10000,97531,uniform,3,ska_sort,0.15775
kv32,10000,97531,uniform,3,ska_sort_copy,0.036584
kv32,10000,97531,uniform,3,radixkit,0.050333
kv32,10000,97531,uniform,4,ska_sort,0.137833
kv32,10000,97531,uniform,4,ska_sort_copy,0.037084
kv32,10000,97531,uniform,4,radixkit,0.050416
kv32,10000,97531,uniform,4,std_sort,0.34125
kv32,10000,97531,uniform,5,ska_sort_copy,0.037041
kv32,10000,97531,uniform,5,radixkit,0.0505
kv32,10000,97531,uniform,5,std_sort,0.337542
kv32,10000,97531,uniform,5,ska_sort,0.133375
kv32,10000,97531,uniform,6,radixkit,0.050541
kv32,10000,97531,uniform,6,std_sort,0.334625
kv32,10000,97531,uniform,6,ska_sort,0.132
kv32,10000,97531,uniform,6,ska_sort_copy,0.0365
kv32,10000,97531,uniform,7,std_sort,0.336042
kv32,10000,97531,uniform,7,ska_sort,0.131333
kv32,10000,97531,uniform,7,ska_sort_copy,0.03725
kv32,10000,97531,uniform,7,radixkit,0.050542
kv32,10000,97531,uniform,8,ska_sort,0.129042
kv32,10000,97531,uniform,8,ska_sort_copy,0.036792
kv32,10000,97531,uniform,8,radixkit,0.050542
kv32,10000,97531,uniform,8,std_sort,0.3345
kv32,10000,97531,uniform16,0,ska_sort,0.366541
kv32,10000,97531,uniform16,0,ska_sort_copy,0.083291
kv32,10000,97531,uniform16,0,radixkit,0.040417
kv32,10000,97531,uniform16,0,std_sort,0.438875
kv32,10000,97531,uniform16,1,ska_sort_copy,0.096458
kv32,10000,97531,uniform16,1,radixkit,0.039084
kv32,10000,97531,uniform16,1,std_sort,0.39275
kv32,10000,97531,uniform16,1,ska_sort,0.249959
kv32,10000,97531,uniform16,2,radixkit,0.038625
kv32,10000,97531,uniform16,2,std_sort,0.346
kv32,10000,97531,uniform16,2,ska_sort,0.187709
kv32,10000,97531,uniform16,2,ska_sort_copy,0.086417
kv32,10000,97531,uniform16,3,std_sort,0.343875
kv32,10000,97531,uniform16,3,ska_sort,0.183958
kv32,10000,97531,uniform16,3,ska_sort_copy,0.076458
kv32,10000,97531,uniform16,3,radixkit,0.037667
kv32,10000,97531,uniform16,4,ska_sort,0.187042
kv32,10000,97531,uniform16,4,ska_sort_copy,0.082417
kv32,10000,97531,uniform16,4,radixkit,0.039042
kv32,10000,97531,uniform16,4,std_sort,0.337333
kv32,10000,97531,uniform16,5,ska_sort_copy,0.076917
kv32,10000,97531,uniform16,5,radixkit,0.037417
kv32,10000,97531,uniform16,5,std_sort,0.33
kv32,10000,97531,uniform16,5,ska_sort,0.175958
kv32,10000,97531,uniform16,6,radixkit,0.037417
kv32,10000,97531,uniform16,6,std_sort,0.327208
kv32,10000,97531,uniform16,6,ska_sort,0.175125
kv32,10000,97531,uniform16,6,ska_sort_copy,0.07675
kv32,10000,97531,uniform16,7,std_sort,0.326334
kv32,10000,97531,uniform16,7,ska_sort,0.177625
kv32,10000,97531,uniform16,7,ska_sort_copy,0.077
kv32,10000,97531,uniform16,7,radixkit,0.037375
kv32,10000,97531,uniform16,8,ska_sort,0.17175
kv32,10000,97531,uniform16,8,ska_sort_copy,0.076625
kv32,10000,97531,uniform16,8,radixkit,0.03775
kv32,10000,97531,uniform16,8,std_sort,0.32725
kv32,10000,97531,zeros99,0,ska_sort,0.126625
kv32,10000,97531,zeros99,0,ska_sort_copy,0.106584
kv32,10000,97531,zeros99,0,radixkit,0.086416
kv32,10000,97531,zeros99,0,std_sort,0.30375
kv32,10000,97531,zeros99,1,ska_sort_copy,0.109875
kv32,10000,97531,zeros99,1,radixkit,0.085458
kv32,10000,97531,zeros99,1,std_sort,0.290625
kv32,10000,97531,zeros99,1,ska_sort,0.130917
kv32,10000,97531,zeros99,2,radixkit,0.085375
kv32,10000,97531,zeros99,2,std_sort,0.288958
kv32,10000,97531,zeros99,2,ska_sort,0.131084
kv32,10000,97531,zeros99,2,ska_sort_copy,0.109583
kv32,10000,97531,zeros99,3,std_sort,0.290875
kv32,10000,97531,zeros99,3,ska_sort,0.146625
kv32,10000,97531,zeros99,3,ska_sort_copy,0.116666
kv32,10000,97531,zeros99,3,radixkit,0.083791
kv32,10000,97531,zeros99,4,ska_sort,0.130625
kv32,10000,97531,zeros99,4,ska_sort_copy,0.109583
kv32,10000,97531,zeros99,4,radixkit,0.1
kv32,10000,97531,zeros99,4,std_sort,0.290084
kv32,10000,97531,zeros99,5,ska_sort_copy,0.105834
kv32,10000,97531,zeros99,5,radixkit,0.082542
kv32,10000,97531,zeros99,5,std_sort,0.288417
kv32,10000,97531,zeros99,5,ska_sort,0.127542
kv32,10000,97531,zeros99,6,radixkit,0.086583
kv32,10000,97531,zeros99,6,std_sort,0.278375
kv32,10000,97531,zeros99,6,ska_sort,0.126
kv32,10000,97531,zeros99,6,ska_sort_copy,0.105917
kv32,10000,97531,zeros99,7,std_sort,0.277417
kv32,10000,97531,zeros99,7,ska_sort,0.126333
kv32,10000,97531,zeros99,7,ska_sort_copy,0.10575
kv32,10000,97531,zeros99,7,radixkit,0.0825
kv32,10000,97531,zeros99,8,ska_sort,0.129125
kv32,10000,97531,zeros99,8,ska_sort_copy,0.106
kv32,10000,97531,zeros99,8,radixkit,0.084
kv32,10000,97531,zeros99,8,std_sort,0.28225
kv32,10000,97531,equal,0,ska_sort,0.087041
kv32,10000,97531,equal,0,ska_sort_copy,0.106792
kv32,10000,97531,equal,0,radixkit,0.012459
kv32,10000,97531,equal,0,std_sort,0.006917
kv32,10000,97531,equal,1,ska_sort_copy,0.106708
kv32,10000,97531,equal,1,radixkit,0.012459
kv32,10000,97531,equal,1,std_sort,0.006917
kv32,10000,97531,equal,1,ska_sort,0.086542
kv32,10000,97531,equal,2,radixkit,0.012333
kv32,10000,97531,equal,2,std_sort,0.006875
kv32,10000,97531,equal,2,ska_sort,0.087125
kv32,10000,97531,equal,2,ska_sort_copy,0.109583
kv32,10000,97531,equal,3,std_sort,0.006875
kv32,10000,97531,equal,3,ska_sort,0.086459
kv32,10000,97531,equal,3,ska_sort_copy,0.106875
kv32,10000,97531,equal,3,radixkit,0.012458
kv32,10000,97531,equal,4,ska_sort,0.08575
kv32,10000,97531,equal,4,ska_sort_copy,0.106708
kv32,10000,97531,equal,4,radixkit,0.012459
kv32,10000,97531,equal,4,std_sort,0.006875
kv32,10000,97531,equal,5,ska_sort_copy,0.109333
kv32,10000,97531,equal,5,radixkit,0.012417
kv32,10000,97531,equal,5,std_sort,0.006834
kv32,10000,97531,equal,5,ska_sort,0.088583
kv32,10000,97531,equal,6,radixkit,0.013292
kv32,10000,97531,equal,6,std_sort,0.00725
kv32,10000,97531,equal,6,ska_sort,0.091333
kv32,10000,97531,equal,6,ska_sort_copy,0.19525
kv32,10000,97531,equal,7,std_sort,0.011875
kv32,10000,97531,equal,7,ska_sort,0.090458
kv32,10000,97531,equal,7,ska_sort_copy,0.112625
kv32,10000,97531,equal,7,radixkit,0.013208
kv32,10000,97531,equal,8,ska_sort,0.089958
kv32,10000,97531,equal,8,ska_sort_copy,0.112708
kv32,10000,97531,equal,8,radixkit,0.013334
kv32,10000,97531,equal,8,std_sort,0.007417
kv32,10000,97531,ascending,0,ska_sort,0.131583
kv32,10000,97531,ascending,0,ska_sort_copy,0.090167
kv32,10000,97531,ascending,0,radixkit,0.042375
kv32,10000,97531,ascending,0,std_sort,0.007917
kv32,10000,97531,ascending,1,ska_sort_copy,0.086709
kv32,10000,97531,ascending,1,radixkit,0.039625
kv32,10000,97531,ascending,1,std_sort,0.007041
kv32,10000,97531,ascending,1,ska_sort,0.123875
kv32,10000,97531,ascending,2,radixkit,0.043
kv32,10000,97531,ascending,2,std_sort,0.007292
kv32,10000,97531,ascending,2,ska_sort,0.116833
kv32,10000,97531,ascending,2,ska_sort_copy,0.085458
kv32,10000,97531,ascending,3,std_sort,0.006791
kv32,10000,97531,ascending,3,ska_sort,0.114625
kv32,10000,97531,ascending,3,ska_sort_copy,0.08525
kv32,10000,97531,ascending,3,radixkit,0.04025
kv32,10000,97531,ascending,4,ska_sort,0.113834
kv32,10000,97531,ascending,4,ska_sort_copy,0.084459
kv32,10000,97531,ascending,4,radixkit,0.040167
kv32,10000,97531,ascending,4,std_sort,0.006792
kv32,10000,97531,ascending,5,ska_sort_copy,0.085209
kv32,10000,97531,ascending,5,radixkit,0.045166
kv32,10000,97531,ascending,5,std_sort,0.006792
kv32,10000,97531,ascending,5,ska_sort,0.113584
kv32,10000,97531,ascending,6,radixkit,0.039709
kv32,10000,97531,ascending,6,std_sort,0.006875
kv32,10000,97531,ascending,6,ska_sort,0.114166
kv32,10000,97531,ascending,6,ska_sort_copy,0.084208
kv32,10000,97531,ascending,7,std_sort,0.006834
kv32,10000,97531,ascending,7,ska_sort,0.11375
kv32,10000,97531,ascending,7,ska_sort_copy,0.084041
kv32,10000,97531,ascending,7,radixkit,0.040125
kv32,10000,97531,ascending,8,ska_sort,0.116375
kv32,10000,97531,ascending,8,ska_sort_copy,0.084
kv32,10000,97531,ascending,8,radixkit,0.040167
kv32,10000,97531,ascending,8,std_sort,0.00675
kv32,10000,97531,descending,0,ska_sort,0.129584
kv32,10000,97531,descending,0,ska_sort_copy,0.085958
kv32,10000,97531,descending,0,radixkit,0.041209
kv32,10000,97531,descending,0,std_sort,0.011083
kv32,10000,97531,descending,1,ska_sort_copy,0.085667
kv32,10000,97531,descending,1,radixkit,0.041084
kv32,10000,97531,descending,1,std_sort,0.011125
kv32,10000,97531,descending,1,ska_sort,0.129125
kv32,10000,97531,descending,2,radixkit,0.041125
kv32,10000,97531,descending,2,std_sort,0.011375
kv32,10000,97531,descending,2,ska_sort,0.130417
kv32,10000,97531,descending,2,ska_sort_copy,0.086583
kv32,10000,97531,descending,3,std_sort,0.011458
kv32,10000,97531,descending,3,ska_sort,0.129916
kv32,10000,97531,descending,3,ska_sort_copy,0.086416
kv32,10000,97531,descending,3,radixkit,0.041167
kv32,10000,97531,descending,4,ska_sort,0.130541
kv32,10000,97531,descending,4,ska_sort_copy,0.085291
kv32,10000,97531,descending,4,radixkit,0.041125
kv32,10000,97531,descending,4,std_sort,0.011125
kv32,10000,97531,descending,5,ska_sort_copy,0.086125
kv32,10000,97531,descending,5,radixkit,0.041042
kv32,10000,97531,descending,5,std_sort,0.011208
kv32,10000,97531,descending,5,ska_sort,0.130709
kv32,10000,97531,descending,6,radixkit,0.041209
kv32,10000,97531,descending,6,std_sort,0.011292
kv32,10000,97531,descending,6,ska_sort,0.144542
kv32,10000,97531,descending,6,ska_sort_copy,0.088541
kv32,10000,97531,descending,7,std_sort,0.011125
kv32,10000,97531,descending,7,ska_sort,0.131667
kv32,10000,97531,descending,7,ska_sort_copy,0.086583
kv32,10000,97531,descending,7,radixkit,0.041958
kv32,10000,97531,descending,8,ska_sort,0.133709
kv32,10000,97531,descending,8,ska_sort_copy,0.086791
kv32,10000,97531,descending,8,radixkit,0.041708
kv32,10000,97531,descending,8,std_sort,0.011375
kv32,10000,97531,sparse8,0,ska_sort,0.200708
kv32,10000,97531,sparse8,0,ska_sort_copy,0.087416
kv32,10000,97531,sparse8,0,radixkit,0.068792
kv32,10000,97531,sparse8,0,std_sort,0.254375
kv32,10000,97531,sparse8,1,ska_sort_copy,0.070542
kv32,10000,97531,sparse8,1,radixkit,0.058625
kv32,10000,97531,sparse8,1,std_sort,0.260917
kv32,10000,97531,sparse8,1,ska_sort,0.209083
kv32,10000,97531,sparse8,2,radixkit,0.058083
kv32,10000,97531,sparse8,2,std_sort,0.233166
kv32,10000,97531,sparse8,2,ska_sort,0.2015
kv32,10000,97531,sparse8,2,ska_sort_copy,0.069542
kv32,10000,97531,sparse8,3,std_sort,0.233042
kv32,10000,97531,sparse8,3,ska_sort,0.201542
kv32,10000,97531,sparse8,3,ska_sort_copy,0.068708
kv32,10000,97531,sparse8,3,radixkit,0.056417
kv32,10000,97531,sparse8,4,ska_sort,0.195958
kv32,10000,97531,sparse8,4,ska_sort_copy,0.068417
kv32,10000,97531,sparse8,4,radixkit,0.059083
kv32,10000,97531,sparse8,4,std_sort,0.225417
kv32,10000,97531,sparse8,5,ska_sort_copy,0.0685
kv32,10000,97531,sparse8,5,radixkit,0.056459
kv32,10000,97531,sparse8,5,std_sort,0.22425
kv32,10000,97531,sparse8,5,ska_sort,0.18875
kv32,10000,97531,sparse8,6,radixkit,0.05625
kv32,10000,97531,sparse8,6,std_sort,0.221541
kv32,10000,97531,sparse8,6,ska_sort,0.188291
kv32,10000,97531,sparse8,6,ska_sort_copy,0.068375
kv32,10000,97531,sparse8,7,std_sort,0.224084
kv32,10000,97531,sparse8,7,ska_sort,0.187958
kv32,10000,97531,sparse8,7,ska_sort_copy,0.067958
kv32,10000,97531,sparse8,7,radixkit,0.056875
kv32,10000,97531,sparse8,8,ska_sort,0.187833
kv32,10000,97531,sparse8,8,ska_sort_copy,0.068375
kv32,10000,97531,sparse8,8,radixkit,0.056709
kv32,10000,97531,sparse8,8,std_sort,0.220959
kv32,10000,97531,nearly_sorted,0,ska_sort,0.133333
kv32,10000,97531,nearly_sorted,0,ska_sort_copy,0.086791
kv32,10000,97531,nearly_sorted,0,radixkit,0.04025
kv32,10000,97531,nearly_sorted,0,std_sort,0.043
kv32,10000,97531,nearly_sorted,1,ska_sort_copy,0.086958
kv32,10000,97531,nearly_sorted,1,radixkit,0.040167
kv32,10000,97531,nearly_sorted,1,std_sort,0.032167
kv32,10000,97531,nearly_sorted,1,ska_sort,0.132958
kv32,10000,97531,nearly_sorted,2,radixkit,0.040083
kv32,10000,97531,nearly_sorted,2,std_sort,0.042
kv32,10000,97531,nearly_sorted,2,ska_sort,0.156167
kv32,10000,97531,nearly_sorted,2,ska_sort_copy,0.089166
kv32,10000,97531,nearly_sorted,3,std_sort,0.136916
kv32,10000,97531,nearly_sorted,3,ska_sort,0.14725
kv32,10000,97531,nearly_sorted,3,ska_sort_copy,0.112125
kv32,10000,97531,nearly_sorted,3,radixkit,0.067792
kv32,10000,97531,nearly_sorted,4,ska_sort,0.143
kv32,10000,97531,nearly_sorted,4,ska_sort_copy,0.122208
kv32,10000,97531,nearly_sorted,4,radixkit,0.052334
kv32,10000,97531,nearly_sorted,4,std_sort,0.03725
kv32,10000,97531,nearly_sorted,5,ska_sort_copy,0.091458
kv32,10000,97531,nearly_sorted,5,radixkit,0.042459
kv32,10000,97531,nearly_sorted,5,std_sort,0.035292
kv32,10000,97531,nearly_sorted,5,ska_sort,0.142917
kv32,10000,97531,nearly_sorted,6,radixkit,0.043083
kv32,10000,97531,nearly_sorted,6,std_sort,0.039583
kv32,10000,97531,nearly_sorted,6,ska_sort,0.138166
kv32,10000,97531,nearly_sorted,6,ska_sort_copy,0.085416
kv32,10000,97531,nearly_sorted,7,std_sort,0.04375
kv32,10000,97531,nearly_sorted,7,ska_sort,0.136458
kv32,10000,97531,nearly_sorted,7,ska_sort_copy,0.084416
kv32,10000,97531,nearly_sorted,7,radixkit,0.039667
kv32,10000,97531,nearly_sorted,8,ska_sort,0.133291
kv32,10000,97531,nearly_sorted,8,ska_sort_copy,0.083916
kv32,10000,97531,nearly_sorted,8,radixkit,0.03975
kv32,10000,97531,nearly_sorted,8,std_sort,0.032917
kv64,10000,97531,uniform,0,ska_sort,0.133167
kv64,10000,97531,uniform,0,ska_sort_copy,0.12825
kv64,10000,97531,uniform,0,radixkit,0.0665
kv64,10000,97531,uniform,0,std_sort,0.361959
kv64,10000,97531,uniform,1,ska_sort_copy,0.135875
kv64,10000,97531,uniform,1,radixkit,0.067125
kv64,10000,97531,uniform,1,std_sort,0.340333
kv64,10000,97531,uniform,1,ska_sort,0.129125
kv64,10000,97531,uniform,2,radixkit,0.06675
kv64,10000,97531,uniform,2,std_sort,0.33475
kv64,10000,97531,uniform,2,ska_sort,0.128833
kv64,10000,97531,uniform,2,ska_sort_copy,0.126083
kv64,10000,97531,uniform,3,std_sort,0.334583
kv64,10000,97531,uniform,3,ska_sort,0.126875
kv64,10000,97531,uniform,3,ska_sort_copy,0.124459
kv64,10000,97531,uniform,3,radixkit,0.066625
kv64,10000,97531,uniform,4,ska_sort,0.123708
kv64,10000,97531,uniform,4,ska_sort_copy,0.134541
kv64,10000,97531,uniform,4,radixkit,0.070958
kv64,10000,97531,uniform,4,std_sort,0.343875
kv64,10000,97531,uniform,5,ska_sort_copy,0.129167
kv64,10000,97531,uniform,5,radixkit,0.070709
kv64,10000,97531,uniform,5,std_sort,0.345375
kv64,10000,97531,uniform,5,ska_sort,0.132667
kv64,10000,97531,uniform,6,radixkit,0.068667
kv64,10000,97531,uniform,6,std_sort,0.347625
kv64,10000,97531,uniform,6,ska_sort,0.129333
kv64,10000,97531,uniform,6,ska_sort_copy,0.128917
kv64,10000,97531,uniform,7,std_sort,0.392958
kv64,10000,97531,uniform,7,ska_sort,0.156417
kv64,10000,97531,uniform,7,ska_sort_copy,0.151417
kv64,10000,97531,uniform,7,radixkit,0.071584
kv64,10000,97531,uniform,8,ska_sort,0.154458
kv64,10000,97531,uniform,8,ska_sort_copy,0.143333
kv64,10000,97531,uniform,8,radixkit,0.066833
kv64,10000,97531,uniform,8,std_sort,0.362625
kv64,10000,97531,uniform16,0,ska_sort,0.259542
kv64,10000,97531,uniform16,0,ska_sort_copy,0.256333
kv64,10000,97531,uniform16,0,radixkit,0.042166
kv64,10000,97531,uniform16,0,std_sort,0.338042
kv64,10000,97531,uniform16,1,ska_sort_copy,0.254416
kv64,10000,97531,uniform16,1,radixkit,0.042
kv64,10000,97531,uniform16,1,std_sort,0.33325
kv64,10000,97531,uniform16,1,ska_sort,0.25475
kv64,10000,97531,uniform16,2,radixkit,0.042
kv64,10000,97531,uniform16,2,std_sort,0.330417
kv64,10000,97531,uniform16,2,ska_sort,0.255708
kv64,10000,97531,uniform16,2,ska_sort_copy,0.252083
kv64,10000,97531,uniform16,3,std_sort,0.331584
kv64,10000,97531,uniform16,3,ska_sort,0.254167
kv64,10000,97531,uniform16,3,ska_sort_copy,0.277042
kv64,10000,97531,uniform16,3,radixkit,0.042125
kv64,10000,97531,uniform16,4,ska_sort,0.280625
kv64,10000,97531,uniform16,4,ska_sort_copy,0.506958
kv64,10000,97531,uniform16,4,radixkit,0.046792
kv64,10000,97531,uniform16,4,std_sort,0.393875
kv64,10000,97531,uniform16,5,ska_sort_copy,0.337875
kv64,10000,97531,uniform16,5,radixkit,0.046875
kv64,10000,97531,uniform16,5,std_sort,0.4
kv64,10000,97531,uniform16,5,ska_sort,0.36825
kv64,10000,97531,uniform16,6,radixkit,0.043542
kv64,10000,97531,uniform16,6,std_sort,0.355958
kv64,10000,97531,uniform16,6,ska_sort,0.271375
kv64,10000,97531,uniform16,6,ska_sort_copy,0.265
kv64,10000,97531,uniform16,7,std_sort,0.337625
kv64,10000,97531,uniform16,7,ska_sort,0.2615
kv64,10000,97531,uniform16,7,ska_sort_copy,0.257125
kv64,10000,97531,uniform16,7,radixkit,0.042209
kv64,10000,97531,uniform16,8,ska_sort,0.2525
kv64,10000,97531,uniform16,8,ska_sort_copy,0.250167
kv64,10000,97531,uniform16,8,radixkit,0.042375
kv64,10000,97531,uniform16,8,std_sort,0.337209
kv64,10000,97531,zeros99,0,ska_sort,0.190083
kv64,10000,97531,zeros99,0,ska_sort_copy,0.18875
kv64,10000,97531,zeros99,0,radixkit,0.004209
kv64,10000,97531,zeros99,0,std_sort,0.278875
kv64,10000,97531,zeros99,1,ska_sort_copy,0.189917
kv64,10000,97531,zeros99,1,radixkit,0.004083
kv64,10000,97531,zeros99,1,std_sort,0.301041
kv64,10000,97531,zeros99,1,ska_sort,0.1955
kv64,10000,97531,zeros99,2,radixkit,0.004
kv64,10000,97531,zeros99,2,std_sort,0.290041
kv64,10000,97531,zeros99,2,ska_sort,0.195
kv64,10000,97531,zeros99,2,ska_sort_copy,0.195792
kv64,10000,97531,zeros99,3,std_sort,0.288125
kv64,10000,97531,zeros99,3,ska_sort,0.195041
kv64,10000,97531,zeros99,3,ska_sort_copy,0.197458
kv64,10000,97531,zeros99,3,radixkit,0.003916
kv64,10000,97531,zeros99,4,ska_sort,0.223625
kv64,10000,97531,zeros99,4,ska_sort_copy,0.194125
kv64,10000,97531,zeros99,4,radixkit,0.005792
kv64,10000,97531,zeros99,4,std_sort,0.310834
kv64,10000,97531,zeros99,5,ska_sort_copy,0.190042
kv64,10000,97531,zeros99,5,radixkit,0.004375
kv64,10000,97531,zeros99,5,std_sort,0.279875
kv64,10000,97531,zeros99,5,ska_sort,0.191625
kv64,10000,97531,zeros99,6,radixkit,0.004459
kv64,10000,97531,zeros99,6,std_sort,0.291667
kv64,10000,97531,zeros99,6,ska_sort,0.189375
kv64,10000,97531,zeros99,6,ska_sort_copy,0.189042
kv64,10000,97531,zeros99,7,std_sort,0.280167
kv64,10000,97531,zeros99,7,ska_sort,0.188292
kv64,10000,97531,zeros99,7,ska_sort_copy,0.18925
kv64,10000,97531,zeros99,7,radixkit,0.003875
kv64,10000,97531,zeros99,8,ska_sort,0.188333
kv64,10000,97531,zeros99,8,ska_sort_copy,0.189291
kv64,10000,97531,zeros99,8,radixkit,0.003792
kv64,10000,97531,zeros99,8,std_sort,0.277667
kv64,10000,97531,equal,0,ska_sort,0.170125
kv64,10000,97531,equal,0,ska_sort_copy,0.168833
kv64,10000,97531,equal,0,radixkit,0.001917
kv64,10000,97531,equal,0,std_sort,0.009458
kv64,10000,97531,equal,1,ska_sort_copy,0.16925
kv64,10000,97531,equal,1,radixkit,0.001958
kv64,10000,97531,equal,1,std_sort,0.009458
kv64,10000,97531,equal,1,ska_sort,0.168125
kv64,10000,97531,equal,2,radixkit,0.001917
kv64,10000,97531,equal,2,std_sort,0.009417
kv64,10000,97531,equal,2,ska_sort,0.168542
kv64,10000,97531,equal,2,ska_sort_copy,0.1685
kv64,10000,97531,equal,3,std_sort,0.009459
kv64,10000,97531,equal,3,ska_sort,0.170333
kv64,10000,97531,equal,3,ska_sort_copy,0.214084
kv64,10000,97531,equal,3,radixkit,0.002166
kv64,10000,97531,equal,4,ska_sort,0.347125
kv64,10000,97531,equal,4,ska_sort_copy,0.218666
kv64,10000,97531,equal,4,radixkit,0.002584
kv64,10000,97531,equal,4,std_sort,0.010625
kv64,10000,97531,equal,5,ska_sort_copy,0.186709
kv64,10000,97531,equal,5,radixkit,0.002167
kv64,10000,97531,equal,5,std_sort,0.010333
kv64,10000,97531,equal,5,ska_sort,0.211292
kv64,10000,97531,equal,6,radixkit,0.002125
kv64,10000,97531,equal,6,std_sort,0.010042
kv64,10000,97531,equal,6,ska_sort,0.180583
kv64,10000,97531,equal,6,ska_sort_copy,0.179
kv64,10000,97531,equal,7,std_sort,0.009583
kv64,10000,97531,equal,7,ska_sort,0.168042
kv64,10000,97531,equal,7,ska_sort_copy,0.175167
kv64,10000,97531,equal,7,radixkit,0.002
kv64,10000,97531,equal,8,ska_sort,0.16825
kv64,10000,97531,equal,8,ska_sort_copy,0.169542
kv64,10000,97531,equal,8,radixkit,0.001958
kv64,10000,97531,equal,8,std_sort,0.0095
kv64,10000,97531,ascending,0,ska_sort,0.198292
kv64,10000,97531,ascending,0,ska_sort_copy,0.201375
kv64,10000,97531,ascending,0,radixkit,0.006209
kv64,10000,97531,ascending,0,std_sort,0.009667
kv64,10000,97531,ascending,1,ska_sort_copy,0.197875
kv64,10000,97531,ascending,1,radixkit,0.006166
kv64,10000,97531,ascending,1,std_sort,0.009542
kv64,10000,97531,ascending,1,ska_sort,0.19725
kv64,10000,97531,ascending,2,radixkit,0.006125
kv64,10000,97531,ascending,2,std_sort,0.0095
kv64,10000,97531,ascending,2,ska_sort,0.198209
kv64,10000,97531,ascending,2,ska_sort_copy,0.198875
kv64,10000,97531,ascending,3,std_sort,0.009583
kv64,10000,97531,ascending,3,ska_sort,0.19825
kv64,10000,97531,ascending,3,ska_sort_copy,0.198625
kv64,10000,97531,ascending,3,radixkit,0.006208
kv64,10000,97531,ascending,4,ska_sort,0.198
kv64,10000,97531,ascending,4,ska_sort_copy,0.198042
kv64,10000,97531,ascending,4,radixkit,0.006208
kv64,10000,97531,ascending,4,std_sort,0.009542
kv64,10000,97531,ascending,5,ska_sort_copy,0.201375
kv64,10000,97531,ascending,5,radixkit,0.006167
kv64,10000,97531,ascending,5,std_sort,0.0095
kv64,10000,97531,ascending,5,ska_sort,0.198125
kv64,10000,97531,ascending,6,radixkit,0.006166
kv64,10000,97531,ascending,6,std_sort,0.0095
kv64,10000,97531,ascending,6,ska_sort,0.198625
kv64,10000,97531,ascending,6,ska_sort_copy,0.198166
kv64,10000,97531,ascending,7,std_sort,0.009541
kv64,10000,97531,ascending,7,ska_sort,0.198084
kv64,10000,97531,ascending,7,ska_sort_copy,0.19875
kv64,10000,97531,ascending,7,radixkit,0.006208
kv64,10000,97531,ascending,8,ska_sort,0.199125
kv64,10000,97531,ascending,8,ska_sort_copy,0.198042
kv64,10000,97531,ascending,8,radixkit,0.008917
kv64,10000,97531,ascending,8,std_sort,0.009875
kv64,10000,97531,descending,0,ska_sort,0.219459
kv64,10000,97531,descending,0,ska_sort_copy,0.217583
kv64,10000,97531,descending,0,radixkit,0.00975
kv64,10000,97531,descending,0,std_sort,0.014209
kv64,10000,97531,descending,1,ska_sort_copy,0.217375
kv64,10000,97531,descending,1,radixkit,0.00975
kv64,10000,97531,descending,1,std_sort,0.014125
kv64,10000,97531,descending,1,ska_sort,0.218292
kv64,10000,97531,descending,2,radixkit,0.00975
kv64,10000,97531,descending,2,std_sort,0.014167
kv64,10000,97531,descending,2,ska_sort,0.237708
kv64,10000,97531,descending,2,ska_sort_copy,0.225083
kv64,10000,97531,descending,3,std_sort,0.014083
kv64,10000,97531,descending,3,ska_sort,0.211917
kv64,10000,97531,descending,3,ska_sort_copy,0.218166
kv64,10000,97531,descending,3,radixkit,0.0095
kv64,10000,97531,descending,4,ska_sort,0.221375
kv64,10000,97531,descending,4,ska_sort_copy,0.211083
kv64,10000,97531,descending,4,radixkit,0.009542
kv64,10000,97531,descending,4,std_sort,0.013833
kv64,10000,97531,descending,5,ska_sort_copy,0.212958
kv64,10000,97531,descending,5,radixkit,0.009417
kv64,10000,97531,descending,5,std_sort,0.014333
kv64,10000,97531,descending,5,ska_sort,0.217291
kv64,10000,97531,descending,6,radixkit,0.0095
kv64,10000,97531,descending,6,std_sort,0.013833
kv64,10000,97531,descending,6,ska_sort,0.210959
kv64,10000,97531,descending,6,ska_sort_copy,0.210542
kv64,10000,97531,descending,7,std_sort,0.013667
kv64,10000,97531,descending,7,ska_sort,0.209709
kv64,10000,97531,descending,7,ska_sort_copy,0.210292
kv64,10000,97531,descending,7,radixkit,0.009458
kv64,10000,97531,descending,8,ska_sort,0.210041
kv64,10000,97531,descending,8,ska_sort_copy,0.211
kv64,10000,97531,descending,8,radixkit,0.009416
kv64,10000,97531,descending,8,std_sort,0.013708
kv64,10000,97531,sparse8,0,ska_sort,0.449166
kv64,10000,97531,sparse8,0,ska_sort_copy,0.507458
kv64,10000,97531,sparse8,0,radixkit,0.264958
kv64,10000,97531,sparse8,0,std_sort,0.285584
kv64,10000,97531,sparse8,1,ska_sort_copy,0.550292
kv64,10000,97531,sparse8,1,radixkit,0.140042
kv64,10000,97531,sparse8,1,std_sort,0.24625
kv64,10000,97531,sparse8,1,ska_sort,0.4715
kv64,10000,97531,sparse8,2,radixkit,0.129792
kv64,10000,97531,sparse8,2,std_sort,0.245958
kv64,10000,97531,sparse8,2,ska_sort,0.437208
kv64,10000,97531,sparse8,2,ska_sort_copy,0.435375
kv64,10000,97531,sparse8,3,std_sort,0.23725
kv64,10000,97531,sparse8,3,ska_sort,0.436167
kv64,10000,97531,sparse8,3,ska_sort_copy,0.429041
kv64,10000,97531,sparse8,3,radixkit,0.13125
kv64,10000,97531,sparse8,4,ska_sort,0.427708
kv64,10000,97531,sparse8,4,ska_sort_copy,0.429625
kv64,10000,97531,sparse8,4,radixkit,0.130875
kv64,10000,97531,sparse8,4,std_sort,0.2355
kv64,10000,97531,sparse8,5,ska_sort_copy,0.428959
kv64,10000,97531,sparse8,5,radixkit,0.13
kv64,10000,97531,sparse8,5,std_sort,0.233458
kv64,10000,97531,sparse8,5,ska_sort,0.431959
kv64,10000,97531,sparse8,6,radixkit,0.129958
kv64,10000,97531,sparse8,6,std_sort,0.233042
kv64,10000,97531,sparse8,6,ska_sort,0.442959
kv64,10000,97531,sparse8,6,ska_sort_copy,0.44225
kv64,10000,97531,sparse8,7,std_sort,0.243834
kv64,10000,97531,sparse8,7,ska_sort,0.443917
kv64,10000,97531,sparse8,7,ska_sort_copy,0.442334
kv64,10000,97531,sparse8,7,radixkit,0.133459
kv64,10000,97531,sparse8,8,ska_sort,0.469375
kv64,10000,97531,sparse8,8,ska_sort_copy,0.45025
kv64,10000,97531,sparse8,8,radixkit,0.1345
kv64,10000,97531,sparse8,8,std_sort,0.238125
kv64,10000,97531,nearly_sorted,0,ska_sort,0.219792
kv64,10000,97531,nearly_sorted,0,ska_sort_copy,0.218
kv64,10000,97531,nearly_sorted,0,radixkit,0.046875
kv64,10000,97531,nearly_sorted,0,std_sort,0.036709
kv64,10000,97531,nearly_sorted,1,ska_sort_copy,0.217
kv64,10000,97531,nearly_sorted,1,radixkit,0.046709
kv64,10000,97531,nearly_sorted,1,std_sort,0.036416
kv64,10000,97531,nearly_sorted,1,ska_sort,0.22
kv64,10000,97531,nearly_sorted,2,radixkit,0.046625
kv64,10000,97531,nearly_sorted,2,std_sort,0.035792
kv64,10000,97531,nearly_sorted,2,ska_sort,0.216583
kv64,10000,97531,nearly_sorted,2,ska_sort_copy,0.21675
kv64,10000,97531,nearly_sorted,3,std_sort,0.035792
kv64,10000,97531,nearly_sorted,3,ska_sort,0.217458
kv64,10000,97531,nearly_sorted,3,ska_sort_copy,0.217667
kv64,10000,97531,nearly_sorted,3,radixkit,0.046625
kv64,10000,97531,nearly_sorted,4,ska_sort,0.216625
kv64,10000,97531,nearly_sorted,4,ska_sort_copy,0.217375
kv64,10000,97531,nearly_sorted,4,radixkit,0.046875
kv64,10000,97531,nearly_sorted,4,std_sort,0.03575
kv64,10000,97531,nearly_sorted,5,ska_sort_copy,0.217166
kv64,10000,97531,nearly_sorted,5,radixkit,0.04675
kv64,10000,97531,nearly_sorted,5,std_sort,0.035458
kv64,10000,97531,nearly_sorted,5,ska_sort,0.220833
kv64,10000,97531,nearly_sorted,6,radixkit,0.046666
kv64,10000,97531,nearly_sorted,6,std_sort,0.035458
kv64,10000,97531,nearly_sorted,6,ska_sort,0.217
kv64,10000,97531,nearly_sorted,6,ska_sort_copy,0.253625
kv64,10000,97531,nearly_sorted,7,std_sort,0.038042
kv64,10000,97531,nearly_sorted,7,ska_sort,0.280041
kv64,10000,97531,nearly_sorted,7,ska_sort_copy,0.234208
kv64,10000,97531,nearly_sorted,7,radixkit,0.058833
kv64,10000,97531,nearly_sorted,8,ska_sort,0.321042
kv64,10000,97531,nearly_sorted,8,ska_sort_copy,0.24725
kv64,10000,97531,nearly_sorted,8,radixkit,0.085417
kv64,10000,97531,nearly_sorted,8,std_sort,0.042625
u32,100000,13579,uniform,0,ska_sort,1.434334
u32,100000,13579,uniform,0,ska_sort_copy,0.38725
u32,100000,13579,uniform,0,radixkit,0.252
u32,100000,13579,uniform,0,adaptive,0.26175
u32,100000,13579,uniform,0,std_sort,1.990958
u32,100000,13579,uniform,1,ska_sort_copy,0.414167
u32,100000,13579,uniform,1,radixkit,0.274375
u32,100000,13579,uniform,1,adaptive,0.288041
u32,100000,13579,uniform,1,std_sort,1.948833
u32,100000,13579,uniform,1,ska_sort,1.438708
u32,100000,13579,uniform,2,radixkit,0.259208
u32,100000,13579,uniform,2,adaptive,0.243417
u32,100000,13579,uniform,2,std_sort,1.829542
u32,100000,13579,uniform,2,ska_sort,1.494417
u32,100000,13579,uniform,2,ska_sort_copy,0.38775
u32,100000,13579,uniform,3,adaptive,0.261333
u32,100000,13579,uniform,3,std_sort,1.876375
u32,100000,13579,uniform,3,ska_sort,1.391583
u32,100000,13579,uniform,3,ska_sort_copy,0.362917
u32,100000,13579,uniform,3,radixkit,0.24325
u32,100000,13579,uniform,4,std_sort,1.853417
u32,100000,13579,uniform,4,ska_sort,1.42275
u32,100000,13579,uniform,4,ska_sort_copy,0.430958
u32,100000,13579,uniform,4,radixkit,0.268708
u32,100000,13579,uniform,4,adaptive,0.247209
u32,100000,13579,uniform,5,ska_sort,1.395
u32,100000,13579,uniform,5,ska_sort_copy,0.3585
u32,100000,13579,uniform,5,radixkit,0.244667
u32,100000,13579,uniform,5,adaptive,0.245834
u32,100000,13579,uniform,5,std_sort,1.850042
u32,100000,13579,uniform,6,ska_sort_copy,0.357167
u32,100000,13579,uniform,6,radixkit,0.244917
u32,100000,13579,uniform,6,adaptive,0.251166
u32,100000,13579,uniform,6,std_sort,1.929041
u32,100000,13579,uniform,6,ska_sort,1.666041
u32,100000,13579,uniform,7,radixkit,0.274083
u32,100000,13579,uniform,7,adaptive,0.243625
u32,100000,13579,uniform,7,std_sort,1.855333
u32,100000,13579,uniform,7,ska_sort,1.378958
u32,100000,13579,uniform,7,ska_sort_copy,0.35875
u32,100000,13579,uniform,8,adaptive,0.250542
u32,100000,13579,uniform,8,std_sort,1.895375
u32,100000,13579,uniform,8,ska_sort,1.699417
u32,100000,13579,uniform,8,ska_sort_copy,0.387291
u32,100000,13579,uniform,8,radixkit,0.253167
u32,100000,13579,uniform16,0,ska_sort,1.196625
u32,100000,13579,uniform16,0,ska_sort_copy,0.771167
u32,100000,13579,uniform16,0,radixkit,0.185458
u32,100000,13579,uniform16,0,adaptive,0.193125
u32,100000,13579,uniform16,0,std_sort,1.893125
u32,100000,13579,uniform16,1,ska_sort_copy,0.847417
u32,100000,13579,uniform16,1,radixkit,0.208042
u32,100000,13579,uniform16,1,adaptive,0.195417
u32,100000,13579,uniform16,1,std_sort,1.859459
u32,100000,13579,uniform16,1,ska_sort,1.214625
u32,100000,13579,uniform16,2,radixkit,0.185
u32,100000,13579,uniform16,2,adaptive,0.1855
u32,100000,13579,uniform16,2,std_sort,1.807791
u32,100000,13579,uniform16,2,ska_sort,1.265667
u32,100000,13579,uniform16,2,ska_sort_copy,0.819042
u32,100000,13579,uniform16,3,adaptive,0.197458
u32,100000,13579,uniform16,3,std_sort,1.869459
u32,100000,13579,uniform16,3,ska_sort,1.211125
u32,100000,13579,uniform16,3,ska_sort_copy,0.7725
u32,100000,13579,uniform16,3,radixkit,0.185417
u32,100000,13579,uniform16,4,std_sort,1.827625
u32,100000,13579,uniform16,4,ska_sort,1.242791
u32,100000,13579,uniform16,4,ska_sort_copy,0.847958
u32,100000,13579,uniform16,4,radixkit,0.195917
u32,100000,13579,uniform16,4,adaptive,0.198542
u32,100000,13579,uniform16,5,ska_sort,1.233166
u32,100000,13579,uniform16,5,ska_sort_copy,0.775291
u32,100000,13579,uniform16,5,radixkit,0.185209
u32,100000,13579,uniform16,5,adaptive,0.185042
u32,100000,13579,uniform16,5,std_sort,1.831334
u32,100000,13579,uniform16,6,ska_sort_copy,0.780333
u32,100000,13579,uniform16,6,radixkit,0.185083
u32,100000,13579,uniform16,6,adaptive,0.187709
u32,100000,13579,uniform16,6,std_sort,1.880458
u32,100000,13579,uniform16,6,ska_sort,1.364042
u32,100000,13579,uniform16,7,radixkit,0.206042
u32,100000,13579,uniform16,7,adaptive,0.188417
u32,100000,13579,uniform16,7,std_sort,1.829916
u32,100000,13579,uniform16,7,ska_sort,1.212458
u32,100000,13579,uniform16,7,ska_sort_copy,0.783292
u32,100000,13579,uniform16,8,adaptive,0.202291
u32,100000,13579,uniform16,8,std_sort,1.888834
u32,100000,13579,uniform16,8,ska_sort,1.239583
u32,100000,13579,uniform16,8,ska_sort_copy,0.784542
u32,100000,13579,uniform16,8,radixkit,0.185417
u32,100000,13579,zeros99,0,ska_sort,1.266333
u32,100000,13579,zeros99,0,ska_sort_copy,1.080417
u32,100000,13579,zeros99,0,radixkit,0.270166
u32,100000,13579,zeros99,0,adaptive,0.047583
u32,100000,13579,zeros99,0,std_sort,0.084667
u32,100000,13579,zeros99,1,ska_sort_copy,1.074333
u32,100000,13579,zeros99,1,radixkit,0.270083
u32,100000,13579,zeros99,1,adaptive,0.038625
u32,100000,13579,zeros99,1,std_sort,0.082459
u32,100000,13579,zeros99,1,ska_sort,1.301459
u32,100000,13579,zeros99,2,radixkit,0.280209
u32,100000,13579,zeros99,2,adaptive,0.039625
u32,100000,13579,zeros99,2,std_sort,0.081375
u32,100000,13579,zeros99,2,ska_sort,1.327875
u32,100000,13579,zeros99,2,ska_sort_copy,1.090708
u32,100000,13579,zeros99,3,adaptive,0.039584
u32,100000,13579,zeros99,3,std_sort,0.0845
u32,100000,13579,zeros99,3,ska_sort,1.252917
u32,100000,13579,zeros99,3,ska_sort_copy,1.072125
u32,100000,13579,zeros99,3,radixkit,0.273375
u32,100000,13579,zeros99,4,std_sort,0.080916
u32,100000,13579,zeros99,4,ska_sort,1.258834
u32,100000,13579,zeros99,4,ska_sort_copy,1.11625
u32,100000,13579,zeros99,4,radixkit,0.280834
u32,100000,13579,zeros99,4,adaptive,0.040459
u32,100000,13579,zeros99,5,ska_sort,1.46875
u32,100000,13579,zeros99,5,ska_sort_copy,1.1425
u32,100000,13579,zeros99,5,radixkit,0.273
u32,100000,13579,zeros99,5,adaptive,0.0395
u32,100000,13579,zeros99,5,std_sort,0.096041
u32,100000,13579,zeros99,6,ska_sort_copy,1.080417
u32,100000,13579,zeros99,6,radixkit,0.27
u32,100000,13579,zeros99,6,adaptive,0.038291
u32,100000,13579,zeros99,6,std_sort,0.081583
u32,100000,13579,zeros99,6,ska_sort,1.269375
u32,100000,13579,zeros99,7,radixkit,0.273
u32,100000,13579,zeros99,7,adaptive,0.03825
u32,100000,13579,zeros99,7,std_sort,0.07925
u32,100000,13579,zeros99,7,ska_sort,1.2975
u32,100000,13579,zeros99,7,ska_sort_copy,1.135125
u32,100000,13579,zeros99,8,adaptive,0.043042
u32,100000,13579,zeros99,8,std_sort,0.08175
u32,100000,13579,zeros99,8,ska_sort,1.27075
u32,100000,13579,zeros99,8,ska_sort_copy,1.072
u32,100000,13579,zeros99,8,radixkit,0.2705
u32,100000,13579,equal,0,ska_sort,0.87375
u32,100000,13579,equal,0,ska_sort_copy,1.118333
u32,100000,13579,equal,0,radixkit,0.123416
u32,100000,13579,equal,0,adaptive,0.005042
u32,100000,13579,equal,0,std_sort,0.13225
u32,100000,13579,equal,1,ska_sort_copy,1.107167
u32,100000,13579,equal,1,radixkit,0.114667
u32,100000,13579,equal,1,adaptive,0.00475
u32,100000,13579,equal,1,std_sort,0.135125
u32,100000,13579,equal,1,ska_sort,0.872208
u32,100000,13579,equal,2,radixkit,0.114667
u32,100000,13579,equal,2,adaptive,0.00475
u32,100000,13579,equal,2,std_sort,0.124917
u32,100000,13579,equal,2,ska_sort,0.863458
u32,100000,13579,equal,2,ska_sort_copy,1.066291
u32,100000,13579,equal,3,adaptive,0.004708
u32,100000,13579,equal,3,std_sort,0.124958
u32,100000,13579,equal,3,ska_sort,0.873166
u32,100000,13579,equal,3,ska_sort_copy,1.110417
u32,100000,13579,equal,3,radixkit,0.118792
u32,100000,13579,equal,4,std_sort,0.129292
u32,100000,13579,equal,4,ska_sort,0.907583
u32,100000,13579,equal,4,ska_sort_copy,1.072625
u32,100000,13579,equal,4,radixkit,0.115083
u32,100000,13579,equal,4,adaptive,0.005041
u32,100000,13579,equal,5,ska_sort,0.858458
u32,100000,13579,equal,5,ska_sort_copy,1.06725
u32,100000,13579,equal,5,radixkit,0.11475
u32,100000,13579,equal,5,adaptive,0.004792
u32,100000,13579,equal,5,std_sort,0.125292
u32,100000,13579,equal,6,ska_sort_copy,1.069875
u32,100000,13579,equal,6,radixkit,0.114708
u32,100000,13579,equal,6,adaptive,0.004709
u32,100000,13579,equal,6,std_sort,0.124958
u32,100000,13579,equal,6,ska_sort,0.872042
u32,100000,13579,equal,7,radixkit,0.114792
u32,100000,13579,equal,7,adaptive,0.00475
u32,100000,13579,equal,7,std_sort,0.130333
u32,100000,13579,equal,7,ska_sort,0.907875
u32,100000,13579,equal,7,ska_sort_copy,1.220792
u32,100000,13579,equal,8,adaptive,0.005084
u32,100000,13579,equal,8,std_sort,0.128042
u32,100000,13579,equal,8,ska_sort,0.885959
u32,100000,13579,equal,8,ska_sort_copy,1.069166
u32,100000,13579,equal,8,radixkit,0.114917
u32,100000,13579,ascending,0,ska_sort,1.438042
u32,100000,13579,ascending,0,ska_sort_copy,0.764792
u32,100000,13579,ascending,0,radixkit,0.678958
u32,100000,13579,ascending,0,adaptive,0.031583
u32,100000,13579,ascending,0,std_sort,0.093917
u32,100000,13579,ascending,1,ska_sort_copy,0.730208
u32,100000,13579,ascending,1,radixkit,0.64825
u32,100000,13579,ascending,1,adaptive,0.031458
u32,100000,13579,ascending,1,std_sort,0.093916
u32,100000,13579,ascending,1,ska_sort,1.351459
u32,100000,13579,ascending,2,radixkit,0.66075
u32,100000,13579,ascending,2,adaptive,0.031417
u32,100000,13579,ascending,2,std_sort,0.093875
u32,100000,13579,ascending,2,ska_sort,1.389458
u32,100000,13579,ascending,2,ska_sort_copy,0.75975
u32,100000,13579,ascending,3,adaptive,0.033916
u32,100000,13579,ascending,3,std_sort,0.099875
u32,100000,13579,ascending,3,ska_sort,1.573709
u32,100000,13579,ascending,3,ska_sort_copy,0.754208
u32,100000,13579,ascending,3,radixkit,0.6635
u32,100000,13579,ascending,4,std_sort,0.094083
u32,100000,13579,ascending,4,ska_sort,1.343167
u32,100000,13579,ascending,4,ska_sort_copy,0.730458
u32,100000,13579,ascending,4,radixkit,0.663541
u32,100000,13579,ascending,4,adaptive,0.044292
u32,100000,13579,ascending,5,ska_sort,1.393625
u32,100000,13579,ascending,5,ska_sort_copy,0.78275
u32,100000,13579,ascending,5,radixkit,0.661167
u32,100000,13579,ascending,5,adaptive,0.031625
u32,100000,13579,ascending,5,std_sort,0.094209
u32,100000,13579,ascending,6,ska_sort_copy,0.744542
u32,100000,13579,ascending,6,radixkit,0.651375
u32,100000,13579,ascending,6,adaptive,0.0315
u32,100000,13579,ascending,6,std_sort,0.096542
u32,100000,13579,ascending,6,ska_sort,1.34225
u32,100000,13579,ascending,7,radixkit,0.634709
u32,100000,13579,ascending,7,adaptive,0.031417
u32,100000,13579,ascending,7,std_sort,0.09375
u32,100000,13579,ascending,7,ska_sort,1.347542
u32,100000,13579,ascending,7,ska_sort_copy,0.746375
u32,100000,13579,ascending,8,adaptive,0.0325
u32,100000,13579,ascending,8,std_sort,0.097084
u32,100000,13579,ascending,8,ska_sort,1.46425
u32,100000,13579,ascending,8,ska_sort_copy,0.754084
u32,100000,13579,ascending,8,radixkit,0.680459
u32,100000,13579,descending,0,ska_sort,1.43275
u32,100000,13579,descending,0,ska_sort_copy,0.76825
u32,100000,13579,descending,0,radixkit,0.68775
u32,100000,13579,descending,0,adaptive,0.050458
u32,100000,13579,descending,0,std_sort,0.163042
u32,100000,13579,descending,1,ska_sort_copy,0.747583
u32,100000,13579,descending,1,radixkit,0.658709
u32,100000,13579,descending,1,adaptive,0.049958
u32,100000,13579,descending,1,std_sort,0.162708
u32,100000,13579,descending,1,ska_sort,1.407625
u32,100000,13579,descending,2,radixkit,0.646291
u32,100000,13579,descending,2,adaptive,0.049958
u32,100000,13579,descending,2,std_sort,0.162458
u32,100000,13579,descending,2,ska_sort,1.410333
u32,100000,13579,descending,2,ska_sort_copy,0.764042
u32,100000,13579,descending,3,adaptive,0.051667
u32,100000,13579,descending,3,std_sort,0.172041
u32,100000,13579,descending,3,ska_sort,1.556917
u32,100000,13579,descending,3,ska_sort_copy,0.792625
u32,100000,13579,descending,3,radixkit,0.652667
u32,100000,13579,descending,4,std_sort,0.163375
u32,100000,13579,descending,4,ska_sort,1.411459
u32,100000,13579,descending,4,ska_sort_copy,0.727042
u32,100000,13579,descending,4,radixkit,0.634333
u32,100000,13579,descending,4,adaptive,0.050542
u32,100000,13579,descending,5,ska_sort,1.450667
u32,100000,13579,descending,5,ska_sort_copy,0.752375
u32,100000,13579,descending,5,radixkit,0.703625
u32,100000,13579,descending,5,adaptive,0.062791
u32,100000,13579,descending,5,std_sort,0.171375
u32,100000,13579,descending,6,ska_sort_copy,0.740875
u32,100000,13579,descending,6,radixkit,0.670084
u32,100000,13579,descending,6,adaptive,0.049875
u32,100000,13579,descending,6,std_sort,0.1625
u32,100000,13579,descending,6,ska_sort,1.413583
u32,100000,13579,descending,7,radixkit,0.6595
u32,100000,13579,descending,7,adaptive,0.049792
u32,100000,13579,descending,7,std_sort,0.162584
u32,100000,13579,descending,7,ska_sort,1.406667
u32,100000,13579,descending,7,ska_sort_copy,0.765583
u32,100000,13579,descending,8,adaptive,0.051375
u32,100000,13579,descending,8,std_sort,0.171208
u32,100000,13579,descending,8,ska_sort,1.471916
u32,100000,13579,descending,8,ska_sort_copy,0.758125
u32,100000,13579,descending,8,radixkit,0.657583
u32,100000,13579,sparse8,0,ska_sort,1.020209
u32,100000,13579,sparse8,0,ska_sort_copy,0.6455
u32,100000,13579,sparse8,0,radixkit,0.318458
u32,100000,13579,sparse8,0,adaptive,0.102334
u32,100000,13579,sparse8,0,std_sort,0.819458
u32,100000,13579,sparse8,1,ska_sort_copy,0.627292
u32,100000,13579,sparse8,1,radixkit,0.318041
u32,100000,13579,sparse8,1,adaptive,0.102166
u32,100000,13579,sparse8,1,std_sort,0.807708
u32,100000,13579,sparse8,1,ska_sort,0.965542
u32,100000,13579,sparse8,2,radixkit,0.3265
u32,100000,13579,sparse8,2,adaptive,0.101917
u32,100000,13579,sparse8,2,std_sort,0.850375
u32,100000,13579,sparse8,2,ska_sort,1.020042
u32,100000,13579,sparse8,2,ska_sort_copy,0.664833
u32,100000,13579,sparse8,3,adaptive,0.1105
u32,100000,13579,sparse8,3,std_sort,0.838292
u32,100000,13579,sparse8,3,ska_sort,0.958625
u32,100000,13579,sparse8,3,ska_sort_copy,0.628083
u32,100000,13579,sparse8,3,radixkit,0.318458
u32,100000,13579,sparse8,4,std_sort,0.808542
u32,100000,13579,sparse8,4,ska_sort,0.954417
u32,100000,13579,sparse8,4,ska_sort_copy,0.647375
u32,100000,13579,sparse8,4,radixkit,0.33075
u32,100000,13579,sparse8,4,adaptive,0.105792
u32,100000,13579,sparse8,5,ska_sort,0.983458
u32,100000,13579,sparse8,5,ska_sort_copy,0.670375
u32,100000,13579,sparse8,5,radixkit,0.340542
u32,100000,13579,sparse8,5,adaptive,0.114625
u32,100000,13579,sparse8,5,std_sort,0.7975
u32,100000,13579,sparse8,6,ska_sort_copy,0.630292
u32,100000,13579,sparse8,6,radixkit,0.317833
u32,100000,13579,sparse8,6,adaptive,0.101709
u32,100000,13579,sparse8,6,std_sort,0.800125
u32,100000,13579,sparse8,6,ska_sort,0.959791
u32,100000,13579,sparse8,7,radixkit,0.318291
u32,100000,13579,sparse8,7,adaptive,0.102125
u32,100000,13579,sparse8,7,std_sort,0.799083
u32,100000,13579,sparse8,7,ska_sort,0.979833
u32,100000,13579,sparse8,7,ska_sort_copy,0.656666
u32,100000,13579,sparse8,8,adaptive,0.109667
u32,100000,13579,sparse8,8,std_sort,0.94475
u32,100000,13579,sparse8,8,ska_sort,1.018833
u32,100000,13579,sparse8,8,ska_sort_copy,0.638833
u32,100000,13579,sparse8,8,radixkit,0.31825
u32,100000,13579,nearly_sorted,0,ska_sort,1.704667
u32,100000,13579,nearly_sorted,0,ska_sort_copy,0.747083
u32,100000,13579,nearly_sorted,0,radixkit,0.651416
u32,100000,13579,nearly_sorted,0,adaptive,0.638125
u32,100000,13579,nearly_sorted,0,std_sort,0.275042
u32,100000,13579,nearly_sorted,1,ska_sort_copy,0.725292
u32,100000,13579,nearly_sorted,1,radixkit,0.6535
u32,100000,13579,nearly_sorted,1,adaptive,0.657333
u32,100000,13579,nearly_sorted,1,std_sort,0.27475
u32,100000,13579,nearly_sorted,1,ska_sort,1.66975
u32,100000,13579,nearly_sorted,2,radixkit,0.6925
u32,100000,13579,nearly_sorted,2,adaptive,0.683125
u32,100000,13579,nearly_sorted,2,std_sort,0.27225
u32,100000,13579,nearly_sorted,2,ska_sort,1.642542
u32,100000,13579,nearly_sorted,2,ska_sort_copy,0.728458
u32,100000,13579,nearly_sorted,3,adaptive,0.655791
u32,100000,13579,nearly_sorted,3,std_sort,0.271917
u32,100000,13579,nearly_sorted,3,ska_sort,1.648583
u32,100000,13579,nearly_sorted,3,ska_sort_copy,0.751667
u32,100000,13579,nearly_sorted,3,radixkit,0.655375
u32,100000,13579,nearly_sorted,4,std_sort,0.298292
u32,100000,13579,nearly_sorted,4,ska_sort,1.677542
u32,100000,13579,nearly_sorted,4,ska_sort_copy,0.731167
u32,100000,13579,nearly_sorted,4,radixkit,0.6615
u32,100000,13579,nearly_sorted,4,adaptive,0.652458
u32,100000,13579,nearly_sorted,5,ska_sort,1.639333
u32,100000,13579,nearly_sorted,5,ska_sort_copy,0.73375
u32,100000,13579,nearly_sorted,5,radixkit,0.648583
u32,100000,13579,nearly_sorted,5,adaptive,0.675875
u32,100000,13579,nearly_sorted,5,std_sort,0.288458
u32,100000,13579,nearly_sorted,6,ska_sort_copy,0.90875
u32,100000,13579,nearly_sorted,6,radixkit,0.715708
u32,100000,13579,nearly_sorted,6,adaptive,0.694667
u32,100000,13579,nearly_sorted,6,std_sort,0.274
u32,100000,13579,nearly_sorted,6,ska_sort,1.644125
u32,100000,13579,nearly_sorted,7,radixkit,0.648417
u32,100000,13579,nearly_sorted,7,adaptive,0.67575
u32,100000,13579,nearly_sorted,7,std_sort,0.295792
u32,100000,13579,nearly_sorted,7,ska_sort,1.766
u32,100000,13579,nearly_sorted,7,ska_sort_copy,0.964291
u32,100000,13579,nearly_sorted,8,adaptive,0.781625
u32,100000,13579,nearly_sorted,8,std_sort,0.296083
u32,100000,13579,nearly_sorted,8,ska_sort,1.746292
u32,100000,13579,nearly_sorted,8,ska_sort_copy,0.788458
u32,100000,13579,nearly_sorted,8,radixkit,0.706333
u64,100000,13579,uniform,0,ska_sort,1.455875
u64,100000,13579,uniform,0,ska_sort_copy,1.373875
u64,100000,13579,uniform,0,radixkit,0.500792
u64,100000,13579,uniform,0,adaptive,0.497708
u64,100000,13579,uniform,0,std_sort,1.893042
u64,100000,13579,uniform,1,ska_sort_copy,1.40825
u64,100000,13579,uniform,1,radixkit,0.53575
u64,100000,13579,uniform,1,adaptive,0.539167
u64,100000,13579,uniform,1,std_sort,1.940959
u64,100000,13579,uniform,1,ska_sort,1.39225
u64,100000,13579,uniform,2,radixkit,0.503459
u64,100000,13579,uniform,2,adaptive,0.497834
u64,100000,13579,uniform,2,std_sort,1.917084
u64,100000,13579,uniform,2,ska_sort,1.441583
u64,100000,13579,uniform,2,ska_sort_copy,1.408917
u64,100000,13579,uniform,3,adaptive,0.546875
u64,100000,13579,uniform,3,std_sort,1.884041
u64,100000,13579,uniform,3,ska_sort,1.390084
u64,100000,13579,uniform,3,ska_sort_copy,1.368209
u64,100000,13579,uniform,3,radixkit,0.534208
u64,100000,13579,uniform,4,std_sort,2.246042
u64,100000,13579,uniform,4,ska_sort,1.433375
u64,100000,13579,uniform,4,ska_sort_copy,1.39075
u64,100000,13579,uniform,4,radixkit,0.532833
u64,100000,13579,uniform,4,adaptive,0.497083
u64,100000,13579,uniform,5,ska_sort,1.402667
u64,100000,13579,uniform,5,ska_sort_copy,1.43825
u64,100000,13579,uniform,5,radixkit,0.55125
u64,100000,13579,uniform,5,adaptive,0.508166
u64,100000,13579,uniform,5,std_sort,1.913583
u64,100000,13579,uniform,6,ska_sort_copy,1.389875
u64,100000,13579,uniform,6,radixkit,0.498
u64,100000,13579,uniform,6,adaptive,0.498
u64,100000,13579,uniform,6,std_sort,1.941667
u64,100000,13579,uniform,6,ska_sort,1.501792
u64,100000,13579,uniform,7,radixkit,0.537542
u64,100000,13579,uniform,7,adaptive,0.501042
u64,100000,13579,uniform,7,std_sort,1.886084
u64,100000,13579,uniform,7,ska_sort,1.381333
u64,100000,13579,uniform,7,ska_sort_copy,1.414542
u64,100000,13579,uniform,8,adaptive,0.518375
u64,100000,13579,uniform,8,std_sort,2.013792
u64,100000,13579,uniform,8,ska_sort,1.409667
u64,100000,13579,uniform,8,ska_sort_copy,1.396917
u64,100000,13579,uniform,8,radixkit,0.508708
u64,100000,13579,uniform16,0,ska_sort,2.123166
u64,100000,13579,uniform16,0,ska_sort_copy,2.082875
u64,100000,13579,uniform16,0,radixkit,0.351125
u64,100000,13579,uniform16,0,adaptive,0.352416
u64,100000,13579,uniform16,0,std_sort,1.91725
u64,100000,13579,uniform16,1,ska_sort_copy,2.222125
u64,100000,13579,uniform16,1,radixkit,0.382375
u64,100000,13579,uniform16,1,adaptive,0.347041
u64,100000,13579,uniform16,1,std_sort,1.877667
u64,100000,13579,uniform16,1,ska_sort,2.097792
u64,100000,13579,uniform16,2,radixkit,0.358291
u64,100000,13579,uniform16,2,adaptive,0.361042
u64,100000,13579,uniform16,2,std_sort,2.005417
u64,100000,13579,uniform16,2,ska_sort,2.098084
u64,100000,13579,uniform16,2,ska_sort_copy,2.081833
u64,100000,13579,uniform16,3,adaptive,0.360583
u64,100000,13579,uniform16,3,std_sort,1.927125
u64,100000,13579,uniform16,3,ska_sort,2.181292
u64,100000,13579,uniform16,3,ska_sort_copy,2.106417
u64,100000,13579,uniform16,3,radixkit,0.375625
u64,100000,13579,uniform16,4,std_sort,1.88025
u64,100000,13579,uniform16,4,ska_sort,2.160042
u64,100000,13579,uniform16,4,ska_sort_copy,2.137917
u64,100000,13579,uniform16,4,radixkit,0.367083
u64,100000,13579,uniform16,4,adaptive,0.348458
u64,100000,13579,uniform16,5,ska_sort,2.074
u64,100000,13579,uniform16,5,ska_sort_copy,2.126875
u64,100000,13579,uniform16,5,radixkit,0.420125
u64,100000,13579,uniform16,5,adaptive,0.363083
u64,100000,13579,uniform16,5,std_sort,2.112333
u64,100000,13579,uniform16,6,ska_sort_copy,2.083709
u64,100000,13579,uniform16,6,radixkit,0.380042
u64,100000,13579,uniform16,6,adaptive,0.347167
u64,100000,13579,uniform16,6,std_sort,1.91525
u64,100000,13579,uniform16,6,ska_sort,2.164084
u64,100000,13579,uniform16,7,radixkit,0.393334
u64,100000,13579,uniform16,7,adaptive,0.357209
u64,100000,13579,uniform16,7,std_sort,1.887208
u64,100000,13579,uniform16,7,ska_sort,2.081334
u64,100000,13579,uniform16,7,ska_sort_copy,2.163541
u64,100000,13579,uniform16,8,adaptive,0.38125
u64,100000,13579,uniform16,8,std_sort,1.954
u64,100000,13579,uniform16,8,ska_sort,2.092042
u64,100000,13579,uniform16,8,ska_sort_copy,2.097
u64,100000,13579,uniform16,8,radixkit,0.359625
u64,100000,13579,zeros99,0,ska_sort,2.288792
u64,100000,13579,zeros99,0,ska_sort_copy,2.138375
u64,100000,13579,zeros99,0,radixkit,0.047125
u64,100000,13579,zeros99,0,adaptive,0.042167
u64,100000,13579,zeros99,0,std_sort,0.101916
u64,100000,13579,zeros99,1,ska_sort_copy,2.120125
u64,100000,13579,zeros99,1,radixkit,0.04375
u64,100000,13579,zeros99,1,adaptive,0.041416
u64,100000,13579,zeros99,1,std_sort,0.093416
u64,100000,13579,zeros99,1,ska_sort,2.188625
u64,100000,13579,zeros99,2,radixkit,0.058791
u64,100000,13579,zeros99,2,adaptive,0.043625
u64,100000,13579,zeros99,2,std_sort,0.104583
u64,100000,13579,zeros99,2,ska_sort,2.140542
u64,100000,13579,zeros99,2,ska_sort_copy,2.118166
u64,100000,13579,zeros99,3,adaptive,0.041542
u64,100000,13579,zeros99,3,std_sort,0.088459
u64,100000,13579,zeros99,3,ska_sort,2.144542
u64,100000,13579,zeros99,3,ska_sort_copy,2.192167
u64,100000,13579,zeros99,3,radixkit,0.044125
u64,100000,13579,zeros99,4,std_sort,0.084541
u64,100000,13579,zeros99,4,ska_sort,2.118792
u64,100000,13579,zeros99,4,ska_sort_copy,2.109792
u64,100000,13579,zeros99,4,radixkit,0.0415
u64,100000,13579,zeros99,4,adaptive,0.043
u64,100000,13579,zeros99,5,ska_sort,2.211792
u64,100000,13579,zeros99,5,ska_sort_copy,2.172917
u64,100000,13579,zeros99,5,radixkit,0.048875
u64,100000,13579,zeros99,5,adaptive,0.042458
u64,100000,13579,zeros99,5,std_sort,0.099084
u64,100000,13579,zeros99,6,ska_sort_copy,2.125583
u64,100000,13579,zeros99,6,radixkit,0.044041
u64,100000,13579,zeros99,6,adaptive,0.041958
u64,100000,13579,zeros99,6,std_sort,0.087042
u64,100000,13579,zeros99,6,ska_sort,2.139625
u64,100000,13579,zeros99,7,radixkit,0.043291
u64,100000,13579,zeros99,7,adaptive,0.043791
u64,100000,13579,zeros99,7,std_sort,0.100167
u64,100000,13579,zeros99,7,ska_sort,2.185417
u64,100000,13579,zeros99,7,ska_sort_copy,2.121084
u64,100000,13579,zeros99,8,adaptive,0.042125
u64,100000,13579,zeros99,8,std_sort,0.082959
u64,100000,13579,zeros99,8,ska_sort,2.112042
u64,100000,13579,zeros99,8,ska_sort_copy,2.259958
u64,100000,13579,zeros99,8,radixkit,0.046625
u64,100000,13579,equal,0,ska_sort,1.731125
u64,100000,13579,equal,0,ska_sort_copy,1.788
u64,100000,13579,equal,0,radixkit,0.017125
u64,100000,13579,equal,0,adaptive,0.010083
u64,100000,13579,equal,0,std_sort,0.133375
u64,100000,13579,equal,1,ska_sort_copy,1.912583
u64,100000,13579,equal,1,radixkit,0.016167
u64,100000,13579,equal,1,adaptive,0.009459
u64,100000,13579,equal,1,std_sort,0.127791
u64,100000,13579,equal,1,ska_sort,1.733791
u64,100000,13579,equal,2,radixkit,0.015666
u64,100000,13579,equal,2,adaptive,0.009375
u64,100000,13579,equal,2,std_sort,0.125
u64,100000,13579,equal,2,ska_sort,1.812208
u64,100000,13579,equal,2,ska_sort_copy,1.802792
u64,100000,13579,equal,3,adaptive,0.009375
u64,100000,13579,equal,3,std_sort,0.129291
u64,100000,13579,equal,3,ska_sort,1.739792
u64,100000,13579,equal,3,ska_sort_copy,1.725583
u64,100000,13579,equal,3,radixkit,0.01575
u64,100000,13579,equal,4,std_sort,0.125
u64,100000,13579,equal,4,ska_sort,1.764666
u64,100000,13579,equal,4,ska_sort_copy,1.7555
u64,100000,13579,equal,4,radixkit,0.017084
u64,100000,13579,equal,4,adaptive,0.009708
u64,100000,13579,equal,5,ska_sort,1.852458
u64,100000,13579,equal,5,ska_sort_copy,1.736792
u64,100000,13579,equal,5,radixkit,0.015875
u64,100000,13579,equal,5,adaptive,0.009583
u64,100000,13579,equal,5,std_sort,0.128166
u64,100000,13579,equal,6,ska_sort_copy,1.736208
u64,100000,13579,equal,6,radixkit,0.015708
u64,100000,13579,equal,6,adaptive,0.009333
u64,100000,13579,equal,6,std_sort,0.124916
u64,100000,13579,equal,6,ska_sort,1.81425
u64,100000,13579,equal,7,radixkit,0.01625
u64,100000,13579,equal,7,adaptive,0.009625
u64,100000,13579,equal,7,std_sort,0.12925
u64,100000,13579,equal,7,ska_sort,1.793583
u64,100000,13579,equal,7,ska_sort_copy,1.727916
u64,100000,13579,equal,8,adaptive,0.009375
u64,100000,13579,equal,8,std_sort,0.125083
u64,100000,13579,equal,8,ska_sort,1.735459
u64,100000,13579,equal,8,ska_sort_copy,1.724583
u64,100000,13579,equal,8,radixkit,0.01575
u64,100000,13579,ascending,0,ska_sort,2.223792
u64,100000,13579,ascending,0,ska_sort_copy,2.325541
u64,100000,13579,ascending,0,radixkit,0.064875
u64,100000,13579,ascending,0,adaptive,0.060958
u64,100000,13579,ascending,0,std_sort,0.096667
u64,100000,13579,ascending,1,ska_sort_copy,2.2155
u64,100000,13579,ascending,1,radixkit,0.060791
u64,100000,13579,ascending,1,adaptive,0.06075
u64,100000,13579,ascending,1,std_sort,0.093875
u64,100000,13579,ascending,1,ska_sort,2.208083
u64,100000,13579,ascending,2,radixkit,0.064125
u64,100000,13579,ascending,2,adaptive,0.064042
u64,100000,13579,ascending,2,std_sort,0.093709
u64,100000,13579,ascending,2,ska_sort,2.293791
u64,100000,13579,ascending,2,ska_sort_copy,2.263542
u64,100000,13579,ascending,3,adaptive,0.061125
u64,100000,13579,ascending,3,std_sort,0.094208
u64,100000,13579,ascending,3,ska_sort,2.229334
u64,100000,13579,ascending,3,ska_sort_copy,2.263167
u64,100000,13579,ascending,3,radixkit,0.06325
u64,100000,13579,ascending,4,std_sort,0.097292
u64,100000,13579,ascending,4,ska_sort,2.285375
u64,100000,13579,ascending,4,ska_sort_copy,2.24525
u64,100000,13579,ascending,4,radixkit,0.06075
u64,100000,13579,ascending,4,adaptive,0.061
u64,100000,13579,ascending,5,ska_sort,2.22475
u64,100000,13579,ascending,5,ska_sort_copy,2.3835
u64,100000,13579,ascending,5,radixkit,0.065375
u64,100000,13579,ascending,5,adaptive,0.061458
u64,100000,13579,ascending,5,std_sort,0.09975
u64,100000,13579,ascending,6,ska_sort_copy,2.227875
u64,100000,13579,ascending,6,radixkit,0.060667
u64,100000,13579,ascending,6,adaptive,0.060791
u64,100000,13579,ascending,6,std_sort,0.093791
u64,100000,13579,ascending,6,ska_sort,2.224583
u64,100000,13579,ascending,7,radixkit,0.062416
u64,100000,13579,ascending,7,adaptive,0.06075
u64,100000,13579,ascending,7,std_sort,0.106667
u64,100000,13579,ascending,7,ska_sort,2.300083
u64,100000,13579,ascending,7,ska_sort_copy,2.263958
u64,100000,13579,ascending,8,adaptive,0.061167
u64,100000,13579,ascending,8,std_sort,0.094042
u64,100000,13579,ascending,8,ska_sort,2.210833
u64,100000,13579,ascending,8,ska_sort_copy,2.257334
u64,100000,13579,ascending,8,radixkit,0.063042
u64,100000,13579,descending,0,ska_sort,2.307417
u64,100000,13579,descending,0,ska_sort_copy,2.380125
u64,100000,13579,descending,0,radixkit,0.08225
u64,100000,13579,descending,0,adaptive,0.085542
u64,100000,13579,descending,0,std_sort,0.167125
u64,100000,13579,descending,1,ska_sort_copy,2.279583
u64,100000,13579,descending,1,radixkit,0.082042
u64,100000,13579,descending,1,adaptive,0.082417
u64,100000,13579,descending,1,std_sort,0.163333
u64,100000,13579,descending,1,ska_sort,2.303209
u64,100000,13579,descending,2,radixkit,0.085291
u64,100000,13579,descending,2,adaptive,0.085208
u64,100000,13579,descending,2,std_sort,0.16975
u64,100000,13579,descending,2,ska_sort,2.374083
u64,100000,13579,descending,2,ska_sort_copy,2.262458
u64,100000,13579,descending,3,adaptive,0.082916
u64,100000,13579,descending,3,std_sort,0.1665
u64,100000,13579,descending,3,ska_sort,2.299083
u64,100000,13579,descending,3,ska_sort_copy,2.377083
u64,100000,13579,descending,3,radixkit,0.082417
u64,100000,13579,descending,4,std_sort,0.163833
u64,100000,13579,descending,4,ska_sort,2.283125
u64,100000,13579,descending,4,ska_sort_copy,2.278292
u64,100000,13579,descending,4,radixkit,0.084084
u64,100000,13579,descending,4,adaptive,0.082208
u64,100000,13579,descending,5,ska_sort,2.348083
u64,100000,13579,descending,5,ska_sort_copy,2.410209
u64,100000,13579,descending,5,radixkit,0.082666
u64,100000,13579,descending,5,adaptive,0.082625
u64,100000,13579,descending,5,std_sort,0.166792
u64,100000,13579,descending,6,ska_sort_copy,2.274416
u64,100000,13579,descending,6,radixkit,0.081667
u64,100000,13579,descending,6,adaptive,0.081917
u64,100000,13579,descending,6,std_sort,0.168375
u64,100000,13579,descending,6,ska_sort,2.36275
u64,100000,13579,descending,7,radixkit,0.099084
u64,100000,13579,descending,7,adaptive,0.081292
u64,100000,13579,descending,7,std_sort,0.176916
u64,100000,13579,descending,7,ska_sort,2.285083
u64,100000,13579,descending,7,ska_sort_copy,2.25325
u64,100000,13579,descending,8,adaptive,0.082584
u64,100000,13579,descending,8,std_sort,0.16325
u64,100000,13579,descending,8,ska_sort,2.388458
u64,100000,13579,descending,8,ska_sort_copy,2.555958
u64,100000,13579,descending,8,radixkit,0.081917
u64,100000,13579,sparse8,0,ska_sort,3.507083
u64,100000,13579,sparse8,0,ska_sort_copy,3.337083
u64,100000,13579,sparse8,0,radixkit,1.225375
u64,100000,13579,sparse8,0,adaptive,0.213167
u64,100000,13579,sparse8,0,std_sort,0.861
u64,100000,13579,sparse8,1,ska_sort_copy,3.41525
u64,100000,13579,sparse8,1,radixkit,1.213917
u64,100000,13579,sparse8,1,adaptive,0.193959
u64,100000,13579,sparse8,1,std_sort,0.831167
u64,100000,13579,sparse8,1,ska_sort,3.4175
u64,100000,13579,sparse8,2,radixkit,1.436875
u64,100000,13579,sparse8,2,adaptive,0.19775
u64,100000,13579,sparse8,2,std_sort,0.859083
u64,100000,13579,sparse8,2,ska_sort,3.297
u64,100000,13579,sparse8,2,ska_sort_copy,3.466083
u64,100000,13579,sparse8,3,adaptive,0.194459
u64,100000,13579,sparse8,3,std_sort,0.848125
u64,100000,13579,sparse8,3,ska_sort,3.278
u64,100000,13579,sparse8,3,ska_sort_copy,3.448542
u64,100000,13579,sparse8,3,radixkit,1.25225
u64,100000,13579,sparse8,4,std_sort,0.831416
u64,100000,13579,sparse8,4,ska_sort,3.30575
u64,100000,13579,sparse8,4,ska_sort_copy,3.415708
u64,100000,13579,sparse8,4,radixkit,1.224708
u64,100000,13579,sparse8,4,adaptive,0.194125
u64,100000,13579,sparse8,5,ska_sort,3.289208
u64,100000,13579,sparse8,5,ska_sort_copy,3.589042
u64,100000,13579,sparse8,5,radixkit,1.243125
u64,100000,13579,sparse8,5,adaptive,0.194875
u64,100000,13579,sparse8,5,std_sort,0.837375
u64,100000,13579,sparse8,6,ska_sort_copy,3.357917
u64,100000,13579,sparse8,6,radixkit,1.290916
u64,100000,13579,sparse8,6,adaptive,0.194
u64,100000,13579,sparse8,6,std_sort,0.829583
u64,100000,13579,sparse8,6,ska_sort,3.306416
u64,100000,13579,sparse8,7,radixkit,1.215708
u64,100000,13579,sparse8,7,adaptive,0.193792
u64,100000,13579,sparse8,7,std_sort,0.862125
u64,100000,13579,sparse8,7,ska_sort,3.501292
u64,100000,13579,sparse8,7,ska_sort_copy,3.289917
u64,100000,13579,sparse8,8,adaptive,0.215417
u64,100000,13579,sparse8,8,std_sort,0.858292
u64,100000,13579,sparse8,8,ska_sort,3.374083
u64,100000,13579,sparse8,8,ska_sort_copy,3.282166
u64,100000,13579,sparse8,8,radixkit,1.224375
u64,100000,13579,nearly_sorted,0,ska_sort,2.607625
u64,100000,13579,nearly_sorted,0,ska_sort_copy,2.517334
u64,100000,13579,nearly_sorted,0,radixkit,0.886417
u64,100000,13579,nearly_sorted,0,adaptive,0.893417
u64,100000,13579,nearly_sorted,0,std_sort,0.304291
u64,100000,13579,nearly_sorted,1,ska_sort_copy,2.574084
u64,100000,13579,nearly_sorted,1,radixkit,1.048292
u64,100000,13579,nearly_sorted,1,adaptive,0.904
u64,100000,13579,nearly_sorted,1,std_sort,0.299666
u64,100000,13579,nearly_sorted,1,ska_sort,2.520208
u64,100000,13579,nearly_sorted,2,radixkit,0.912083
u64,100000,13579,nearly_sorted,2,adaptive,0.920917
u64,100000,13579,nearly_sorted,2,std_sort,0.304541
u64,100000,13579,nearly_sorted,2,ska_sort,2.594375
u64,100000,13579,nearly_sorted,2,ska_sort_copy,2.507291
u64,100000,13579,nearly_sorted,3,adaptive,0.878833
u64,100000,13579,nearly_sorted,3,std_sort,0.291583
u64,100000,13579,nearly_sorted,3,ska_sort,2.584042
u64,100000,13579,nearly_sorted,3,ska_sort_copy,2.551709
u64,100000,13579,nearly_sorted,3,radixkit,0.924208
u64,100000,13579,nearly_sorted,4,std_sort,0.29775
u64,100000,13579,nearly_sorted,4,ska_sort,2.533666
u64,100000,13579,nearly_sorted,4,ska_sort_copy,2.62075
u64,100000,13579,nearly_sorted,4,radixkit,0.907208
u64,100000,13579,nearly_sorted,4,adaptive,0.884625
u64,100000,13579,nearly_sorted,5,ska_sort,2.495291
u64,100000,13579,nearly_sorted,5,ska_sort_copy,2.556834
u64,100000,13579,nearly_sorted,5,radixkit,1.056875
u64,100000,13579,nearly_sorted,5,adaptive,0.943542
u64,100000,13579,nearly_sorted,5,std_sort,0.302792
u64,100000,13579,nearly_sorted,6,ska_sort_copy,2.520583
u64,100000,13579,nearly_sorted,6,radixkit,0.8865
u64,100000,13579,nearly_sorted,6,adaptive,0.916958
u64,100000,13579,nearly_sorted,6,std_sort,0.302625
u64,100000,13579,nearly_sorted,6,ska_sort,2.607584
u64,100000,13579,nearly_sorted,7,radixkit,0.91
u64,100000,13579,nearly_sorted,7,adaptive,0.887167
u64,100000,13579,nearly_sorted,7,std_sort,0.292916
u64,100000,13579,nearly_sorted,7,ska_sort,2.492208
u64,100000,13579,nearly_sorted,7,ska_sort_copy,2.6535
u64,100000,13579,nearly_sorted,8,adaptive,0.925667
u64,100000,13579,nearly_sorted,8,std_sort,0.30325
u64,100000,13579,nearly_sorted,8,ska_sort,2.492834
u64,100000,13579,nearly_sorted,8,ska_sort_copy,2.535875
u64,100000,13579,nearly_sorted,8,radixkit,0.912833
kv32,100000,13579,uniform,0,ska_sort,1.495791
kv32,100000,13579,uniform,0,ska_sort_copy,0.377583
kv32,100000,13579,uniform,0,radixkit,0.502542
kv32,100000,13579,uniform,0,std_sort,4.667083
kv32,100000,13579,uniform,1,ska_sort_copy,0.423625
kv32,100000,13579,uniform,1,radixkit,0.481125
kv32,100000,13579,uniform,1,std_sort,4.815292
kv32,100000,13579,uniform,1,ska_sort,1.530083
kv32,100000,13579,uniform,2,radixkit,0.585917
kv32,100000,13579,uniform,2,std_sort,4.751083
kv32,100000,13579,uniform,2,ska_sort,1.533333
kv32,100000,13579,uniform,2,ska_sort_copy,0.429083
kv32,100000,13579,uniform,3,std_sort,4.645291
kv32,100000,13579,uniform,3,ska_sort,1.565458
kv32,100000,13579,uniform,3,ska_sort_copy,0.42025
kv32,100000,13579,uniform,3,radixkit,0.474333
kv32,100000,13579,uniform,4,ska_sort,1.492459
kv32,100000,13579,uniform,4,ska_sort_copy,0.361667
kv32,100000,13579,uniform,4,radixkit,0.475625
kv32,100000,13579,uniform,4,std_sort,4.692125
kv32,100000,13579,uniform,5,ska_sort_copy,0.4285
kv32,100000,13579,uniform,5,radixkit,0.475084
kv32,100000,13579,uniform,5,std_sort,4.66575
kv32,100000,13579,uniform,5,ska_sort,1.595125
kv32,100000,13579,uniform,6,radixkit,0.573792
kv32,100000,13579,uniform,6,std_sort,4.616916
kv32,100000,13579,uniform,6,ska_sort,1.597209
kv32,100000,13579,uniform,6,ska_sort_copy,0.452375
kv32,100000,13579,uniform,7,std_sort,4.599167
kv32,100000,13579,uniform,7,ska_sort,1.600375
kv32,100000,13579,uniform,7,ska_sort_copy,0.432042
kv32,100000,13579,uniform,7,radixkit,0.48975
kv32,100000,13579,uniform,8,ska_sort,1.515167
kv32,100000,13579,uniform,8,ska_sort_copy,0.385709
kv32,100000,13579,uniform,8,radixkit,0.47425
kv32,100000,13579,uniform,8,std_sort,4.712209
kv32,100000,13579,uniform16,0,ska_sort,1.329583
kv32,100000,13579,uniform16,0,ska_sort_copy,0.844042
kv32,100000,13579,uniform16,0,radixkit,0.371875
kv32,100000,13579,uniform16,0,std_sort,4.456458
kv32,100000,13579,uniform16,1,ska_sort_copy,0.762708
kv32,100000,13579,uniform16,1,radixkit,0.377875
kv32,100000,13579,uniform16,1,std_sort,4.6625
kv32,100000,13579,uniform16,1,ska_sort,1.294334
kv32,100000,13579,uniform16,2,radixkit,0.456542
kv32,100000,13579,uniform16,2,std_sort,4.616
kv32,100000,13579,uniform16,2,ska_sort,1.293375
kv32,100000,13579,uniform16,2,ska_sort_copy,0.805459
kv32,100000,13579,uniform16,3,std_sort,4.575833
kv32,100000,13579,uniform16,3,ska_sort,1.296666
kv32,100000,13579,uniform16,3,ska_sort_copy,0.818708
kv32,100000,13579,uniform16,3,radixkit,0.356708
kv32,100000,13579,uniform16,4,ska_sort,1.290875
kv32,100000,13579,uniform16,4,ska_sort_copy,0.792125
kv32,100000,13579,uniform16,4,radixkit,0.359334
kv32,100000,13579,uniform16,4,std_sort,4.503958
kv32,100000,13579,uniform16,5,ska_sort_copy,0.793458
kv32,100000,13579,uniform16,5,radixkit,0.357
kv32,100000,13579,uniform16,5,std_sort,4.694208
kv32,100000,13579,uniform16,5,ska_sort,1.30175
kv32,100000,13579,uniform16,6,radixkit,0.452209
kv32,100000,13579,uniform16,6,std_sort,4.6155
kv32,100000,13579,uniform16,6,ska_sort,1.298791
kv32,100000,13579,uniform16,6,ska_sort_copy,0.821583
kv32,100000,13579,uniform16,7,std_sort,4.563
kv32,100000,13579,uniform16,7,ska_sort,1.365833
kv32,100000,13579,uniform16,7,ska_sort_copy,0.824
kv32,100000,13579,uniform16,7,radixkit,0.358375
kv32,100000,13579,uniform16,8,ska_sort,1.280125
kv32,100000,13579,uniform16,8,ska_sort_copy,0.760791
kv32,100000,13579,uniform16,8,radixkit,0.359791
kv32,100000,13579,uniform16,8,std_sort,4.637333
kv32,100000,13579,zeros99,0,ska_sort,1.319625
kv32,100000,13579,zeros99,0,ska_sort_copy,1.133292
kv32,100000,13579,zeros99,0,radixkit,0.82875
kv32,100000,13579,zeros99,0,std_sort,3.706542
kv32,100000,13579,zeros99,1,ska_sort_copy,1.091584
kv32,100000,13579,zeros99,1,radixkit,0.852333
kv32,100000,13579,zeros99,1,std_sort,3.852375
kv32,100000,13579,zeros99,1,ska_sort,1.275875
kv32,100000,13579,zeros99,2,radixkit,0.840208
kv32,100000,13579,zeros99,2,std_sort,3.826
kv32,100000,13579,zeros99,2,ska_sort,1.277833
kv32,100000,13579,zeros99,2,ska_sort_copy,1.056125
kv32,100000,13579,zeros99,3,std_sort,3.876375
kv32,100000,13579,zeros99,3,ska_sort,1.274916
kv32,100000,13579,zeros99,3,ska_sort_copy,1.052917
kv32,100000,13579,zeros99,3,radixkit,0.810125
kv32,100000,13579,zeros99,4,ska_sort,1.3195
kv32,100000,13579,zeros99,4,ska_sort_copy,1.107708
kv32,100000,13579,zeros99,4,radixkit,0.841958
kv32,100000,13579,zeros99,4,std_sort,3.716375
kv32,100000,13579,zeros99,5,ska_sort_copy,1.062167
kv32,100000,13579,zeros99,5,radixkit,0.834459
kv32,100000,13579,zeros99,5,std_sort,3.994791
kv32,100000,13579,zeros99,5,ska_sort,1.299
kv32,100000,13579,zeros99,6,radixkit,0.813875
kv32,100000,13579,zeros99,6,std_sort,3.848917
kv32,100000,13579,zeros99,6,ska_sort,1.271833
kv32,100000,13579,zeros99,6,ska_sort_copy,1.054083
kv32,100000,13579,zeros99,7,std_sort,3.905291
kv32,100000,13579,zeros99,7,ska_sort,1.280458
kv32,100000,13579,zeros99,7,ska_sort_copy,1.053667
kv32,100000,13579,zeros99,7,radixkit,0.808292
kv32,100000,13579,zeros99,8,ska_sort,1.288291
kv32,100000,13579,zeros99,8,ska_sort_copy,1.098333
kv32,100000,13579,zeros99,8,radixkit,0.865583
kv32,100000,13579,zeros99,8,std_sort,3.7215
kv32,100000,13579,equal,0,ska_sort,0.89675
kv32,100000,13579,equal,0,ska_sort_copy,1.057833
kv32,100000,13579,equal,0,radixkit,0.119959
kv32,100000,13579,equal,0,std_sort,0.06725
kv32,100000,13579,equal,1,ska_sort_copy,1.047083
kv32,100000,13579,equal,1,radixkit,0.119583
kv32,100000,13579,equal,1,std_sort,0.066583
kv32,100000,13579,equal,1,ska_sort,0.861667
kv32,100000,13579,equal,2,radixkit,0.123875
kv32,100000,13579,equal,2,std_sort,0.069083
kv32,100000,13579,equal,2,ska_sort,0.887834
kv32,100000,13579,equal,2,ska_sort_copy,1.074292
kv32,100000,13579,equal,3,std_sort,0.069917
kv32,100000,13579,equal,3,ska_sort,0.857375
kv32,100000,13579,equal,3,ska_sort_copy,1.046958
kv32,100000,13579,equal,3,radixkit,0.119875
kv32,100000,13579,equal,4,ska_sort,0.854125
kv32,100000,13579,equal,4,ska_sort_copy,1.061
kv32,100000,13579,equal,4,radixkit,0.124625
kv32,100000,13579,equal,4,std_sort,0.069125
kv32,100000,13579,equal,5,ska_sort_copy,1.214125
kv32,100000,13579,equal,5,radixkit,0.129375
kv32,100000,13579,equal,5,std_sort,0.081417
kv32,100000,13579,equal,5,ska_sort,0.87225
kv32,100000,13579,equal,6,radixkit,0.124125
kv32,100000,13579,equal,6,std_sort,0.066666
kv32,100000,13579,equal,6,ska_sort,0.859125
kv32,100000,13579,equal,6,ska_sort_copy,1.051167
kv32,100000,13579,equal,7,std_sort,0.070292
kv32,100000,13579,equal,7,ska_sort,0.880458
kv32,100000,13579,equal,7,ska_sort_copy,1.120416
kv32,100000,13579,equal,7,radixkit,0.12
kv32,100000,13579,equal,8,ska_sort,0.870125
kv32,100000,13579,equal,8,ska_sort_copy,1.048
kv32,100000,13579,equal,8,radixkit,0.11975
kv32,100000,13579,equal,8,std_sort,0.066958
kv32,100000,13579,ascending,0,ska_sort,1.370542
kv32,100000,13579,ascending,0,ska_sort_copy,1.05175
kv32,100000,13579,ascending,0,radixkit,1.137875
kv32,100000,13579,ascending,0,std_sort,0.069583
kv32,100000,13579,ascending,1,ska_sort_copy,1.060916
kv32,100000,13579,ascending,1,radixkit,1.201541
kv32,100000,13579,ascending,1,std_sort,0.069834
kv32,100000,13579,ascending,1,ska_sort,1.3675
kv32,100000,13579,ascending,2,radixkit,1.154083
kv32,100000,13579,ascending,2,std_sort,0.066542
kv32,100000,13579,ascending,2,ska_sort,1.362
kv32,100000,13579,ascending,2,ska_sort_copy,1.089083
kv32,100000,13579,ascending,3,std_sort,0.06925
kv32,100000,13579,ascending,3,ska_sort,1.60225
kv32,100000,13579,ascending,3,ska_sort_copy,1.1765
kv32,100000,13579,ascending,3,radixkit,1.139583
kv32,100000,13579,ascending,4,ska_sort,1.364292
kv32,100000,13579,ascending,4,ska_sort_copy,1.102792
kv32,100000,13579,ascending,4,radixkit,1.215041
kv32,100000,13579,ascending,4,std_sort,0.072334
kv32,100000,13579,ascending,5,ska_sort_copy,1.107708
kv32,100000,13579,ascending,5,radixkit,1.14525
kv32,100000,13579,ascending,5,std_sort,0.066791
kv32,100000,13579,ascending,5,ska_sort,1.36025
kv32,100000,13579,ascending,6,radixkit,1.137333
kv32,100000,13579,ascending,6,std_sort,0.069541
kv32,100000,13579,ascending,6,ska_sort,1.437666
kv32,100000,13579,ascending,6,ska_sort_copy,1.192959
kv32,100000,13579,ascending,7,std_sort,0.069875
kv32,100000,13579,ascending,7,ska_sort,1.360541
kv32,100000,13579,ascending,7,ska_sort_copy,1.063833
kv32,100000,13579,ascending,7,radixkit,1.190167
kv32,100000,13579,ascending,8,ska_sort,1.429791
kv32,100000,13579,ascending,8,ska_sort_copy,1.156209
kv32,100000,13579,ascending,8,radixkit,1.144959
kv32,100000,13579,ascending,8,std_sort,0.069792
kv32,100000,13579,descending,0,ska_sort,1.459625
kv32,100000,13579,descending,0,ska_sort_copy,1.078541
kv32,100000,13579,descending,0,radixkit,1.136417
kv32,100000,13579,descending,0,std_sort,0.112375
kv32,100000,13579,descending,1,ska_sort_copy,1.095334
kv32,100000,13579,descending,1,radixkit,1.209333
kv32,100000,13579,descending,1,std_sort,0.117709
kv32,100000,13579,descending,1,ska_sort,1.463542
kv32,100000,13579,descending,2,radixkit,1.150708
kv32,100000,13579,descending,2,std_sort,0.112625
kv32,100000,13579,descending,2,ska_sort,1.455583
kv32,100000,13579,descending,2,ska_sort_copy,1.075875
kv32,100000,13579,descending,3,std_sort,0.117417
kv32,100000,13579,descending,3,ska_sort,1.703
kv32,100000,13579,descending,3,ska_sort_copy,1.158833
kv32,100000,13579,descending,3,radixkit,1.1255
kv32,100000,13579,descending,4,ska_sort,1.4575
kv32,100000,13579,descending,4,ska_sort_copy,1.080834
kv32,100000,13579,descending,4,radixkit,1.243958
kv32,100000,13579,descending,4,std_sort,0.113042
kv32,100000,13579,descending,5,ska_sort_copy,1.074916
kv32,100000,13579,descending,5,radixkit,1.13825
kv32,100000,13579,descending,5,std_sort,0.112208
kv32,100000,13579,descending,5,ska_sort,1.458792
kv32,100000,13579,descending,6,radixkit,1.172625
kv32,100000,13579,descending,6,std_sort,0.120042
kv32,100000,13579,descending,6,ska_sort,1.563875
kv32,100000,13579,descending,6,ska_sort_copy,1.136584
kv32,100000,13579,descending,7,std_sort,0.115375
kv32,100000,13579,descending,7,ska_sort,1.463083
kv32,100000,13579,descending,7,ska_sort_copy,1.053416
kv32,100000,13579,descending,7,radixkit,1.171958
kv32,100000,13579,descending,8,ska_sort,1.552291
kv32,100000,13579,descending,8,ska_sort_copy,1.140917
kv32,100000,13579,descending,8,radixkit,1.140792
kv32,100000,13579,descending,8,std_sort,0.112542
kv32,100000,13579,sparse8,0,ska_sort,1.002417
kv32,100000,13579,sparse8,0,ska_sort_copy,0.714875
kv32,100000,13579,sparse8,0,radixkit,0.555083
kv32,100000,13579,sparse8,0,std_sort,2.342209
kv32,100000,13579,sparse8,1,ska_sort_copy,0.695625
kv32,100000,13579,sparse8,1,radixkit,0.535458
kv32,100000,13579,sparse8,1,std_sort,2.284333
kv32,100000,13579,sparse8,1,ska_sort,1.02075
kv32,100000,13579,sparse8,2,radixkit,0.56275
kv32,100000,13579,sparse8,2,std_sort,2.32825
kv32,100000,13579,sparse8,2,ska_sort,1.001875
kv32,100000,13579,sparse8,2,ska_sort_copy,0.696083
kv32,100000,13579,sparse8,3,std_sort,2.301916
kv32,100000,13579,sparse8,3,ska_sort,1.039375
kv32,100000,13579,sparse8,3,ska_sort_copy,0.735208
kv32,100000,13579,sparse8,3,radixkit,0.539208
kv32,100000,13579,sparse8,4,ska_sort,1.004833
kv32,100000,13579,sparse8,4,ska_sort_copy,0.694209
kv32,100000,13579,sparse8,4,radixkit,0.541667
kv32,100000,13579,sparse8,4,std_sort,2.329167
kv32,100000,13579,sparse8,5,ska_sort_copy,0.744417
kv32,100000,13579,sparse8,5,radixkit,0.582291
kv32,100000,13579,sparse8,5,std_sort,2.330291
kv32,100000,13579,sparse8,5,ska_sort,1.009417
kv32,100000,13579,sparse8,6,radixkit,0.537167
kv32,100000,13579,sparse8,6,std_sort,2.349375
kv32,100000,13579,sparse8,6,ska_sort,1.079333
kv32,100000,13579,sparse8,6,ska_sort_copy,0.70925
kv32,100000,13579,sparse8,7,std_sort,2.308041
kv32,100000,13579,sparse8,7,ska_sort,1.003875
kv32,100000,13579,sparse8,7,ska_sort_copy,0.704125
kv32,100000,13579,sparse8,7,radixkit,0.55
kv32,100000,13579,sparse8,8,ska_sort,1.053584
kv32,100000,13579,sparse8,8,ska_sort_copy,0.89675
kv32,100000,13579,sparse8,8,radixkit,0.577333
kv32,100000,13579,sparse8,8,std_sort,2.30775
kv32,100000,13579,nearly_sorted,0,ska_sort,1.70725
kv32,100000,13579,nearly_sorted,0,ska_sort_copy,1.034792
kv32,100000,13579,nearly_sorted,0,radixkit,1.150958
kv32,100000,13579,nearly_sorted,0,std_sort,0.263875
kv32,100000,13579,nearly_sorted,1,ska_sort_copy,1.100667
kv32,100000,13579,nearly_sorted,1,radixkit,1.17575
kv32,100000,13579,nearly_sorted,1,std_sort,0.252333
kv32,100000,13579,nearly_sorted,1,ska_sort,1.713875
kv32,100000,13579,nearly_sorted,2,radixkit,1.156709
kv32,100000,13579,nearly_sorted,2,std_sort,0.259583
kv32,100000,13579,nearly_sorted,2,ska_sort,1.798584
kv32,100000,13579,nearly_sorted,2,ska_sort_copy,1.174459
kv32,100000,13579,nearly_sorted,3,std_sort,0.253333
kv32,100000,13579,nearly_sorted,3,ska_sort,1.709625
kv32,100000,13579,nearly_sorted,3,ska_sort_copy,1.046083
kv32,100000,13579,nearly_sorted,3,radixkit,1.151833
kv32,100000,13579,nearly_sorted,4,ska_sort,1.9615
kv32,100000,13579,nearly_sorted,4,ska_sort_copy,1.215792
kv32,100000,13579,nearly_sorted,4,radixkit,1.151792
kv32,100000,13579,nearly_sorted,4,std_sort,0.254708
kv32,100000,13579,nearly_sorted,5,ska_sort_copy,1.07425
kv32,100000,13579,nearly_sorted,5,radixkit,1.18875
kv32,100000,13579,nearly_sorted,5,std_sort,0.259708
kv32,100000,13579,nearly_sorted,5,ska_sort,1.779667
kv32,100000,13579,nearly_sorted,6,radixkit,1.205334
kv32,100000,13579,nearly_sorted,6,std_sort,0.275375
kv32,100000,13579,nearly_sorted,6,ska_sort,1.808375
kv32,100000,13579,nearly_sorted,6,ska_sort_copy,1.143417
kv32,100000,13579,nearly_sorted,7,std_sort,0.259458
kv32,100000,13579,nearly_sorted,7,ska_sort,1.800625
kv32,100000,13579,nearly_sorted,7,ska_sort_copy,1.162667
kv32,100000,13579,nearly_sorted,7,radixkit,1.133125
kv32,100000,13579,nearly_sorted,8,ska_sort,1.73
kv32,100000,13579,nearly_sorted,8,ska_sort_copy,1.065334
kv32,100000,13579,nearly_sorted,8,radixkit,1.253583
kv32,100000,13579,nearly_sorted,8,std_sort,0.252708
kv64,100000,13579,uniform,0,ska_sort,1.609708
kv64,100000,13579,uniform,0,ska_sort_copy,1.512084
kv64,100000,13579,uniform,0,radixkit,0.643334
kv64,100000,13579,uniform,0,std_sort,4.641292
kv64,100000,13579,uniform,1,ska_sort_copy,1.756667
kv64,100000,13579,uniform,1,radixkit,0.688875
kv64,100000,13579,uniform,1,std_sort,4.637834
kv64,100000,13579,uniform,1,ska_sort,1.560042
kv64,100000,13579,uniform,2,radixkit,0.682084
kv64,100000,13579,uniform,2,std_sort,4.580375
kv64,100000,13579,uniform,2,ska_sort,1.604666
kv64,100000,13579,uniform,2,ska_sort_copy,1.507334
kv64,100000,13579,uniform,3,std_sort,4.637625
kv64,100000,13579,uniform,3,ska_sort,1.575667
kv64,100000,13579,uniform,3,ska_sort_copy,1.502084
kv64,100000,13579,uniform,3,radixkit,0.679417
kv64,100000,13579,uniform,4,ska_sort,1.486625
kv64,100000,13579,uniform,4,ska_sort_copy,1.467167
kv64,100000,13579,uniform,4,radixkit,0.644375
kv64,100000,13579,uniform,4,std_sort,4.906958
kv64,100000,13579,uniform,5,ska_sort_copy,1.51775
kv64,100000,13579,uniform,5,radixkit,0.708625
kv64,100000,13579,uniform,5,std_sort,4.72025
kv64,100000,13579,uniform,5,ska_sort,1.494167
kv64,100000,13579,uniform,6,radixkit,0.66475
kv64,100000,13579,uniform,6,std_sort,4.795916
kv64,100000,13579,uniform,6,ska_sort,1.498667
kv64,100000,13579,uniform,6,ska_sort_copy,1.5065
kv64,100000,13579,uniform,7,std_sort,4.687583
kv64,100000,13579,uniform,7,ska_sort,1.494459
kv64,100000,13579,uniform,7,ska_sort_copy,1.497292
kv64,100000,13579,uniform,7,radixkit,0.752625
kv64,100000,13579,uniform,8,ska_sort,1.622292
kv64,100000,13579,uniform,8,ska_sort_copy,1.480667
kv64,100000,13579,uniform,8,radixkit,0.666875
kv64,100000,13579,uniform,8,std_sort,4.672875
kv64,100000,13579,uniform16,0,ska_sort,2.23625
kv64,100000,13579,uniform16,0,ska_sort_copy,2.18875
kv64,100000,13579,uniform16,0,radixkit,0.416083
kv64,100000,13579,uniform16,0,std_sort,4.572292
kv64,100000,13579,uniform16,1,ska_sort_copy,2.428625
kv64,100000,13579,uniform16,1,radixkit,0.459958
kv64,100000,13579,uniform16,1,std_sort,4.583708
kv64,100000,13579,uniform16,1,ska_sort,2.161125
kv64,100000,13579,uniform16,2,radixkit,0.435917
kv64,100000,13579,uniform16,2,std_sort,4.512042
kv64,100000,13579,uniform16,2,ska_sort,2.290459
kv64,100000,13579,uniform16,2,ska_sort_copy,2.146209
kv64,100000,13579,uniform16,3,std_sort,4.632708
kv64,100000,13579,uniform16,3,ska_sort,2.151917
kv64,100000,13579,uniform16,3,ska_sort_copy,2.156541
kv64,100000,13579,uniform16,3,radixkit,0.487541
kv64,100000,13579,uniform16,4,ska_sort,2.516041
kv64,100000,13579,uniform16,4,ska_sort_copy,2.162417
kv64,100000,13579,uniform16,4,radixkit,0.448375
kv64,100000,13579,uniform16,4,std_sort,4.669375
kv64,100000,13579,uniform16,5,ska_sort_copy,2.169167
kv64,100000,13579,uniform16,5,radixkit,0.431667
kv64,100000,13579,uniform16,5,std_sort,4.62275
kv64,100000,13579,uniform16,5,ska_sort,2.20825
kv64,100000,13579,uniform16,6,radixkit,0.448792
kv64,100000,13579,uniform16,6,std_sort,4.533917
kv64,100000,13579,uniform16,6,ska_sort,2.210875
kv64,100000,13579,uniform16,6,ska_sort_copy,2.15175
kv64,100000,13579,uniform16,7,std_sort,4.886333
kv64,100000,13579,uniform16,7,ska_sort,2.15925
kv64,100000,13579,uniform16,7,ska_sort_copy,2.171209
kv64,100000,13579,uniform16,7,radixkit,0.471959
kv64,100000,13579,uniform16,8,ska_sort,2.2765
kv64,100000,13579,uniform16,8,ska_sort_copy,2.280708
kv64,100000,13579,uniform16,8,radixkit,0.417416
kv64,100000,13579,uniform16,8,std_sort,4.710042
kv64,100000,13579,zeros99,0,ska_sort,2.339
kv64,100000,13579,zeros99,0,ska_sort_copy,2.169292
kv64,100000,13579,zeros99,0,radixkit,0.047792
kv64,100000,13579,zeros99,0,std_sort,3.746125
kv64,100000,13579,zeros99,1,ska_sort_copy,2.216875
kv64,100000,13579,zeros99,1,radixkit,0.04475
kv64,100000,13579,zeros99,1,std_sort,3.687958
kv64,100000,13579,zeros99,1,ska_sort,2.213791
kv64,100000,13579,zeros99,2,radixkit,0.055875
kv64,100000,13579,zeros99,2,std_sort,3.744292
kv64,100000,13579,zeros99,2,ska_sort,2.173041
kv64,100000,13579,zeros99,2,ska_sort_copy,2.218792
kv64,100000,13579,zeros99,3,std_sort,3.696333
kv64,100000,13579,zeros99,3,ska_sort,2.162541
kv64,100000,13579,zeros99,3,ska_sort_copy,2.377
kv64,100000,13579,zeros99,3,radixkit,0.044833
kv64,100000,13579,zeros99,4,ska_sort,2.128667
kv64,100000,13579,zeros99,4,ska_sort_copy,2.163959
kv64,100000,13579,zeros99,4,radixkit,0.044375
kv64,100000,13579,zeros99,4,std_sort,3.798791
kv64,100000,13579,zeros99,5,ska_sort_copy,2.149583
kv64,100000,13579,zeros99,5,radixkit,0.043917
kv64,100000,13579,zeros99,5,std_sort,4.031584
kv64,100000,13579,zeros99,5,ska_sort,2.152958
kv64,100000,13579,zeros99,6,radixkit,0.047209
kv64,100000,13579,zeros99,6,std_sort,3.817
kv64,100000,13579,zeros99,6,ska_sort,2.146917
kv64,100000,13579,zeros99,6,ska_sort_copy,2.112542
kv64,100000,13579,zeros99,7,std_sort,3.939625
kv64,100000,13579,zeros99,7,ska_sort,2.149792
kv64,100000,13579,zeros99,7,ska_sort_copy,2.145125
kv64,100000,13579,zeros99,7,radixkit,0.04675
kv64,100000,13579,zeros99,8,ska_sort,2.2175
kv64,100000,13579,zeros99,8,ska_sort_copy,2.155667
kv64,100000,13579,zeros99,8,radixkit,0.044291
kv64,100000,13579,zeros99,8,std_sort,3.716541
kv64,100000,13579,equal,0,ska_sort,1.742875
kv64,100000,13579,equal,0,ska_sort_copy,1.80725
kv64,100000,13579,equal,0,radixkit,0.018708
kv64,100000,13579,equal,0,std_sort,0.099292
kv64,100000,13579,equal,1,ska_sort_copy,1.730333
kv64,100000,13579,equal,1,radixkit,0.0185
kv64,100000,13579,equal,1,std_sort,0.093833
kv64,100000,13579,equal,1,ska_sort,1.725958
kv64,100000,13579,equal,2,radixkit,0.018625
kv64,100000,13579,equal,2,std_sort,0.09375
kv64,100000,13579,equal,2,ska_sort,1.804459
kv64,100000,13579,equal,2,ska_sort_copy,1.899792
kv64,100000,13579,equal,3,std_sort,0.096959
kv64,100000,13579,equal,3,ska_sort,1.725875
kv64,100000,13579,equal,3,ska_sort_copy,1.753833
kv64,100000,13579,equal,3,radixkit,0.019459
kv64,100000,13579,equal,4,ska_sort,1.7975
kv64,100000,13579,equal,4,ska_sort_copy,1.720833
kv64,100000,13579,equal,4,radixkit,0.018708
kv64,100000,13579,equal,4,std_sort,0.099333
kv64,100000,13579,equal,5,ska_sort_copy,1.708625
kv64,100000,13579,equal,5,radixkit,0.019083
kv64,100000,13579,equal,5,std_sort,0.09375
kv64,100000,13579,equal,5,ska_sort,1.793709
kv64,100000,13579,equal,6,radixkit,0.031
kv64,100000,13579,equal,6,std_sort,0.103875
kv64,100000,13579,equal,6,ska_sort,1.735042
kv64,100000,13579,equal,6,ska_sort_copy,1.710583
kv64,100000,13579,equal,7,std_sort,0.093833
kv64,100000,13579,equal,7,ska_sort,1.722125
kv64,100000,13579,equal,7,ska_sort_copy,1.756875
kv64,100000,13579,equal,7,radixkit,0.018625
kv64,100000,13579,equal,8,ska_sort,1.717917
kv64,100000,13579,equal,8,ska_sort_copy,1.704958
kv64,100000,13579,equal,8,radixkit,0.018416
kv64,100000,13579,equal,8,std_sort,0.094083
kv64,100000,13579,ascending,0,ska_sort,2.259417
kv64,100000,13579,ascending,0,ska_sort_copy,2.350208
kv64,100000,13579,ascending,0,radixkit,0.061
kv64,100000,13579,ascending,0,std_sort,0.094333
kv64,100000,13579,ascending,1,ska_sort_copy,2.215292
kv64,100000,13579,ascending,1,radixkit,0.060833
kv64,100000,13579,ascending,1,std_sort,0.09825
kv64,100000,13579,ascending,1,ska_sort,2.288916
kv64,100000,13579,ascending,2,radixkit,0.063042
kv64,100000,13579,ascending,2,std_sort,0.101375
kv64,100000,13579,ascending,2,ska_sort,2.4245
kv64,100000,13579,ascending,2,ska_sort_copy,2.229625
kv64,100000,13579,ascending,3,std_sort,0.09425
kv64,100000,13579,ascending,3,ska_sort,2.309584
kv64,100000,13579,ascending,3,ska_sort_copy,2.283041
kv64,100000,13579,ascending,3,radixkit,0.061167
kv64,100000,13579,ascending,4,ska_sort,2.229709
kv64,100000,13579,ascending,4,ska_sort_copy,2.352125
kv64,100000,13579,ascending,4,radixkit,0.073334
kv64,100000,13579,ascending,4,std_sort,0.10075
kv64,100000,13579,ascending,5,ska_sort_copy,2.241458
kv64,100000,13579,ascending,5,radixkit,0.060792
kv64,100000,13579,ascending,5,std_sort,0.093916
kv64,100000,13579,ascending,5,ska_sort,2.221417
kv64,100000,13579,ascending,6,radixkit,0.062208
kv64,100000,13579,ascending,6,std_sort,0.101666
kv64,100000,13579,ascending,6,ska_sort,2.34075
kv64,100000,13579,ascending,6,ska_sort_copy,2.22
kv64,100000,13579,ascending,7,std_sort,0.094166
kv64,100000,13579,ascending,7,ska_sort,2.241792
kv64,100000,13579,ascending,7,ska_sort_copy,2.492042
kv64,100000,13579,ascending,7,radixkit,0.065875
kv64,100000,13579,ascending,8,ska_sort,2.264083
kv64,100000,13579,ascending,8,ska_sort_copy,2.248166
kv64,100000,13579,ascending,8,radixkit,0.067375
kv64,100000,13579,ascending,8,std_sort,0.0995
kv64,100000,13579,descending,0,ska_sort,2.374375
kv64,100000,13579,descending,0,ska_sort_copy,2.599625
kv64,100000,13579,descending,0,radixkit,0.102875
kv64,100000,13579,descending,0,std_sort,0.140167
kv64,100000,13579,descending,1,ska_sort_copy,2.312542
kv64,100000,13579,descending,1,radixkit,0.105709
kv64,100000,13579,descending,1,std_sort,0.144459
kv64,100000,13579,descending,1,ska_sort,2.450709
kv64,100000,13579,descending,2,radixkit,0.09225
kv64,100000,13579,descending,2,std_sort,0.155125
kv64,100000,13579,descending,2,ska_sort,2.319584
kv64,100000,13579,descending,2,ska_sort_copy,2.343125
kv64,100000,13579,descending,3,std_sort,0.144875
kv64,100000,13579,descending,3,ska_sort,2.57925
kv64,100000,13579,descending,3,ska_sort_copy,2.344458
kv64,100000,13579,descending,3,radixkit,0.092834
kv64,100000,13579,descending,4,ska_sort,2.370917
kv64,100000,13579,descending,4,ska_sort_copy,2.378708
kv64,100000,13579,descending,4,radixkit,0.099583
kv64,100000,13579,descending,4,std_sort,0.139666
kv64,100000,13579,descending,5,ska_sort_copy,2.305458
kv64,100000,13579,descending,5,radixkit,0.092125
kv64,100000,13579,descending,5,std_sort,0.139542
kv64,100000,13579,descending,5,ska_sort,2.477625
kv64,100000,13579,descending,6,radixkit,0.098083
kv64,100000,13579,descending,6,std_sort,0.148917
kv64,100000,13579,descending,6,ska_sort,2.331
kv64,100000,13579,descending,6,ska_sort_copy,2.3505
kv64,100000,13579,descending,7,std_sort,0.144666
kv64,100000,13579,descending,7,ska_sort,2.399542
kv64,100000,13579,descending,7,ska_sort_copy,2.304959
kv64,100000,13579,descending,7,radixkit,0.092
kv64,100000,13579,descending,8,ska_sort,2.324
kv64,100000,13579,descending,8,ska_sort_copy,2.655875
kv64,100000,13579,descending,8,radixkit,0.092416
kv64,100000,13579,descending,8,std_sort,0.140125
kv64,100000,13579,sparse8,0,ska_sort,3.48025
kv64,100000,13579,sparse8,0,ska_sort_copy,3.51475
kv64,100000,13579,sparse8,0,radixkit,1.316583
kv64,100000,13579,sparse8,0,std_sort,2.403916
kv64,100000,13579,sparse8,1,ska_sort_copy,3.827083
kv64,100000,13579,sparse8,1,radixkit,1.36275
kv64,100000,13579,sparse8,1,std_sort,2.407166
kv64,100000,13579,sparse8,1,ska_sort,3.522666
kv64,100000,13579,sparse8,2,radixkit,1.443666
kv64,100000,13579,sparse8,2,std_sort,2.427333
kv64,100000,13579,sparse8,2,ska_sort,3.796542
kv64,100000,13579,sparse8,2,ska_sort_copy,3.4905
kv64,100000,13579,sparse8,3,std_sort,2.618584
kv64,100000,13579,sparse8,3,ska_sort,3.572208
kv64,100000,13579,sparse8,3,ska_sort_copy,3.352
kv64,100000,13579,sparse8,3,radixkit,1.327417
kv64,100000,13579,sparse8,4,ska_sort,3.634542
kv64,100000,13579,sparse8,4,ska_sort_copy,3.361541
kv64,100000,13579,sparse8,4,radixkit,1.319
kv64,100000,13579,sparse8,4,std_sort,2.370292
kv64,100000,13579,sparse8,5,ska_sort_copy,3.353
kv64,100000,13579,sparse8,5,radixkit,1.329167
kv64,100000,13579,sparse8,5,std_sort,2.573416
kv64,100000,13579,sparse8,5,ska_sort,3.393167
kv64,100000,13579,sparse8,6,radixkit,1.331459
kv64,100000,13579,sparse8,6,std_sort,2.435834
kv64,100000,13579,sparse8,6,ska_sort,3.371959
kv64,100000,13579,sparse8,6,ska_sort_copy,3.664834
kv64,100000,13579,sparse8,7,std_sort,2.406458
kv64,100000,13579,sparse8,7,ska_sort,3.405833
kv64,100000,13579,sparse8,7,ska_sort_copy,3.483875
kv64,100000,13579,sparse8,7,radixkit,1.282959
kv64,100000,13579,sparse8,8,ska_sort,3.422917
kv64,100000,13579,sparse8,8,ska_sort_copy,3.676375
kv64,100000,13579,sparse8,8,radixkit,1.271542
kv64,100000,13579,sparse8,8,std_sort,2.358375
kv64,100000,13579,nearly_sorted,0,ska_sort,2.867792
kv64,100000,13579,nearly_sorted,0,ska_sort_copy,2.569458
kv64,100000,13579,nearly_sorted,0,radixkit,0.9445
kv64,100000,13579,nearly_sorted,0,std_sort,0.293083
kv64,100000,13579,nearly_sorted,1,ska_sort_copy,2.6845
kv64,100000,13579,nearly_sorted,1,radixkit,0.958625
kv64,100000,13579,nearly_sorted,1,std_sort,0.287375
kv64,100000,13579,nearly_sorted,1,ska_sort,2.567875
kv64,100000,13579,nearly_sorted,2,radixkit,0.924833
kv64,100000,13579,nearly_sorted,2,std_sort,0.295625
kv64,100000,13579,nearly_sorted,2,ska_sort,2.84625
kv64,100000,13579,nearly_sorted,2,ska_sort_copy,2.546583
kv64,100000,13579,nearly_sorted,3,std_sort,0.29575
kv64,100000,13579,nearly_sorted,3,ska_sort,2.681834
kv64,100000,13579,nearly_sorted,3,ska_sort_copy,2.576125
kv64,100000,13579,nearly_sorted,3,radixkit,0.946042
kv64,100000,13579,nearly_sorted,4,ska_sort,2.623416
kv64,100000,13579,nearly_sorted,4,ska_sort_copy,2.843
kv64,100000,13579,nearly_sorted,4,radixkit,0.947834
kv64,100000,13579,nearly_sorted,4,std_sort,0.287042
kv64,100000,13579,nearly_sorted,5,ska_sort_copy,2.716916
kv64,100000,13579,nearly_sorted,5,radixkit,1.046334
kv64,100000,13579,nearly_sorted,5,std_sort,0.294166
kv64,100000,13579,nearly_sorted,5,ska_sort,2.560375
kv64,100000,13579,nearly_sorted,6,radixkit,0.913125
kv64,100000,13579,nearly_sorted,6,std_sort,0.28225
kv64,100000,13579,nearly_sorted,6,ska_sort,2.6925
kv64,100000,13579,nearly_sorted,6,ska_sort_copy,2.680833
kv64,100000,13579,nearly_sorted,7,std_sort,0.283625
kv64,100000,13579,nearly_sorted,7,ska_sort,2.591875
kv64,100000,13579,nearly_sorted,7,ska_sort_copy,2.659625
kv64,100000,13579,nearly_sorted,7,radixkit,0.976041
kv64,100000,13579,nearly_sorted,8,ska_sort,2.558875
kv64,100000,13579,nearly_sorted,8,ska_sort_copy,2.713
kv64,100000,13579,nearly_sorted,8,radixkit,1.14725
kv64,100000,13579,nearly_sorted,8,std_sort,0.296625
u32,100000,24680,uniform,0,ska_sort,1.413458
u32,100000,24680,uniform,0,ska_sort_copy,0.378542
u32,100000,24680,uniform,0,radixkit,0.255917
u32,100000,24680,uniform,0,adaptive,0.2675
u32,100000,24680,uniform,0,std_sort,1.85175
u32,100000,24680,uniform,1,ska_sort_copy,0.366042
u32,100000,24680,uniform,1,radixkit,0.244458
u32,100000,24680,uniform,1,adaptive,0.246583
u32,100000,24680,uniform,1,std_sort,1.802375
u32,100000,24680,uniform,1,ska_sort,1.39625
u32,100000,24680,uniform,2,radixkit,0.2555
u32,100000,24680,uniform,2,adaptive,0.257
u32,100000,24680,uniform,2,std_sort,2.020333
u32,100000,24680,uniform,2,ska_sort,1.403666
u32,100000,24680,uniform,2,ska_sort_copy,0.374584
u32,100000,24680,uniform,3,adaptive,0.248333
u32,100000,24680,uniform,3,std_sort,1.853625
u32,100000,24680,uniform,3,ska_sort,1.392042
u32,100000,24680,uniform,3,ska_sort_copy,0.390625
u32,100000,24680,uniform,3,radixkit,0.255083
u32,100000,24680,uniform,4,std_sort,1.912667
u32,100000,24680,uniform,4,ska_sort,1.45375
u32,100000,24680,uniform,4,ska_sort_copy,0.369084
u32,100000,24680,uniform,4,radixkit,0.2465
u32,100000,24680,uniform,4,adaptive,0.246875
u32,100000,24680,uniform,5,ska_sort,1.367709
u32,100000,24680,uniform,5,ska_sort_copy,0.362583
u32,100000,24680,uniform,5,radixkit,0.245792
u32,100000,24680,uniform,5,adaptive,0.246042
u32,100000,24680,uniform,5,std_sort,1.897
u32,100000,24680,uniform,6,ska_sort_copy,0.461042
u32,100000,24680,uniform,6,radixkit,0.306291
u32,100000,24680,uniform,6,adaptive,0.306791
u32,100000,24680,uniform,6,std_sort,1.922459
u32,100000,24680,uniform,6,ska_sort,1.387625
u32,100000,24680,uniform,7,radixkit,0.256958
u32,100000,24680,uniform,7,adaptive,0.2455
u32,100000,24680,uniform,7,std_sort,1.800917
u32,100000,24680,uniform,7,ska_sort,1.442375
u32,100000,24680,uniform,7,ska_sort_copy,0.376875
u32,100000,24680,uniform,8,adaptive,0.253916
u32,100000,24680,uniform,8,std_sort,1.903833
u32,100000,24680,uniform,8,ska_sort,1.395334
u32,100000,24680,uniform,8,ska_sort_copy,0.382292
u32,100000,24680,uniform,8,radixkit,0.254916
u32,100000,24680,uniform16,0,ska_sort,1.228792
u32,100000,24680,uniform16,0,ska_sort_copy,0.799625
u32,100000,24680,uniform16,0,radixkit,0.194458
u32,100000,24680,uniform16,0,adaptive,0.19225
u32,100000,24680,uniform16,0,std_sort,1.921708
u32,100000,24680,uniform16,1,ska_sort_copy,0.7925
u32,100000,24680,uniform16,1,radixkit,0.1855
u32,100000,24680,uniform16,1,adaptive,0.186292
u32,100000,24680,uniform16,1,std_sort,1.828042
u32,100000,24680,uniform16,1,ska_sort,1.209958
u32,100000,24680,uniform16,2,radixkit,0.193709
u32,100000,24680,uniform16,2,adaptive,0.187959
u32,100000,24680,uniform16,2,std_sort,2.031709
u32,100000,24680,uniform16,2,ska_sort,1.267541
u32,100000,24680,uniform16,2,ska_sort_copy,0.784083
u32,100000,24680,uniform16,3,adaptive,0.186667
u32,100000,24680,uniform16,3,std_sort,1.799333
u32,100000,24680,uniform16,3,ska_sort,1.202666
u32,100000,24680,uniform16,3,ska_sort_copy,0.796834
u32,100000,24680,uniform16,3,radixkit,0.194667
u32,100000,24680,uniform16,4,std_sort,1.892
u32,100000,24680,uniform16,4,ska_sort,1.264041
u32,100000,24680,uniform16,4,ska_sort_copy,0.782708
u32,100000,24680,uniform16,4,radixkit,0.186459
u32,100000,24680,uniform16,4,adaptive,0.18625
u32,100000,24680,uniform16,5,ska_sort,1.202542
u32,100000,24680,uniform16,5,ska_sort_copy,0.775417
u32,100000,24680,uniform16,5,radixkit,0.18525
u32,100000,24680,uniform16,5,adaptive,0.185292
u32,100000,24680,uniform16,5,std_sort,1.902084
u32,100000,24680,uniform16,6,ska_sort_copy,1.01325
u32,100000,24680,uniform16,6,radixkit,0.212166
u32,100000,24680,uniform16,6,adaptive,0.185542
u32,100000,24680,uniform16,6,std_sort,1.843708
u32,100000,24680,uniform16,6,ska_sort,1.205958
u32,100000,24680,uniform16,7,radixkit,0.18525
u32,100000,24680,uniform16,7,adaptive,0.18575
u32,100000,24680,uniform16,7,std_sort,1.803292
u32,100000,24680,uniform16,7,ska_sort,1.251625
u32,100000,24680,uniform16,7,ska_sort_copy,0.8235
u32,100000,24680,uniform16,8,adaptive,0.193916
u32,100000,24680,uniform16,8,std_sort,1.869625
u32,100000,24680,uniform16,8,ska_sort,1.202625
u32,100000,24680,uniform16,8,ska_sort_copy,0.773625
u32,100000,24680,uniform16,8,radixkit,0.185292
u32,100000,24680,zeros99,0,ska_sort,1.058792
u32,100000,24680,zeros99,0,ska_sort_copy,1.073708
u32,100000,24680,zeros99,0,radixkit,0.271167
u32,100000,24680,zeros99,0,adaptive,0.047209
u32,100000,24680,zeros99,0,std_sort,0.102375
u32,100000,24680,zeros99,1,ska_sort_copy,1.113959
u32,100000,24680,zeros99,1,radixkit,0.280666
u32,100000,24680,zeros99,1,adaptive,0.03975
u32,100000,24680,zeros99,1,std_sort,0.081667
u32,100000,24680,zeros99,1,ska_sort,1.133375
u32,100000,24680,zeros99,2,radixkit,0.2845
u32,100000,24680,zeros99,2,adaptive,0.048916
u32,100000,24680,zeros99,2,std_sort,0.085459
u32,100000,24680,zeros99,2,ska_sort,1.085583
u32,100000,24680,zeros99,2,ska_sort_copy,1.089959
u32,100000,24680,zeros99,3,adaptive,0.047625
u32,100000,24680,zeros99,3,std_sort,0.081083
u32,100000,24680,zeros99,3,ska_sort,1.062625
u32,100000,24680,zeros99,3,ska_sort_copy,1.075542
u32,100000,24680,zeros99,3,radixkit,0.274125
u32,100000,24680,zeros99,4,std_sort,0.07775
u32,100000,24680,zeros99,4,ska_sort,1.182875
u32,100000,24680,zeros99,4,ska_sort_copy,1.20725
u32,100000,24680,zeros99,4,radixkit,0.310875
u32,100000,24680,zeros99,4,adaptive,0.043
u32,100000,24680,zeros99,5,ska_sort,1.081625
u32,100000,24680,zeros99,5,ska_sort_copy,1.075333
u32,100000,24680,zeros99,5,radixkit,0.269667
u32,100000,24680,zeros99,5,adaptive,0.038416
u32,100000,24680,zeros99,5,std_sort,0.086209
u32,100000,24680,zeros99,6,ska_sort_copy,1.075375
u32,100000,24680,zeros99,6,radixkit,0.27025
u32,100000,24680,zeros99,6,adaptive,0.038333
u32,100000,24680,zeros99,6,std_sort,0.081
u32,100000,24680,zeros99,6,ska_sort,1.092625
u32,100000,24680,zeros99,7,radixkit,0.279792
u32,100000,24680,zeros99,7,adaptive,0.040083
u32,100000,24680,zeros99,7,std_sort,0.080584
u32,100000,24680,zeros99,7,ska_sort,1.102
u32,100000,24680,zeros99,7,ska_sort_copy,1.146959
u32,100000,24680,zeros99,8,adaptive,0.044542
u32,100000,24680,zeros99,8,std_sort,0.078958
u32,100000,24680,zeros99,8,ska_sort,1.085583
u32,100000,24680,zeros99,8,ska_sort_copy,1.072584
u32,100000,24680,zeros99,8,radixkit,0.269958
u32,100000,24680,equal,0,ska_sort,0.942459
u32,100000,24680,equal,0,ska_sort_copy,1.100417
u32,100000,24680,equal,0,radixkit,0.114833
u32,100000,24680,equal,0,adaptive,0.004875
u32,100000,24680,equal,0,std_sort,0.134958
u32,100000,24680,equal,1,ska_sort_copy,1.083833
u32,100000,24680,equal,1,radixkit,0.114833
u32,100000,24680,equal,1,adaptive,0.004708
u32,100000,24680,equal,1,std_sort,0.124875
u32,100000,24680,equal,1,ska_sort,0.858417
u32,100000,24680,equal,2,radixkit,0.114833
u32,100000,24680,equal,2,adaptive,0.00475
u32,100000,24680,equal,2,std_sort,0.124917
u32,100000,24680,equal,2,ska_sort,0.86475
u32,100000,24680,equal,2,ska_sort_copy,1.068167
u32,100000,24680,equal,3,adaptive,0.005125
u32,100000,24680,equal,3,std_sort,0.140833
u32,100000,24680,equal,3,ska_sort,0.886542
u32,100000,24680,equal,3,ska_sort_copy,1.144125
u32,100000,24680,equal,3,radixkit,0.117417
u32,100000,24680,equal,4,std_sort,0.134375
u32,100000,24680,equal,4,ska_sort,0.885834
u32,100000,24680,equal,4,ska_sort_copy,1.087125
u32,100000,24680,equal,4,radixkit,0.114875
u32,100000,24680,equal,4,adaptive,0.004959
u32,100000,24680,equal,5,ska_sort,0.854625
u32,100000,24680,equal,5,ska_sort_copy,1.0665
u32,100000,24680,equal,5,radixkit,0.11475
u32,100000,24680,equal,5,adaptive,0.00475
u32,100000,24680,equal,5,std_sort,0.124917
u32,100000,24680,equal,6,ska_sort_copy,1.07225
u32,100000,24680,equal,6,radixkit,0.115667
u32,100000,24680,equal,6,adaptive,0.004708
u32,100000,24680,equal,6,std_sort,0.124958
u32,100000,24680,equal,6,ska_sort,0.947542
u32,100000,24680,equal,7,radixkit,0.139458
u32,100000,24680,equal,7,adaptive,0.005166
u32,100000,24680,equal,7,std_sort,0.134208
u32,100000,24680,equal,7,ska_sort,0.948542
u32,100000,24680,equal,7,ska_sort_copy,1.153917
u32,100000,24680,equal,8,adaptive,0.005
u32,100000,24680,equal,8,std_sort,0.125209
u32,100000,24680,equal,8,ska_sort,0.868541
u32,100000,24680,equal,8,ska_sort_copy,1.06925
u32,100000,24680,equal,8,radixkit,0.115
u32,100000,24680,ascending,0,ska_sort,1.403167
u32,100000,24680,ascending,0,ska_sort_copy,0.755625
u32,100000,24680,ascending,0,radixkit,0.653875
u32,100000,24680,ascending,0,adaptive,0.031666
u32,100000,24680,ascending,0,std_sort,0.094375
u32,100000,24680,ascending,1,ska_sort_copy,0.727791
u32,100000,24680,ascending,1,radixkit,0.649708
u32,100000,24680,ascending,1,adaptive,0.031417
u32,100000,24680,ascending,1,std_sort,0.093833
u32,100000,24680,ascending,1,ska_sort,1.347
u32,100000,24680,ascending,2,radixkit,0.66675
u32,100000,24680,ascending,2,adaptive,0.031459
u32,100000,24680,ascending,2,std_sort,0.093792
u32,100000,24680,ascending,2,ska_sort,1.66925
u32,100000,24680,ascending,2,ska_sort_copy,0.749459
u32,100000,24680,ascending,3,adaptive,0.032167
u32,100000,24680,ascending,3,std_sort,0.099417
u32,100000,24680,ascending,3,ska_sort,1.365333
u32,100000,24680,ascending,3,ska_sort_copy,0.725834
u32,100000,24680,ascending,3,radixkit,0.651916
u32,100000,24680,ascending,4,std_sort,0.093875
u32,100000,24680,ascending,4,ska_sort,1.339542
u32,100000,24680,ascending,4,ska_sort_copy,0.747458
u32,100000,24680,ascending,4,radixkit,0.65325
u32,100000,24680,ascending,4,adaptive,0.032417
u32,100000,24680,ascending,5,ska_sort,1.402333
u32,100000,24680,ascending,5,ska_sort_copy,0.776917
u32,100000,24680,ascending,5,radixkit,0.669209
u32,100000,24680,ascending,5,adaptive,0.031833
u32,100000,24680,ascending,5,std_sort,0.095834
u32,100000,24680,ascending,6,ska_sort_copy,0.728042
u32,100000,24680,ascending,6,radixkit,0.650916
u32,100000,24680,ascending,6,adaptive,0.031375
u32,100000,24680,ascending,6,std_sort,0.093875
u32,100000,24680,ascending,6,ska_sort,1.343583
u32,100000,24680,ascending,7,radixkit,0.634958
u32,100000,24680,ascending,7,adaptive,0.031458
u32,100000,24680,ascending,7,std_sort,0.093833
u32,100000,24680,ascending,7,ska_sort,1.367917
u32,100000,24680,ascending,7,ska_sort_copy,0.91175
u32,100000,24680,ascending,8,adaptive,0.035291
u32,100000,24680,ascending,8,std_sort,0.095833
u32,100000,24680,ascending,8,ska_sort,1.376958
u32,100000,24680,ascending,8,ska_sort_copy,0.731208
u32,100000,24680,ascending,8,radixkit,0.651875
u32,100000,24680,descending,0,ska_sort,1.460542
u32,100000,24680,descending,0,ska_sort_copy,0.761333
u32,100000,24680,descending,0,radixkit,0.67175
u32,100000,24680,descending,0,adaptive,0.050083
u32,100000,24680,descending,0,std_sort,0.167792
u32,100000,24680,descending,1,ska_sort_copy,0.728458
u32,100000,24680,descending,1,radixkit,0.662583
u32,100000,24680,descending,1,adaptive,0.049792
u32,100000,24680,descending,1,std_sort,0.162542
u32,100000,24680,descending,1,ska_sort,1.413291
u32,100000,24680,descending,2,radixkit,0.659541
u32,100000,24680,descending,2,adaptive,0.049708
u32,100000,24680,descending,2,std_sort,0.169625
u32,100000,24680,descending,2,ska_sort,1.822291
u32,100000,24680,descending,2,ska_sort_copy,0.878041
u32,100000,24680,descending,3,adaptive,0.063292
u32,100000,24680,descending,3,std_sort,0.18075
u32,100000,24680,descending,3,ska_sort,1.409375
u32,100000,24680,descending,3,ska_sort_copy,0.73625
u32,100000,24680,descending,3,radixkit,0.658834
u32,100000,24680,descending,4,std_sort,0.162834
u32,100000,24680,descending,4,ska_sort,1.414417
u32,100000,24680,descending,4,ska_sort_copy,0.750042
u32,100000,24680,descending,4,radixkit,0.681292
u32,100000,24680,descending,4,adaptive,0.05175
u32,100000,24680,descending,5,ska_sort,1.459667
u32,100000,24680,descending,5,ska_sort_copy,0.765917
u32,100000,24680,descending,5,radixkit,0.665625
u32,100000,24680,descending,5,adaptive,0.053292
u32,100000,24680,descending,5,std_sort,0.165667
u32,100000,24680,descending,6,ska_sort_copy,0.730541
u32,100000,24680,descending,6,radixkit,0.646333
u32,100000,24680,descending,6,adaptive,0.05
u32,100000,24680,descending,6,std_sort,0.162542
u32,100000,24680,descending,6,ska_sort,1.409208
u32,100000,24680,descending,7,radixkit,0.650792
u32,100000,24680,descending,7,adaptive,0.049875
u32,100000,24680,descending,7,std_sort,0.163833
u32,100000,24680,descending,7,ska_sort,1.709417
u32,100000,24680,descending,7,ska_sort_copy,0.771917
u32,100000,24680,descending,8,adaptive,0.0505
u32,100000,24680,descending,8,std_sort,0.192709
u32,100000,24680,descending,8,ska_sort,1.409084
u32,100000,24680,descending,8,ska_sort_copy,0.728333
u32,100000,24680,descending,8,radixkit,0.664458
u32,100000,24680,sparse8,0,ska_sort,0.95725
u32,100000,24680,sparse8,0,ska_sort_copy,0.630166
u32,100000,24680,sparse8,0,radixkit,0.318041
u32,100000,24680,sparse8,0,adaptive,0.103042
u32,100000,24680,sparse8,0,std_sort,0.804125
u32,100000,24680,sparse8,1,ska_sort_copy,0.630333
u32,100000,24680,sparse8,1,radixkit,0.316833
u32,100000,24680,sparse8,1,adaptive,0.101875
u32,100000,24680,sparse8,1,std_sort,0.817
u32,100000,24680,sparse8,1,ska_sort,1.101541
u32,100000,24680,sparse8,2,radixkit,0.344292
u32,100000,24680,sparse8,2,adaptive,0.108417
u32,100000,24680,sparse8,2,std_sort,0.830459
u32,100000,24680,sparse8,2,ska_sort,0.953875
u32,100000,24680,sparse8,2,ska_sort_copy,0.629791
u32,100000,24680,sparse8,3,adaptive,0.102042
u32,100000,24680,sparse8,3,std_sort,0.784541
u32,100000,24680,sparse8,3,ska_sort,0.9565
u32,100000,24680,sparse8,3,ska_sort_copy,0.627166
u32,100000,24680,sparse8,3,radixkit,0.319
u32,100000,24680,sparse8,4,std_sort,0.793791
u32,100000,24680,sparse8,4,ska_sort,0.985666
u32,100000,24680,sparse8,4,ska_sort_copy,0.665583
u32,100000,24680,sparse8,4,radixkit,0.344708
u32,100000,24680,sparse8,4,adaptive,0.125625
u32,100000,24680,sparse8,5,ska_sort,1.015208
u32,100000,24680,sparse8,5,ska_sort_copy,0.636917
u32,100000,24680,sparse8,5,radixkit,0.31775
u32,100000,24680,sparse8,5,adaptive,0.10175
u32,100000,24680,sparse8,5,std_sort,0.803209
u32,100000,24680,sparse8,6,ska_sort_copy,0.629875
u32,100000,24680,sparse8,6,radixkit,0.317417
u32,100000,24680,sparse8,6,adaptive,0.101667
u32,100000,24680,sparse8,6,std_sort,0.786333
u32,100000,24680,sparse8,6,ska_sort,0.960583
u32,100000,24680,sparse8,7,radixkit,0.342334
u32,100000,24680,sparse8,7,adaptive,0.109375
u32,100000,24680,sparse8,7,std_sort,1.055417
u32,100000,24680,sparse8,7,ska_sort,0.965375
u32,100000,24680,sparse8,7,ska_sort_copy,0.636958
u32,100000,24680,sparse8,8,adaptive,0.102458
u32,100000,24680,sparse8,8,std_sort,0.770583
u32,100000,24680,sparse8,8,ska_sort,0.951417
u32,100000,24680,sparse8,8,ska_sort_copy,0.630542
u32,100000,24680,sparse8,8,radixkit,0.318791
u32,100000,24680,nearly_sorted,0,ska_sort,1.677208
u32,100000,24680,nearly_sorted,0,ska_sort_copy,0.730542
u32,100000,24680,nearly_sorted,0,radixkit,0.648458
u32,100000,24680,nearly_sorted,0,adaptive,0.648958
u32,100000,24680,nearly_sorted,0,std_sort,0.271917
u32,100000,24680,nearly_sorted,1,ska_sort_copy,0.749042
u32,100000,24680,nearly_sorted,1,radixkit,0.846875
u32,100000,24680,nearly_sorted,1,adaptive,0.79875
u32,100000,24680,nearly_sorted,1,std_sort,0.267792
u32,100000,24680,nearly_sorted,1,ska_sort,1.667666
u32,100000,24680,nearly_sorted,2,radixkit,0.651834
u32,100000,24680,nearly_sorted,2,adaptive,0.664125
u32,100000,24680,nearly_sorted,2,std_sort,0.266416
u32,100000,24680,nearly_sorted,2,ska_sort,1.647583
u32,100000,24680,nearly_sorted,2,ska_sort_copy,0.728041
u32,100000,24680,nearly_sorted,3,adaptive,0.671125
u32,100000,24680,nearly_sorted,3,std_sort,0.2775
u32,100000,24680,nearly_sorted,3,ska_sort,1.719417
u32,100000,24680,nearly_sorted,3,ska_sort_copy,0.761541
u32,100000,24680,nearly_sorted,3,radixkit,0.650791
u32,100000,24680,nearly_sorted,4,std_sort,0.266584
u32,100000,24680,nearly_sorted,4,ska_sort,1.646958
u32,100000,24680,nearly_sorted,4,ska_sort_copy,0.728208
u32,100000,24680,nearly_sorted,4,radixkit,0.651208
u32,100000,24680,nearly_sorted,4,adaptive,0.633708
u32,100000,24680,nearly_sorted,5,ska_sort,1.772834
u32,100000,24680,nearly_sorted,5,ska_sort_copy,0.869708
u32,100000,24680,nearly_sorted,5,radixkit,0.688792
u32,100000,24680,nearly_sorted,5,adaptive,0.663
u32,100000,24680,nearly_sorted,5,std_sort,0.269375
u32,100000,24680,nearly_sorted,6,ska_sort_copy,0.727584
u32,100000,24680,nearly_sorted,6,radixkit,0.661167
u32,100000,24680,nearly_sorted,6,adaptive,0.649583
u32,100000,24680,nearly_sorted,6,std_sort,0.265458
u32,100000,24680,nearly_sorted,6,ska_sort,1.656291
u32,100000,24680,nearly_sorted,7,radixkit,0.663042
u32,100000,24680,nearly_sorted,7,adaptive,0.679042
u32,100000,24680,nearly_sorted,7,std_sort,0.276416
u32,100000,24680,nearly_sorted,7,ska_sort,1.707792
u32,100000,24680,nearly_sorted,7,ska_sort_copy,0.738041
u32,100000,24680,nearly_sorted,8,adaptive,0.651916
u32,100000,24680,nearly_sorted,8,std_sort,0.26725
u32,100000,24680,nearly_sorted,8,ska_sort,1.652292
u32,100000,24680,nearly_sorted,8,ska_sort_copy,0.730042
u32,100000,24680,nearly_sorted,8,radixkit,0.650833
u64,100000,24680,uniform,0,ska_sort,1.406625
u64,100000,24680,uniform,0,ska_sort_copy,1.371084
u64,100000,24680,uniform,0,radixkit,0.500917
u64,100000,24680,uniform,0,adaptive,0.498042
u64,100000,24680,uniform,0,std_sort,1.912917
u64,100000,24680,uniform,1,ska_sort_copy,1.779667
u64,100000,24680,uniform,1,radixkit,0.554333
u64,100000,24680,uniform,1,adaptive,0.503458
u64,100000,24680,uniform,1,std_sort,1.876959
u64,100000,24680,uniform,1,ska_sort,1.382333
u64,100000,24680,uniform,2,radixkit,0.498041
u64,100000,24680,uniform,2,adaptive,0.5205
u64,100000,24680,uniform,2,std_sort,1.959458
u64,100000,24680,uniform,2,ska_sort,1.4025
u64,100000,24680,uniform,2,ska_sort_copy,1.375625
u64,100000,24680,uniform,3,adaptive,0.516375
u64,100000,24680,uniform,3,std_sort,1.899208
u64,100000,24680,uniform,3,ska_sort,1.388125
u64,100000,24680,uniform,3,ska_sort_copy,1.787875
u64,100000,24680,uniform,3,radixkit,0.561209
u64,100000,24680,uniform,4,std_sort,1.901875
u64,100000,24680,uniform,4,ska_sort,1.396375
u64,100000,24680,uniform,4,ska_sort_copy,1.37425
u64,100000,24680,uniform,4,radixkit,0.509958
u64,100000,24680,uniform,4,adaptive,0.5185
u64,100000,24680,uniform,5,ska_sort,1.419041
u64,100000,24680,uniform,5,ska_sort_copy,1.431625
u64,100000,24680,uniform,5,radixkit,0.515375
u64,100000,24680,uniform,5,adaptive,0.498
u64,100000,24680,uniform,5,std_sort,1.878375
u64,100000,24680,uniform,6,ska_sort_copy,1.364042
u64,100000,24680,uniform,6,radixkit,0.498041
u64,100000,24680,uniform,6,adaptive,0.523166
u64,100000,24680,uniform,6,std_sort,2.292084
u64,100000,24680,uniform,6,ska_sort,1.400625
u64,100000,24680,uniform,7,radixkit,0.529708
u64,100000,24680,uniform,7,adaptive,0.498583
u64,100000,24680,uniform,7,std_sort,1.879333
u64,100000,24680,uniform,7,ska_sort,1.422167
u64,100000,24680,uniform,7,ska_sort_copy,1.473083
u64,100000,24680,uniform,8,adaptive,0.538375
u64,100000,24680,uniform,8,std_sort,1.885666
u64,100000,24680,uniform,8,ska_sort,1.380583
u64,100000,24680,uniform,8,ska_sort_copy,1.363375
u64,100000,24680,uniform,8,radixkit,0.499875
u64,100000,24680,uniform16,0,ska_sort,2.069542
u64,100000,24680,uniform16,0,ska_sort_copy,2.076209
u64,100000,24680,uniform16,0,radixkit,0.347583
u64,100000,24680,uniform16,0,adaptive,0.361125
u64,100000,24680,uniform16,0,std_sort,2.237166
u64,100000,24680,uniform16,1,ska_sort_copy,2.087625
u64,100000,24680,uniform16,1,radixkit,0.375209
u64,100000,24680,uniform16,1,adaptive,0.347542
u64,100000,24680,uniform16,1,std_sort,1.874583
u64,100000,24680,uniform16,1,ska_sort,2.155125
u64,100000,24680,uniform16,2,radixkit,0.460125
u64,100000,24680,uniform16,2,adaptive,0.387708
u64,100000,24680,uniform16,2,std_sort,1.896625
u64,100000,24680,uniform16,2,ska_sort,2.086666
u64,100000,24680,uniform16,2,ska_sort_copy,2.097
u64,100000,24680,uniform16,3,adaptive,0.517542
u64,100000,24680,uniform16,3,std_sort,2.12375
u64,100000,24680,uniform16,3,ska_sort,2.097166
u64,100000,24680,uniform16,3,ska_sort_copy,2.085416
u64,100000,24680,uniform16,3,radixkit,0.390042
u64,100000,24680,uniform16,4,std_sort,1.958792
u64,100000,24680,uniform16,4,ska_sort,2.137209
u64,100000,24680,uniform16,4,ska_sort_copy,2.065917
u64,100000,24680,uniform16,4,radixkit,0.366667
u64,100000,24680,uniform16,4,adaptive,0.347833
u64,100000,24680,uniform16,5,ska_sort,2.110625
u64,100000,24680,uniform16,5,ska_sort_copy,2.437125
u64,100000,24680,uniform16,5,radixkit,0.384958
u64,100000,24680,uniform16,5,adaptive,0.347292
u64,100000,24680,uniform16,5,std_sort,1.89475
u64,100000,24680,uniform16,6,ska_sort_copy,2.094042
u64,100000,24680,uniform16,6,radixkit,0.359625
u64,100000,24680,uniform16,6,adaptive,0.362875
u64,100000,24680,uniform16,6,std_sort,1.981083
u64,100000,24680,uniform16,6,ska_sort,2.096458
u64,100000,24680,uniform16,7,radixkit,0.358042
u64,100000,24680,uniform16,7,adaptive,0.346958
u64,100000,24680,uniform16,7,std_sort,1.881667
u64,100000,24680,uniform16,7,ska_sort,2.414834
u64,100000,24680,uniform16,7,ska_sort_copy,2.09375
u64,100000,24680,uniform16,8,adaptive,0.379875
u64,100000,24680,uniform16,8,std_sort,1.90675
u64,100000,24680,uniform16,8,ska_sort,2.122
u64,100000,24680,uniform16,8,ska_sort_copy,2.158875
u64,100000,24680,uniform16,8,radixkit,0.396375
u64,100000,24680,zeros99,0,ska_sort,2.129917
u64,100000,24680,zeros99,0,ska_sort_copy,2.139042
u64,100000,24680,zeros99,0,radixkit,0.042917
u64,100000,24680,zeros99,0,adaptive,0.042208
u64,100000,24680,zeros99,0,std_sort,0.093875
u64,100000,24680,zeros99,1,ska_sort_copy,2.185042
u64,100000,24680,zeros99,1,radixkit,0.056959
u64,100000,24680,zeros99,1,adaptive,0.047042
u64,100000,24680,zeros99,1,std_sort,0.090666
u64,100000,24680,zeros99,1,ska_sort,2.13025
u64,100000,24680,zeros99,2,radixkit,0.041583
u64,100000,24680,zeros99,2,adaptive,0.041416
u64,100000,24680,zeros99,2,std_sort,0.08625
u64,100000,24680,zeros99,2,ska_sort,2.111875
u64,100000,24680,zeros99,2,ska_sort_copy,2.275166
u64,100000,24680,zeros99,3,adaptive,0.114958
u64,100000,24680,zeros99,3,std_sort,0.141709
u64,100000,24680,zeros99,3,ska_sort,2.171042
u64,100000,24680,zeros99,3,ska_sort_copy,2.115625
u64,100000,24680,zeros99,3,radixkit,0.04475
u64,100000,24680,zeros99,4,std_sort,0.089208
u64,100000,24680,zeros99,4,ska_sort,2.147542
u64,100000,24680,zeros99,4,ska_sort_copy,2.23875
u64,100000,24680,zeros99,4,radixkit,0.042792
u64,100000,24680,zeros99,4,adaptive,0.042625
u64,100000,24680,zeros99,5,ska_sort,2.139333
u64,100000,24680,zeros99,5,ska_sort_copy,2.128541
u64,100000,24680,zeros99,5,radixkit,0.0415
u64,100000,24680,zeros99,5,adaptive,0.0415
u64,100000,24680,zeros99,5,std_sort,0.085375
u64,100000,24680,zeros99,6,ska_sort_copy,2.33025
u64,100000,24680,zeros99,6,radixkit,0.047542
u64,100000,24680,zeros99,6,adaptive,0.046083
u64,100000,24680,zeros99,6,std_sort,0.142041
u64,100000,24680,zeros99,6,ska_sort,2.131
u64,100000,24680,zeros99,7,radixkit,0.04225
u64,100000,24680,zeros99,7,adaptive,0.042833
u64,100000,24680,zeros99,7,std_sort,0.088541
u64,100000,24680,zeros99,7,ska_sort,2.113292
u64,100000,24680,zeros99,7,ska_sort_copy,2.13825
u64,100000,24680,zeros99,8,adaptive,0.043209
u64,100000,24680,zeros99,8,std_sort,0.08925
u64,100000,24680,zeros99,8,ska_sort,2.182042
u64,100000,24680,zeros99,8,ska_sort_copy,2.122334
u64,100000,24680,zeros99,8,radixkit,0.042792
u64,100000,24680,equal,0,ska_sort,1.728209
u64,100000,24680,equal,0,ska_sort_copy,1.717791
u64,100000,24680,equal,0,radixkit,0.015708
u64,100000,24680,equal,0,adaptive,0.00925
u64,100000,24680,equal,0,std_sort,0.125375
u64,100000,24680,equal,1,ska_sort_copy,1.719375
u64,100000,24680,equal,1,radixkit,0.015708
u64,100000,24680,equal,1,adaptive,0.009292
u64,100000,24680,equal,1,std_sort,0.125042
u64,100000,24680,equal,1,ska_sort,1.776166
u64,100000,24680,equal,2,radixkit,0.016208
u64,100000,24680,equal,2,adaptive,0.009625
u64,100000,24680,equal,2,std_sort,0.12925
u64,100000,24680,equal,2,ska_sort,1.761834
u64,100000,24680,equal,2,ska_sort_copy,1.7215
u64,100000,24680,equal,3,adaptive,0.009584
u64,100000,24680,equal,3,std_sort,0.125166
u64,100000,24680,equal,3,ska_sort,1.722667
u64,100000,24680,equal,3,ska_sort_copy,1.741208
u64,100000,24680,equal,3,radixkit,0.016125
u64,100000,24680,equal,4,std_sort,0.143916
u64,100000,24680,equal,4,ska_sort,1.884833
u64,100000,24680,equal,4,ska_sort_copy,1.716709
u64,100000,24680,equal,4,radixkit,0.015959
u64,100000,24680,equal,4,adaptive,0.009541
u64,100000,24680,equal,5,ska_sort,1.721791
u64,100000,24680,equal,5,ska_sort_copy,1.725125
u64,100000,24680,equal,5,radixkit,0.015917
u64,100000,24680,equal,5,adaptive,0.010083
u64,100000,24680,equal,5,std_sort,0.127
u64,100000,24680,equal,6,ska_sort_copy,1.773875
u64,100000,24680,equal,6,radixkit,0.01575
u64,100000,24680,equal,6,adaptive,0.009584
u64,100000,24680,equal,6,std_sort,0.128083
u64,100000,24680,equal,6,ska_sort,1.736375
u64,100000,24680,equal,7,radixkit,0.015708
u64,100000,24680,equal,7,adaptive,0.009292
u64,100000,24680,equal,7,std_sort,0.125
u64,100000,24680,equal,7,ska_sort,1.714
u64,100000,24680,equal,7,ska_sort_copy,1.722917
u64,100000,24680,equal,8,adaptive,0.009875
u64,100000,24680,equal,8,std_sort,0.128292
u64,100000,24680,equal,8,ska_sort,1.87
u64,100000,24680,equal,8,ska_sort_copy,1.803708
u64,100000,24680,equal,8,radixkit,0.016083
u64,100000,24680,ascending,0,ska_sort,2.26025
u64,100000,24680,ascending,0,ska_sort_copy,2.205958
u64,100000,24680,ascending,0,radixkit,0.060834
u64,100000,24680,ascending,0,adaptive,0.060917
u64,100000,24680,ascending,0,std_sort,0.093916
u64,100000,24680,ascending,1,ska_sort_copy,2.220958
u64,100000,24680,ascending,1,radixkit,0.076709
u64,100000,24680,ascending,1,adaptive,0.065292
u64,100000,24680,ascending,1,std_sort,0.243041
u64,100000,24680,ascending,1,ska_sort,2.327166
u64,100000,24680,ascending,2,radixkit,0.061959
u64,100000,24680,ascending,2,adaptive,0.061166
u64,100000,24680,ascending,2,std_sort,0.094042
u64,100000,24680,ascending,2,ska_sort,2.212375
u64,100000,24680,ascending,2,ska_sort_copy,2.203666
u64,100000,24680,ascending,3,adaptive,0.060667
u64,100000,24680,ascending,3,std_sort,0.093834
u64,100000,24680,ascending,3,ska_sort,2.298834
u64,100000,24680,ascending,3,ska_sort_copy,2.241125
u64,100000,24680,ascending,3,radixkit,0.060708
u64,100000,24680,ascending,4,std_sort,0.093875
u64,100000,24680,ascending,4,ska_sort,2.22175
u64,100000,24680,ascending,4,ska_sort_copy,2.352916
u64,100000,24680,ascending,4,radixkit,0.06625
u64,100000,24680,ascending,4,adaptive,0.068292
u64,100000,24680,ascending,5,ska_sort,2.283542
u64,100000,24680,ascending,5,ska_sort_copy,2.196708
u64,100000,24680,ascending,5,radixkit,0.060833
u64,100000,24680,ascending,5,adaptive,0.061042
u64,100000,24680,ascending,5,std_sort,0.094083
u64,100000,24680,ascending,6,ska_sort_copy,2.220333
u64,100000,24680,ascending,6,radixkit,0.0645
u64,100000,24680,ascending,6,adaptive,0.061417
u64,100000,24680,ascending,6,std_sort,0.097875
u64,100000,24680,ascending,6,ska_sort,2.280041
u64,100000,24680,ascending,7,radixkit,0.060625
u64,100000,24680,ascending,7,adaptive,0.061458
u64,100000,24680,ascending,7,std_sort,0.093834
u64,100000,24680,ascending,7,ska_sort,2.209166
u64,100000,24680,ascending,7,ska_sort_copy,2.200792
u64,100000,24680,ascending,8,adaptive,0.061375
u64,100000,24680,ascending,8,std_sort,0.09375
u64,100000,24680,ascending,8,ska_sort,2.497291
u64,100000,24680,ascending,8,ska_sort_copy,2.217083
u64,100000,24680,ascending,8,radixkit,0.061
u64,100000,24680,descending,0,ska_sort,2.284
u64,100000,24680,descending,0,ska_sort_copy,2.254792
u64,100000,24680,descending,0,radixkit,0.081375
u64,100000,24680,descending,0,adaptive,0.08175
u64,100000,24680,descending,0,std_sort,0.163666
u64,100000,24680,descending,1,ska_sort_copy,2.285083
u64,100000,24680,descending,1,radixkit,0.0875
u64,100000,24680,descending,1,adaptive,0.161458
u64,100000,24680,descending,1,std_sort,0.175917
u64,100000,24680,descending,1,ska_sort,2.3765
u64,100000,24680,descending,2,radixkit,0.081917
u64,100000,24680,descending,2,adaptive,0.082583
u64,100000,24680,descending,2,std_sort,0.164417
u64,100000,24680,descending,2,ska_sort,2.263
u64,100000,24680,descending,2,ska_sort_copy,2.506291
u64,100000,24680,descending,3,adaptive,0.165083
u64,100000,24680,descending,3,std_sort,0.170125
u64,100000,24680,descending,3,ska_sort,2.325
u64,100000,24680,descending,3,ska_sort_copy,2.2715
u64,100000,24680,descending,3,radixkit,0.0825
u64,100000,24680,descending,4,std_sort,0.164542
u64,100000,24680,descending,4,ska_sort,2.272375
u64,100000,24680,descending,4,ska_sort_copy,2.503541
u64,100000,24680,descending,4,radixkit,0.082792
u64,100000,24680,descending,4,adaptive,0.085166
u64,100000,24680,descending,5,ska_sort,2.253083
u64,100000,24680,descending,5,ska_sort_copy,2.260875
u64,100000,24680,descending,5,radixkit,0.082541
u64,100000,24680,descending,5,adaptive,0.082792
u64,100000,24680,descending,5,std_sort,0.16825
u64,100000,24680,descending,6,ska_sort_copy,2.351292
u64,100000,24680,descending,6,radixkit,0.086
u64,100000,24680,descending,6,adaptive,0.081791
u64,100000,24680,descending,6,std_sort,0.163875
u64,100000,24680,descending,6,ska_sort,2.28
u64,100000,24680,descending,7,radixkit,0.082084
u64,100000,24680,descending,7,adaptive,0.081375
u64,100000,24680,descending,7,std_sort,0.163292
u64,100000,24680,descending,7,ska_sort,2.2765
u64,100000,24680,descending,7,ska_sort_copy,2.610375
u64,100000,24680,descending,8,adaptive,0.081833
u64,100000,24680,descending,8,std_sort,0.164291
u64,100000,24680,descending,8,ska_sort,2.278875
u64,100000,24680,descending,8,ska_sort_copy,2.271083
u64,100000,24680,descending,8,radixkit,0.082584
u64,100000,24680,sparse8,0,ska_sort,3.286292
u64,100000,24680,sparse8,0,ska_sort_copy,3.336208
u64,100000,24680,sparse8,0,radixkit,1.253
u64,100000,24680,sparse8,0,adaptive,0.194084
u64,100000,24680,sparse8,0,std_sort,0.821916
u64,100000,24680,sparse8,1,ska_sort_copy,3.2885
u64,100000,24680,sparse8,1,radixkit,1.216625
u64,100000,24680,sparse8,1,adaptive,0.198291
u64,100000,24680,sparse8,1,std_sort,1.04525
u64,100000,24680,sparse8,1,ska_sort,3.296583
u64,100000,24680,sparse8,2,radixkit,1.207084
u64,100000,24680,sparse8,2,adaptive,0.193667
u64,100000,24680,sparse8,2,std_sort,0.817125
u64,100000,24680,sparse8,2,ska_sort,3.389916
u64,100000,24680,sparse8,2,ska_sort_copy,3.294417
u64,100000,24680,sparse8,3,adaptive,0.19425
u64,100000,24680,sparse8,3,std_sort,0.817542
u64,100000,24680,sparse8,3,ska_sort,3.504875
u64,100000,24680,sparse8,3,ska_sort_copy,3.286875
u64,100000,24680,sparse8,3,radixkit,1.211584
u64,100000,24680,sparse8,4,std_sort,0.84775
u64,100000,24680,sparse8,4,ska_sort,3.505584
u64,100000,24680,sparse8,4,ska_sort_copy,3.307333
u64,100000,24680,sparse8,4,radixkit,1.209209
u64,100000,24680,sparse8,4,adaptive,0.194583
u64,100000,24680,sparse8,5,ska_sort,3.643583
u64,100000,24680,sparse8,5,ska_sort_copy,3.28875
u64,100000,24680,sparse8,5,radixkit,1.208208
u64,100000,24680,sparse8,5,adaptive,0.19575
u64,100000,24680,sparse8,5,std_sort,0.861958
u64,100000,24680,sparse8,6,ska_sort_copy,3.404833
u64,100000,24680,sparse8,6,radixkit,1.210625
u64,100000,24680,sparse8,6,adaptive,0.196792
u64,100000,24680,sparse8,6,std_sort,0.813833
u64,100000,24680,sparse8,6,ska_sort,3.605458
u64,100000,24680,sparse8,7,radixkit,1.272041
u64,100000,24680,sparse8,7,adaptive,0.202958
u64,100000,24680,sparse8,7,std_sort,0.809709
u64,100000,24680,sparse8,7,ska_sort,3.288459
u64,100000,24680,sparse8,7,ska_sort_copy,3.436333
u64,100000,24680,sparse8,8,adaptive,0.197
u64,100000,24680,sparse8,8,std_sort,0.831583
u64,100000,24680,sparse8,8,ska_sort,3.294167
u64,100000,24680,sparse8,8,ska_sort_copy,3.545708
u64,100000,24680,sparse8,8,radixkit,1.254583
u64,100000,24680,nearly_sorted,0,ska_sort,2.525875
u64,100000,24680,nearly_sorted,0,ska_sort_copy,2.517958
u64,100000,24680,nearly_sorted,0,radixkit,1.161291
u64,100000,24680,nearly_sorted,0,adaptive,1.04775
u64,100000,24680,nearly_sorted,0,std_sort,0.301458
u64,100000,24680,nearly_sorted,1,ska_sort_copy,2.637708
u64,100000,24680,nearly_sorted,1,radixkit,0.886833
u64,100000,24680,nearly_sorted,1,adaptive,0.884542
u64,100000,24680,nearly_sorted,1,std_sort,0.299833
u64,100000,24680,nearly_sorted,1,ska_sort,2.646667
u64,100000,24680,nearly_sorted,2,radixkit,0.897959
u64,100000,24680,nearly_sorted,2,adaptive,0.91075
u64,100000,24680,nearly_sorted,2,std_sort,0.283208
u64,100000,24680,nearly_sorted,2,ska_sort,2.536791
u64,100000,24680,nearly_sorted,2,ska_sort_copy,2.768333
u64,100000,24680,nearly_sorted,3,adaptive,0.926416
u64,100000,24680,nearly_sorted,3,std_sort,0.291792
u64,100000,24680,nearly_sorted,3,ska_sort,2.516166
u64,100000,24680,nearly_sorted,3,ska_sort_copy,2.538875
u64,100000,24680,nearly_sorted,3,radixkit,0.908875
u64,100000,24680,nearly_sorted,4,std_sort,0.291792
u64,100000,24680,nearly_sorted,4,ska_sort,2.584125
u64,100000,24680,nearly_sorted,4,ska_sort_copy,2.504541
u64,100000,24680,nearly_sorted,4,radixkit,0.887083
u64,100000,24680,nearly_sorted,4,adaptive,0.97425
u64,100000,24680,nearly_sorted,5,ska_sort,2.701958
u64,100000,24680,nearly_sorted,5,ska_sort_copy,2.534875
u64,100000,24680,nearly_sorted,5,radixkit,0.892792
u64,100000,24680,nearly_sorted,5,adaptive,0.868375
u64,100000,24680,nearly_sorted,5,std_sort,0.284333
u64,100000,24680,nearly_sorted,6,ska_sort_copy,2.621375
u64,100000,24680,nearly_sorted,6,radixkit,0.91325
u64,100000,24680,nearly_sorted,6,adaptive,0.893042
u64,100000,24680,nearly_sorted,6,std_sort,0.283041
u64,100000,24680,nearly_sorted,6,ska_sort,2.521959
u64,100000,24680,nearly_sorted,7,radixkit,0.868333
u64,100000,24680,nearly_sorted,7,adaptive,1.121583
u64,100000,24680,nearly_sorted,7,std_sort,0.340584
u64,100000,24680,nearly_sorted,7,ska_sort,2.7135
u64,100000,24680,nearly_sorted,7,ska_sort_copy,2.5175
u64,100000,24680,nearly_sorted,8,adaptive,0.903667
u64,100000,24680,nearly_sorted,8,std_sort,0.282167
u64,100000,24680,nearly_sorted,8,ska_sort,2.62625
u64,100000,24680,nearly_sorted,8,ska_sort_copy,2.574833
u64,100000,24680,nearly_sorted,8,radixkit,0.891583
kv32,100000,24680,uniform,0,ska_sort,1.524083
kv32,100000,24680,uniform,0,ska_sort_copy,0.379416
kv32,100000,24680,uniform,0,radixkit,0.483666
kv32,100000,24680,uniform,0,std_sort,4.804834
kv32,100000,24680,uniform,1,ska_sort_copy,0.44725
kv32,100000,24680,uniform,1,radixkit,0.484834
kv32,100000,24680,uniform,1,std_sort,4.555167
kv32,100000,24680,uniform,1,ska_sort,1.594125
kv32,100000,24680,uniform,2,radixkit,0.652084
kv32,100000,24680,uniform,2,std_sort,4.487333
kv32,100000,24680,uniform,2,ska_sort,1.768959
kv32,100000,24680,uniform,2,ska_sort_copy,0.672875
kv32,100000,24680,uniform,3,std_sort,4.573708
kv32,100000,24680,uniform,3,ska_sort,1.573292
kv32,100000,24680,uniform,3,ska_sort_copy,0.424667
kv32,100000,24680,uniform,3,radixkit,0.543833
kv32,100000,24680,uniform,4,ska_sort,1.545791
kv32,100000,24680,uniform,4,ska_sort_copy,0.420667
kv32,100000,24680,uniform,4,radixkit,0.47425
kv32,100000,24680,uniform,4,std_sort,4.954333
kv32,100000,24680,uniform,5,ska_sort_copy,0.46125
kv32,100000,24680,uniform,5,radixkit,0.492667
kv32,100000,24680,uniform,5,std_sort,4.615292
kv32,100000,24680,uniform,5,ska_sort,1.6065
kv32,100000,24680,uniform,6,radixkit,0.62125
kv32,100000,24680,uniform,6,std_sort,4.551709
kv32,100000,24680,uniform,6,ska_sort,1.882167
kv32,100000,24680,uniform,6,ska_sort_copy,0.529708
kv32,100000,24680,uniform,7,std_sort,4.550459
kv32,100000,24680,uniform,7,ska_sort,1.575417
kv32,100000,24680,uniform,7,ska_sort_copy,0.402375
kv32,100000,24680,uniform,7,radixkit,0.552417
kv32,100000,24680,uniform,8,ska_sort,1.551375
kv32,100000,24680,uniform,8,ska_sort_copy,0.408125
kv32,100000,24680,uniform,8,radixkit,0.478208
kv32,100000,24680,uniform,8,std_sort,4.923333
kv32,100000,24680,uniform16,0,ska_sort,1.291791
kv32,100000,24680,uniform16,0,ska_sort_copy,1.223375
kv32,100000,24680,uniform16,0,radixkit,0.477291
kv32,100000,24680,uniform16,0,std_sort,4.481042
kv32,100000,24680,uniform16,1,ska_sort_copy,0.818917
kv32,100000,24680,uniform16,1,radixkit,0.379375
kv32,100000,24680,uniform16,1,std_sort,4.599541
kv32,100000,24680,uniform16,1,ska_sort,1.29625
kv32,100000,24680,uniform16,2,radixkit,0.43975
kv32,100000,24680,uniform16,2,std_sort,4.901208
kv32,100000,24680,uniform16,2,ska_sort,1.298083
kv32,100000,24680,uniform16,2,ska_sort_copy,0.829333
kv32,100000,24680,uniform16,3,std_sort,4.656959
kv32,100000,24680,uniform16,3,ska_sort,1.299875
kv32,100000,24680,uniform16,3,ska_sort_copy,0.82125
kv32,100000,24680,uniform16,3,radixkit,0.359625
kv32,100000,24680,uniform16,4,ska_sort,1.29475
kv32,100000,24680,uniform16,4,ska_sort_copy,0.781167
kv32,100000,24680,uniform16,4,radixkit,0.801583
kv32,100000,24680,uniform16,4,std_sort,4.558333
kv32,100000,24680,uniform16,5,ska_sort_copy,0.861167
kv32,100000,24680,uniform16,5,radixkit,0.377958
kv32,100000,24680,uniform16,5,std_sort,4.601584
kv32,100000,24680,uniform16,5,ska_sort,1.297167
kv32,100000,24680,uniform16,6,radixkit,0.433416
kv32,100000,24680,uniform16,6,std_sort,5.072834
kv32,100000,24680,uniform16,6,ska_sort,1.346708
kv32,100000,24680,uniform16,6,ska_sort_copy,0.826125
kv32,100000,24680,uniform16,7,std_sort,4.633041
kv32,100000,24680,uniform16,7,ska_sort,1.297041
kv32,100000,24680,uniform16,7,ska_sort_copy,0.821917
kv32,100000,24680,uniform16,7,radixkit,0.360333
kv32,100000,24680,uniform16,8,ska_sort,1.291292
kv32,100000,24680,uniform16,8,ska_sort_copy,1.119042
kv32,100000,24680,uniform16,8,radixkit,0.632208
kv32,100000,24680,uniform16,8,std_sort,4.515625
kv32,100000,24680,zeros99,0,ska_sort,1.077209
kv32,100000,24680,zeros99,0,ska_sort_copy,1.05525
kv32,100000,24680,zeros99,0,radixkit,0.807667
kv32,100000,24680,zeros99,0,std_sort,3.900708
kv32,100000,24680,zeros99,1,ska_sort_copy,1.07075
kv32,100000,24680,zeros99,1,radixkit,0.806958
kv32,100000,24680,zeros99,1,std_sort,3.732166
kv32,100000,24680,zeros99,1,ska_sort,1.257333
kv32,100000,24680,zeros99,2,radixkit,0.839625
kv32,100000,24680,zeros99,2,std_sort,3.6995
kv32,100000,24680,zeros99,2,ska_sort,1.111667
kv32,100000,24680,zeros99,2,ska_sort_copy,1.141
kv32,100000,24680,zeros99,3,std_sort,3.737625
kv32,100000,24680,zeros99,3,ska_sort,1.070208
kv32,100000,24680,zeros99,3,ska_sort_copy,1.357917
kv32,100000,24680,zeros99,3,radixkit,0.870583
kv32,100000,24680,zeros99,4,ska_sort,1.07175
kv32,100000,24680,zeros99,4,ska_sort_copy,1.055292
kv32,100000,24680,zeros99,4,radixkit,0.805583
kv32,100000,24680,zeros99,4,std_sort,3.783
kv32,100000,24680,zeros99,5,ska_sort_copy,1.10675
kv32,100000,24680,zeros99,5,radixkit,0.823625
kv32,100000,24680,zeros99,5,std_sort,3.709917
kv32,100000,24680,zeros99,5,ska_sort,1.2965
kv32,100000,24680,zeros99,6,radixkit,1.041792
kv32,100000,24680,zeros99,6,std_sort,3.692875
kv32,100000,24680,zeros99,6,ska_sort,1.09625
kv32,100000,24680,zeros99,6,ska_sort_copy,1.102375
kv32,100000,24680,zeros99,7,std_sort,3.780541
kv32,100000,24680,zeros99,7,ska_sort,1.059792
kv32,100000,24680,zeros99,7,ska_sort_copy,1.056291
kv32,100000,24680,zeros99,7,radixkit,1.13625
kv32,100000,24680,zeros99,8,ska_sort,1.125708
kv32,100000,24680,zeros99,8,ska_sort_copy,1.060791
kv32,100000,24680,zeros99,8,radixkit,0.812541
kv32,100000,24680,zeros99,8,std_sort,3.743334
kv32,100000,24680,equal,0,ska_sort,0.863166
kv32,100000,24680,equal,0,ska_sort_copy,1.048209
kv32,100000,24680,equal,0,radixkit,0.129834
kv32,100000,24680,equal,0,std_sort,0.067041
kv32,100000,24680,equal,1,ska_sort_copy,1.194583
kv32,100000,24680,equal,1,radixkit,0.131875
kv32,100000,24680,equal,1,std_sort,0.074125
kv32,100000,24680,equal,1,ska_sort,0.963125
kv32,100000,24680,equal,2,radixkit,0.122833
kv32,100000,24680,equal,2,std_sort,0.070084
kv32,100000,24680,equal,2,ska_sort,0.861917
kv32,100000,24680,equal,2,ska_sort_copy,1.054
kv32,100000,24680,equal,3,std_sort,0.066875
kv32,100000,24680,equal,3,ska_sort,0.853625
kv32,100000,24680,equal,3,ska_sort_copy,1.084625
kv32,100000,24680,equal,3,radixkit,0.12425
kv32,100000,24680,equal,4,ska_sort,0.91025
kv32,100000,24680,equal,4,ska_sort_copy,1.072959
kv32,100000,24680,equal,4,radixkit,0.119958
kv32,100000,24680,equal,4,std_sort,0.067
kv32,100000,24680,equal,5,ska_sort_copy,1.047042
kv32,100000,24680,equal,5,radixkit,0.119667
kv32,100000,24680,equal,5,std_sort,0.066542
kv32,100000,24680,equal,5,ska_sort,0.866042
kv32,100000,24680,equal,6,radixkit,0.168167
kv32,100000,24680,equal,6,std_sort,0.082167
kv32,100000,24680,equal,6,ska_sort,0.980875
kv32,100000,24680,equal,6,ska_sort_copy,1.060375
kv32,100000,24680,equal,7,std_sort,0.067125
kv32,100000,24680,equal,7,ska_sort,0.871541
kv32,100000,24680,equal,7,ska_sort_copy,1.047458
kv32,100000,24680,equal,7,radixkit,0.120083
kv32,100000,24680,equal,8,ska_sort,0.855333
kv32,100000,24680,equal,8,ska_sort_copy,1.091166
kv32,100000,24680,equal,8,radixkit,0.126875
kv32,100000,24680,equal,8,std_sort,0.069292
kv32,100000,24680,ascending,0,ska_sort,1.666292
kv32,100000,24680,ascending,0,ska_sort_copy,1.365167
kv32,100000,24680,ascending,0,radixkit,1.158875
kv32,100000,24680,ascending,0,std_sort,0.067333
kv32,100000,24680,ascending,1,ska_sort_copy,1.036416
kv32,100000,24680,ascending,1,radixkit,1.138667
kv32,100000,24680,ascending,1,std_sort,0.06725
kv32,100000,24680,ascending,1,ska_sort,1.406791
kv32,100000,24680,ascending,2,radixkit,1.585625
kv32,100000,24680,ascending,2,std_sort,0.073583
kv32,100000,24680,ascending,2,ska_sort,1.547792
kv32,100000,24680,ascending,2,ska_sort_copy,1.22075
kv32,100000,24680,ascending,3,std_sort,0.072583
kv32,100000,24680,ascending,3,ska_sort,1.461958
kv32,100000,24680,ascending,3,ska_sort_copy,1.447875
kv32,100000,24680,ascending,3,radixkit,1.281458
kv32,100000,24680,ascending,4,ska_sort,1.459166
kv32,100000,24680,ascending,4,ska_sort_copy,2.532708
kv32,100000,24680,ascending,4,radixkit,1.220959
kv32,100000,24680,ascending,4,std_sort,0.069583
kv32,100000,24680,ascending,5,ska_sort_copy,1.12775
kv32,100000,24680,ascending,5,radixkit,1.161416
kv32,100000,24680,ascending,5,std_sort,0.072041
kv32,100000,24680,ascending,5,ska_sort,1.368583
kv32,100000,24680,ascending,6,radixkit,1.233667
kv32,100000,24680,ascending,6,std_sort,0.067042
kv32,100000,24680,ascending,6,ska_sort,1.662417
kv32,100000,24680,ascending,6,ska_sort_copy,1.280958
kv32,100000,24680,ascending,7,std_sort,0.067458
kv32,100000,24680,ascending,7,ska_sort,1.365792
kv32,100000,24680,ascending,7,ska_sort_copy,1.037
kv32,100000,24680,ascending,7,radixkit,1.166125
kv32,100000,24680,ascending,8,ska_sort,1.405791
kv32,100000,24680,ascending,8,ska_sort_copy,1.154375
kv32,100000,24680,ascending,8,radixkit,1.152542
kv32,100000,24680,ascending,8,std_sort,0.067208
kv32,100000,24680,descending,0,ska_sort,1.480333
kv32,100000,24680,descending,0,ska_sort_copy,1.154416
kv32,100000,24680,descending,0,radixkit,1.141625
kv32,100000,24680,descending,0,std_sort,0.118792
kv32,100000,24680,descending,1,ska_sort_copy,1.109625
kv32,100000,24680,descending,1,radixkit,1.21225
kv32,100000,24680,descending,1,std_sort,0.11625
kv32,100000,24680,descending,1,ska_sort,1.475542
kv32,100000,24680,descending,2,radixkit,1.157166
kv32,100000,24680,descending,2,std_sort,0.113375
kv32,100000,24680,descending,2,ska_sort,1.449625
kv32,100000,24680,descending,2,ska_sort_copy,1.258334
kv32,100000,24680,descending,3,std_sort,0.122125
kv32,100000,24680,descending,3,ska_sort,1.561292
kv32,100000,24680,descending,3,ska_sort_copy,1.189375
kv32,100000,24680,descending,3,radixkit,1.130917
kv32,100000,24680,descending,4,ska_sort,1.476667
kv32,100000,24680,descending,4,ska_sort_copy,1.110041
kv32,100000,24680,descending,4,radixkit,1.219875
kv32,100000,24680,descending,4,std_sort,0.1135
kv32,100000,24680,descending,5,ska_sort_copy,1.056417
kv32,100000,24680,descending,5,radixkit,1.129583
kv32,100000,24680,descending,5,std_sort,0.112542
kv32,100000,24680,descending,5,ska_sort,1.461584
kv32,100000,24680,descending,6,radixkit,1.315792
kv32,100000,24680,descending,6,std_sort,0.140125
kv32,100000,24680,descending,6,ska_sort,1.541333
kv32,100000,24680,descending,6,ska_sort_copy,1.155959
kv32,100000,24680,descending,7,std_sort,0.113667
kv32,100000,24680,descending,7,ska_sort,1.447458
kv32,100000,24680,descending,7,ska_sort_copy,1.066625
kv32,100000,24680,descending,7,radixkit,1.207875
kv32,100000,24680,descending,8,ska_sort,1.471959
kv32,100000,24680,descending,8,ska_sort_copy,1.076083
kv32,100000,24680,descending,8,radixkit,1.1375
kv32,100000,24680,descending,8,std_sort,0.113084
kv32,100000,24680,sparse8,0,ska_sort,1.031458
kv32,100000,24680,sparse8,0,ska_sort_copy,0.718375
kv32,100000,24680,sparse8,0,radixkit,0.594375
kv32,100000,24680,sparse8,0,std_sort,2.387959
kv32,100000,24680,sparse8,1,ska_sort_copy,0.69475
kv32,100000,24680,sparse8,1,radixkit,0.536625
kv32,100000,24680,sparse8,1,std_sort,2.381458
kv32,100000,24680,sparse8,1,ska_sort,1.21625
kv32,100000,24680,sparse8,2,radixkit,0.572792
kv32,100000,24680,sparse8,2,std_sort,2.369958
kv32,100000,24680,sparse8,2,ska_sort,1.0105
kv32,100000,24680,sparse8,2,ska_sort_copy,0.694834
kv32,100000,24680,sparse8,3,std_sort,2.434416
kv32,100000,24680,sparse8,3,ska_sort,1.07125
kv32,100000,24680,sparse8,3,ska_sort_copy,0.695083
kv32,100000,24680,sparse8,3,radixkit,0.538584
kv32,100000,24680,sparse8,4,ska_sort,1.009125
kv32,100000,24680,sparse8,4,ska_sort_copy,0.694208
kv32,100000,24680,sparse8,4,radixkit,0.548333
kv32,100000,24680,sparse8,4,std_sort,2.839
kv32,100000,24680,sparse8,5,ska_sort_copy,0.698875
kv32,100000,24680,sparse8,5,radixkit,0.536542
kv32,100000,24680,sparse8,5,std_sort,2.349291
kv32,100000,24680,sparse8,5,ska_sort,1.03475
kv32,100000,24680,sparse8,6,radixkit,0.558917
kv32,100000,24680,sparse8,6,std_sort,2.468042
kv32,100000,24680,sparse8,6,ska_sort,1.004916
kv32,100000,24680,sparse8,6,ska_sort_copy,0.693959
kv32,100000,24680,sparse8,7,std_sort,2.36025
kv32,100000,24680,sparse8,7,ska_sort,1.415042
kv32,100000,24680,sparse8,7,ska_sort_copy,0.854625
kv32,100000,24680,sparse8,7,radixkit,0.537875
kv32,100000,24680,sparse8,8,ska_sort,1.002541
kv32,100000,24680,sparse8,8,ska_sort_copy,0.69625
kv32,100000,24680,sparse8,8,radixkit,0.538125
kv32,100000,24680,sparse8,8,std_sort,2.416833
kv32,100000,24680,nearly_sorted,0,ska_sort,2.163125
kv32,100000,24680,nearly_sorted,0,ska_sort_copy,1.250708
kv32,100000,24680,nearly_sorted,0,radixkit,1.144375
kv32,100000,24680,nearly_sorted,0,std_sort,0.249375
kv32,100000,24680,nearly_sorted,1,ska_sort_copy,1.067708
kv32,100000,24680,nearly_sorted,1,radixkit,1.135375
kv32,100000,24680,nearly_sorted,1,std_sort,0.254417
kv32,100000,24680,nearly_sorted,1,ska_sort,1.809333
kv32,100000,24680,nearly_sorted,2,radixkit,1.2365
kv32,100000,24680,nearly_sorted,2,std_sort,0.246917
kv32,100000,24680,nearly_sorted,2,ska_sort,1.733209
kv32,100000,24680,nearly_sorted,2,ska_sort_copy,1.064792
kv32,100000,24680,nearly_sorted,3,std_sort,0.254042
kv32,100000,24680,nearly_sorted,3,ska_sort,2.251416
kv32,100000,24680,nearly_sorted,3,ska_sort_copy,1.177292
kv32,100000,24680,nearly_sorted,3,radixkit,1.187834
kv32,100000,24680,nearly_sorted,4,ska_sort,1.756708
kv32,100000,24680,nearly_sorted,4,ska_sort_copy,1.106166
kv32,100000,24680,nearly_sorted,4,radixkit,1.251
kv32,100000,24680,nearly_sorted,4,std_sort,0.275083
kv32,100000,24680,nearly_sorted,5,ska_sort_copy,1.103666
kv32,100000,24680,nearly_sorted,5,radixkit,1.143833
kv32,100000,24680,nearly_sorted,5,std_sort,0.245959
kv32,100000,24680,nearly_sorted,5,ska_sort,1.724542
kv32,100000,24680,nearly_sorted,6,radixkit,1.364875
kv32,100000,24680,nearly_sorted,6,std_sort,0.272916
kv32,100000,24680,nearly_sorted,6,ska_sort,1.793541
kv32,100000,24680,nearly_sorted,6,ska_sort_copy,1.155917
kv32,100000,24680,nearly_sorted,7,std_sort,0.250125
kv32,100000,24680,nearly_sorted,7,ska_sort,1.761416
kv32,100000,24680,nearly_sorted,7,ska_sort_copy,1.067042
kv32,100000,24680,nearly_sorted,7,radixkit,1.233792
kv32,100000,24680,nearly_sorted,8,ska_sort,1.735709
kv32,100000,24680,nearly_sorted,8,ska_sort_copy,1.0775
kv32,100000,24680,nearly_sorted,8,radixkit,1.136792
kv32,100000,24680,nearly_sorted,8,std_sort,0.247334
kv64,100000,24680,uniform,0,ska_sort,1.483542
kv64,100000,24680,uniform,0,ska_sort_copy,1.84025
kv64,100000,24680,uniform,0,radixkit,0.763333
kv64,100000,24680,uniform,0,std_sort,4.537667
kv64,100000,24680,uniform,1,ska_sort_copy,1.547291
kv64,100000,24680,uniform,1,radixkit,0.689875
kv64,100000,24680,uniform,1,std_sort,4.552333
kv64,100000,24680,uniform,1,ska_sort,1.510583
kv64,100000,24680,uniform,2,radixkit,0.897458
kv64,100000,24680,uniform,2,std_sort,4.781208
kv64,100000,24680,uniform,2,ska_sort,1.527417
kv64,100000,24680,uniform,2,ska_sort_copy,1.571667
kv64,100000,24680,uniform,3,std_sort,4.552667
kv64,100000,24680,uniform,3,ska_sort,1.502666
kv64,100000,24680,uniform,3,ska_sort_copy,2.065458
kv64,100000,24680,uniform,3,radixkit,0.708084
kv64,100000,24680,uniform,4,ska_sort,1.49975
kv64,100000,24680,uniform,4,ska_sort_copy,1.480125
kv64,100000,24680,uniform,4,radixkit,0.609666
kv64,100000,24680,uniform,4,std_sort,4.692542
kv64,100000,24680,uniform,5,ska_sort_copy,1.497875
kv64,100000,24680,uniform,5,radixkit,0.660958
kv64,100000,24680,uniform,5,std_sort,4.996292
kv64,100000,24680,uniform,5,ska_sort,1.505917
kv64,100000,24680,uniform,6,radixkit,0.679167
kv64,100000,24680,uniform,6,std_sort,4.720834
kv64,100000,24680,uniform,6,ska_sort,1.502917
kv64,100000,24680,uniform,6,ska_sort_copy,1.483667
kv64,100000,24680,uniform,7,std_sort,5.025875
kv64,100000,24680,uniform,7,ska_sort,1.504125
kv64,100000,24680,uniform,7,ska_sort_copy,1.483375
kv64,100000,24680,uniform,7,radixkit,0.681791
kv64,100000,24680,uniform,8,ska_sort,1.539333
kv64,100000,24680,uniform,8,ska_sort_copy,1.587792
kv64,100000,24680,uniform,8,radixkit,0.693583
kv64,100000,24680,uniform,8,std_sort,4.601792
kv64,100000,24680,uniform16,0,ska_sort,2.556125
kv64,100000,24680,uniform16,0,ska_sort_copy,2.164417
kv64,100000,24680,uniform16,0,radixkit,0.453459
kv64,100000,24680,uniform16,0,std_sort,4.574917
kv64,100000,24680,uniform16,1,ska_sort_copy,2.185667
kv64,100000,24680,uniform16,1,radixkit,0.445084
kv64,100000,24680,uniform16,1,std_sort,4.815417
kv64,100000,24680,uniform16,1,ska_sort,2.2355
kv64,100000,24680,uniform16,2,radixkit,0.455167
kv64,100000,24680,uniform16,2,std_sort,4.499958
kv64,100000,24680,uniform16,2,ska_sort,2.201625
kv64,100000,24680,uniform16,2,ska_sort_copy,2.146166
kv64,100000,24680,uniform16,3,std_sort,5.009917
kv64,100000,24680,uniform16,3,ska_sort,2.162042
kv64,100000,24680,uniform16,3,ska_sort_copy,2.166958
kv64,100000,24680,uniform16,3,radixkit,0.473667
kv64,100000,24680,uniform16,4,ska_sort,2.272709
kv64,100000,24680,uniform16,4,ska_sort_copy,2.1655
kv64,100000,24680,uniform16,4,radixkit,0.437541
kv64,100000,24680,uniform16,4,std_sort,4.904917
kv64,100000,24680,uniform16,5,ska_sort_copy,2.157083
kv64,100000,24680,uniform16,5,radixkit,0.455208
kv64,100000,24680,uniform16,5,std_sort,4.587958
kv64,100000,24680,uniform16,5,ska_sort,2.158
kv64,100000,24680,uniform16,6,radixkit,0.439208
kv64,100000,24680,uniform16,6,std_sort,4.797125
kv64,100000,24680,uniform16,6,ska_sort,2.162416
kv64,100000,24680,uniform16,6,ska_sort_copy,2.145167
kv64,100000,24680,uniform16,7,std_sort,4.610208
kv64,100000,24680,uniform16,7,ska_sort,2.157917
kv64,100000,24680,uniform16,7,ska_sort_copy,2.186042
kv64,100000,24680,uniform16,7,radixkit,0.484
kv64,100000,24680,uniform16,8,ska_sort,2.345167
kv64,100000,24680,uniform16,8,ska_sort_copy,2.180292
kv64,100000,24680,uniform16,8,radixkit,0.45225
kv64,100000,24680,uniform16,8,std_sort,4.473333
kv64,100000,24680,zeros99,0,ska_sort,2.218083
kv64,100000,24680,zeros99,0,ska_sort_copy,2.150334
kv64,100000,24680,zeros99,0,radixkit,0.043917
kv64,100000,24680,zeros99,0,std_sort,4.00875
kv64,100000,24680,zeros99,1,ska_sort_copy,2.173125
kv64,100000,24680,zeros99,1,radixkit,0.045208
kv64,100000,24680,zeros99,1,std_sort,3.722583
kv64,100000,24680,zeros99,1,ska_sort,2.209667
kv64,100000,24680,zeros99,2,radixkit,0.045333
kv64,100000,24680,zeros99,2,std_sort,3.698583
kv64,100000,24680,zeros99,2,ska_sort,2.335375
kv64,100000,24680,zeros99,2,ska_sort_copy,2.287875
kv64,100000,24680,zeros99,3,std_sort,3.688
kv64,100000,24680,zeros99,3,ska_sort,2.23075
kv64,100000,24680,zeros99,3,ska_sort_copy,2.191083
kv64,100000,24680,zeros99,3,radixkit,0.044625
kv64,100000,24680,zeros99,4,ska_sort,2.10275
kv64,100000,24680,zeros99,4,ska_sort_copy,2.333166
kv64,100000,24680,zeros99,4,radixkit,0.063125
kv64,100000,24680,zeros99,4,std_sort,3.773208
kv64,100000,24680,zeros99,5,ska_sort_copy,2.153875
kv64,100000,24680,zeros99,5,radixkit,0.049541
kv64,100000,24680,zeros99,5,std_sort,3.837292
kv64,100000,24680,zeros99,5,ska_sort,2.130125
kv64,100000,24680,zeros99,6,radixkit,0.043792
kv64,100000,24680,zeros99,6,std_sort,4.157375
kv64,100000,24680,zeros99,6,ska_sort,2.138583
kv64,100000,24680,zeros99,6,ska_sort_copy,2.11975
kv64,100000,24680,zeros99,7,std_sort,3.841375
kv64,100000,24680,zeros99,7,ska_sort,2.118583
kv64,100000,24680,zeros99,7,ska_sort_copy,2.141625
kv64,100000,24680,zeros99,7,radixkit,0.049667
kv64,100000,24680,zeros99,8,ska_sort,2.355
kv64,100000,24680,zeros99,8,ska_sort_copy,2.127541
kv64,100000,24680,zeros99,8,radixkit,0.045333
kv64,100000,24680,zeros99,8,std_sort,3.808791
kv64,100000,24680,equal,0,ska_sort,2.142084
kv64,100000,24680,equal,0,ska_sort_copy,1.751833
kv64,100000,24680,equal,0,radixkit,0.019042
kv64,100000,24680,equal,0,std_sort,0.097041
kv64,100000,24680,equal,1,ska_sort_copy,1.706084
kv64,100000,24680,equal,1,radixkit,0.01875
kv64,100000,24680,equal,1,std_sort,0.093917
kv64,100000,24680,equal,1,ska_sort,1.749
kv64,100000,24680,equal,2,radixkit,0.019416
kv64,100000,24680,equal,2,std_sort,0.09725
kv64,100000,24680,equal,2,ska_sort,1.770375
kv64,100000,24680,equal,2,ska_sort_copy,1.712625
kv64,100000,24680,equal,3,std_sort,0.094458
kv64,100000,24680,equal,3,ska_sort,1.707542
kv64,100000,24680,equal,3,ska_sort_copy,1.917792
kv64,100000,24680,equal,3,radixkit,0.022125
kv64,100000,24680,equal,4,ska_sort,1.751084
kv64,100000,24680,equal,4,ska_sort_copy,1.712416
kv64,100000,24680,equal,4,radixkit,0.018875
kv64,100000,24680,equal,4,std_sort,0.09425
kv64,100000,24680,equal,5,ska_sort_copy,1.73925
kv64,100000,24680,equal,5,radixkit,0.019333
kv64,100000,24680,equal,5,std_sort,0.097125
kv64,100000,24680,equal,5,ska_sort,1.786917
kv64,100000,24680,equal,6,radixkit,0.019958
kv64,100000,24680,equal,6,std_sort,0.094375
kv64,100000,24680,equal,6,ska_sort,1.7145
kv64,100000,24680,equal,6,ska_sort_copy,1.712708
kv64,100000,24680,equal,7,std_sort,0.093833
kv64,100000,24680,equal,7,ska_sort,1.98975
kv64,100000,24680,equal,7,ska_sort_copy,1.738583
kv64,100000,24680,equal,7,radixkit,0.019
kv64,100000,24680,equal,8,ska_sort,1.719042
kv64,100000,24680,equal,8,ska_sort_copy,1.739792
kv64,100000,24680,equal,8,radixkit,0.019459
kv64,100000,24680,equal,8,std_sort,0.102
kv64,100000,24680,ascending,0,ska_sort,2.568625
kv64,100000,24680,ascending,0,ska_sort_copy,2.30125
kv64,100000,24680,ascending,0,radixkit,0.061083
kv64,100000,24680,ascending,0,std_sort,0.094334
kv64,100000,24680,ascending,1,ska_sort_copy,2.229875
kv64,100000,24680,ascending,1,radixkit,0.064125
kv64,100000,24680,ascending,1,std_sort,0.09725
kv64,100000,24680,ascending,1,ska_sort,2.338
kv64,100000,24680,ascending,2,radixkit,0.060917
kv64,100000,24680,ascending,2,std_sort,0.109041
kv64,100000,24680,ascending,2,ska_sort,2.223458
kv64,100000,24680,ascending,2,ska_sort_copy,2.228792
kv64,100000,24680,ascending,3,std_sort,0.110542
kv64,100000,24680,ascending,3,ska_sort,2.404416
kv64,100000,24680,ascending,3,ska_sort_copy,2.252333
kv64,100000,24680,ascending,3,radixkit,0.061125
kv64,100000,24680,ascending,4,ska_sort,2.283958
kv64,100000,24680,ascending,4,ska_sort_copy,2.305084
kv64,100000,24680,ascending,4,radixkit,0.060875
kv64,100000,24680,ascending,4,std_sort,0.094208
kv64,100000,24680,ascending,5,ska_sort_copy,2.233125
kv64,100000,24680,ascending,5,radixkit,0.060667
kv64,100000,24680,ascending,5,std_sort,0.093875
kv64,100000,24680,ascending,5,ska_sort,2.581375
kv64,100000,24680,ascending,6,radixkit,0.078042
kv64,100000,24680,ascending,6,std_sort,0.094542
kv64,100000,24680,ascending,6,ska_sort,2.245875
kv64,100000,24680,ascending,6,ska_sort_copy,2.218708
kv64,100000,24680,ascending,7,std_sort,0.099166
kv64,100000,24680,ascending,7,ska_sort,2.330542
kv64,100000,24680,ascending,7,ska_sort_copy,2.231916
kv64,100000,24680,ascending,7,radixkit,0.060834
kv64,100000,24680,ascending,8,ska_sort,2.227875
kv64,100000,24680,ascending,8,ska_sort_copy,2.617292
kv64,100000,24680,ascending,8,radixkit,0.065875
kv64,100000,24680,ascending,8,std_sort,0.100542
kv64,100000,24680,descending,0,ska_sort,2.352667
kv64,100000,24680,descending,0,ska_sort_copy,2.3105
kv64,100000,24680,descending,0,radixkit,0.094666
kv64,100000,24680,descending,0,std_sort,0.141375
kv64,100000,24680,descending,1,ska_sort_copy,2.811375
kv64,100000,24680,descending,1,radixkit,0.092334
kv64,100000,24680,descending,1,std_sort,0.143334
kv64,100000,24680,descending,1,ska_sort,2.33075
kv64,100000,24680,descending,2,radixkit,0.094917
kv64,100000,24680,descending,2,std_sort,0.140417
kv64,100000,24680,descending,2,ska_sort,2.366916
kv64,100000,24680,descending,2,ska_sort_copy,2.419917
kv64,100000,24680,descending,3,std_sort,0.140416
kv64,100000,24680,descending,3,ska_sort,2.310083
kv64,100000,24680,descending,3,ska_sort_copy,2.622083
kv64,100000,24680,descending,3,radixkit,0.099
kv64,100000,24680,descending,4,ska_sort,2.369417
kv64,100000,24680,descending,4,ska_sort_copy,2.326
kv64,100000,24680,descending,4,radixkit,0.092833
kv64,100000,24680,descending,4,std_sort,0.145333
kv64,100000,24680,descending,5,ska_sort_copy,2.431042
kv64,100000,24680,descending,5,radixkit,0.102875
kv64,100000,24680,descending,5,std_sort,0.14225
kv64,100000,24680,descending,5,ska_sort,2.327666
kv64,100000,24680,descending,6,radixkit,0.092042
kv64,100000,24680,descending,6,std_sort,0.139916
kv64,100000,24680,descending,6,ska_sort,2.409709
kv64,100000,24680,descending,6,ska_sort_copy,2.61625
kv64,100000,24680,descending,7,std_sort,0.141542
kv64,100000,24680,descending,7,ska_sort,2.305708
kv64,100000,24680,descending,7,ska_sort_copy,2.375334
kv64,100000,24680,descending,7,radixkit,0.097792
kv64,100000,24680,descending,8,ska_sort,2.333
kv64,100000,24680,descending,8,ska_sort_copy,2.314375
kv64,100000,24680,descending,8,radixkit,0.091833
kv64,100000,24680,descending,8,std_sort,0.140083
kv64,100000,24680,sparse8,0,ska_sort,3.717208
kv64,100000,24680,sparse8,0,ska_sort_copy,3.391709
kv64,100000,24680,sparse8,0,radixkit,1.269167
kv64,100000,24680,sparse8,0,std_sort,2.398125
kv64,100000,24680,sparse8,1,ska_sort_copy,3.476542
kv64,100000,24680,sparse8,1,radixkit,1.270459
kv64,100000,24680,sparse8,1,std_sort,2.364708
kv64,100000,24680,sparse8,1,ska_sort,3.611375
kv64,100000,24680,sparse8,2,radixkit,1.278208
kv64,100000,24680,sparse8,2,std_sort,2.395916
kv64,100000,24680,sparse8,2,ska_sort,3.512209
kv64,100000,24680,sparse8,2,ska_sort_copy,3.352208
kv64,100000,24680,sparse8,3,std_sort,2.737292
kv64,100000,24680,sparse8,3,ska_sort,3.393416
kv64,100000,24680,sparse8,3,ska_sort_copy,3.440417
kv64,100000,24680,sparse8,3,radixkit,1.365334
kv64,100000,24680,sparse8,4,ska_sort,3.4015
kv64,100000,24680,sparse8,4,ska_sort_copy,3.7615
kv64,100000,24680,sparse8,4,radixkit,1.279791
kv64,100000,24680,sparse8,4,std_sort,2.349708
kv64,100000,24680,sparse8,5,ska_sort_copy,3.438875
kv64,100000,24680,sparse8,5,radixkit,1.364459
kv64,100000,24680,sparse8,5,std_sort,2.368459
kv64,100000,24680,sparse8,5,ska_sort,3.472666
kv64,100000,24680,sparse8,6,radixkit,1.444292
kv64,100000,24680,sparse8,6,std_sort,2.364375
kv64,100000,24680,sparse8,6,ska_sort,3.436417
kv64,100000,24680,sparse8,6,ska_sort_copy,3.477458
kv64,100000,24680,sparse8,7,std_sort,2.377542
kv64,100000,24680,sparse8,7,ska_sort,3.715625
kv64,100000,24680,sparse8,7,ska_sort_copy,3.362791
kv64,100000,24680,sparse8,7,radixkit,1.2875
kv64,100000,24680,sparse8,8,ska_sort,3.556041
kv64,100000,24680,sparse8,8,ska_sort_copy,3.374
kv64,100000,24680,sparse8,8,radixkit,1.314584
kv64,100000,24680,sparse8,8,std_sort,2.571417
kv64,100000,24680,nearly_sorted,0,ska_sort,2.612125
kv64,100000,24680,nearly_sorted,0,ska_sort_copy,2.585958
kv64,100000,24680,nearly_sorted,0,radixkit,1.07175
kv64,100000,24680,nearly_sorted,0,std_sort,0.294542
kv64,100000,24680,nearly_sorted,1,ska_sort_copy,2.610792
kv64,100000,24680,nearly_sorted,1,radixkit,0.946792
kv64,100000,24680,nearly_sorted,1,std_sort,0.280833
kv64,100000,24680,nearly_sorted,1,ska_sort,2.591916
kv64,100000,24680,nearly_sorted,2,radixkit,0.910333
kv64,100000,24680,nearly_sorted,2,std_sort,0.276125
kv64,100000,24680,nearly_sorted,2,ska_sort,2.597917
kv64,100000,24680,nearly_sorted,2,ska_sort_copy,2.616208
kv64,100000,24680,nearly_sorted,3,std_sort,0.326625
kv64,100000,24680,nearly_sorted,3,ska_sort,2.603625
kv64,100000,24680,nearly_sorted,3,ska_sort_copy,2.579167
kv64,100000,24680,nearly_sorted,3,radixkit,0.972542
kv64,100000,24680,nearly_sorted,4,ska_sort,2.738166
kv64,100000,24680,nearly_sorted,4,ska_sort_copy,2.588792
kv64,100000,24680,nearly_sorted,4,radixkit,0.932667
kv64,100000,24680,nearly_sorted,4,std_sort,0.284834
kv64,100000,24680,nearly_sorted,5,ska_sort_copy,2.866333
kv64,100000,24680,nearly_sorted,5,radixkit,0.956291
kv64,100000,24680,nearly_sorted,5,std_sort,0.277417
kv64,100000,24680,nearly_sorted,5,ska_sort,2.577542
kv64,100000,24680,nearly_sorted,6,radixkit,0.942167
kv64,100000,24680,nearly_sorted,6,std_sort,0.286833
kv64,100000,24680,nearly_sorted,6,ska_sort,2.662916
kv64,100000,24680,nearly_sorted,6,ska_sort_copy,2.571583
kv64,100000,24680,nearly_sorted,7,std_sort,0.277417
kv64,100000,24680,nearly_sorted,7,ska_sort,2.987375
kv64,100000,24680,nearly_sorted,7,ska_sort_copy,2.6165
kv64,100000,24680,nearly_sorted,7,radixkit,0.94225
kv64,100000,24680,nearly_sorted,8,ska_sort,2.63775
kv64,100000,24680,nearly_sorted,8,ska_sort_copy,2.655542
kv64,100000,24680,nearly_sorted,8,radixkit,0.934916
kv64,100000,24680,nearly_sorted,8,std_sort,0.2775
u32,100000,97531,uniform,0,ska_sort,1.426209
u32,100000,97531,uniform,0,ska_sort_copy,0.380041
u32,100000,97531,uniform,0,radixkit,0.256833
u32,100000,97531,uniform,0,adaptive,0.273959
u32,100000,97531,uniform,0,std_sort,1.858291
u32,100000,97531,uniform,1,ska_sort_copy,0.366375
u32,100000,97531,uniform,1,radixkit,0.248292
u32,100000,97531,uniform,1,adaptive,0.243875
u32,100000,97531,uniform,1,std_sort,1.825125
u32,100000,97531,uniform,1,ska_sort,1.434791
u32,100000,97531,uniform,2,radixkit,0.25175
u32,100000,97531,uniform,2,adaptive,0.243792
u32,100000,97531,uniform,2,std_sort,2.198125
u32,100000,97531,uniform,2,ska_sort,1.407292
u32,100000,97531,uniform,2,ska_sort_copy,0.36875
u32,100000,97531,uniform,3,adaptive,0.245833
u32,100000,97531,uniform,3,std_sort,1.882417
u32,100000,97531,uniform,3,ska_sort,1.431667
u32,100000,97531,uniform,3,ska_sort_copy,0.37725
u32,100000,97531,uniform,3,radixkit,0.253916
u32,100000,97531,uniform,4,std_sort,1.940166
u32,100000,97531,uniform,4,ska_sort,1.416458
u32,100000,97531,uniform,4,ska_sort_copy,0.378167
u32,100000,97531,uniform,4,radixkit,0.244
u32,100000,97531,uniform,4,adaptive,0.246333
u32,100000,97531,uniform,5,ska_sort,1.369291
u32,100000,97531,uniform,5,ska_sort_copy,0.362791
u32,100000,97531,uniform,5,radixkit,0.2455
u32,100000,97531,uniform,5,adaptive,0.2505
u32,100000,97531,uniform,5,std_sort,2.059
u32,100000,97531,uniform,6,ska_sort_copy,0.493125
u32,100000,97531,uniform,6,radixkit,0.25175
u32,100000,97531,uniform,6,adaptive,0.302416
u32,100000,97531,uniform,6,std_sort,1.851459
u32,100000,97531,uniform,6,ska_sort,1.384833
u32,100000,97531,uniform,7,radixkit,0.244708
u32,100000,97531,uniform,7,adaptive,0.245875
u32,100000,97531,uniform,7,std_sort,1.911334
u32,100000,97531,uniform,7,ska_sort,1.439917
u32,100000,97531,uniform,7,ska_sort_copy,0.39675
u32,100000,97531,uniform,8,adaptive,0.252083
u32,100000,97531,uniform,8,std_sort,1.880791
u32,100000,97531,uniform,8,ska_sort,1.392709
u32,100000,97531,uniform,8,ska_sort_copy,0.379375
u32,100000,97531,uniform,8,radixkit,0.254208
u32,100000,97531,uniform16,0,ska_sort,1.256042
u32,100000,97531,uniform16,0,ska_sort_copy,0.8005
u32,100000,97531,uniform16,0,radixkit,0.194708
u32,100000,97531,uniform16,0,adaptive,0.22075
u32,100000,97531,uniform16,0,std_sort,1.894875
u32,100000,97531,uniform16,1,ska_sort_copy,0.77775
u32,100000,97531,uniform16,1,radixkit,0.185875
u32,100000,97531,uniform16,1,adaptive,0.186
u32,100000,97531,uniform16,1,std_sort,1.810375
u32,100000,97531,uniform16,1,ska_sort,1.207709
u32,100000,97531,uniform16,2,radixkit,0.185708
u32,100000,97531,uniform16,2,adaptive,0.185667
u32,100000,97531,uniform16,2,std_sort,2.103125
u32,100000,97531,uniform16,2,ska_sort,1.2425
u32,100000,97531,uniform16,2,ska_sort_copy,0.777917
u32,100000,97531,uniform16,3,adaptive,0.187
u32,100000,97531,uniform16,3,std_sort,1.834542
u32,100000,97531,uniform16,3,ska_sort,1.218417
u32,100000,97531,uniform16,3,ska_sort_copy,0.801959
u32,100000,97531,uniform16,3,radixkit,0.192167
u32,100000,97531,uniform16,4,std_sort,1.898916
u32,100000,97531,uniform16,4,ska_sort,1.206292
u32,100000,97531,uniform16,4,ska_sort_copy,0.773917
u32,100000,97531,uniform16,4,radixkit,0.186333
u32,100000,97531,uniform16,4,adaptive,0.185958
u32,100000,97531,uniform16,5,ska_sort,1.187917
u32,100000,97531,uniform16,5,ska_sort_copy,0.774917
u32,100000,97531,uniform16,5,radixkit,0.191708
u32,100000,97531,uniform16,5,adaptive,0.185667
u32,100000,97531,uniform16,5,std_sort,2.119666
u32,100000,97531,uniform16,6,ska_sort_copy,0.798542
u32,100000,97531,uniform16,6,radixkit,0.195375
u32,100000,97531,uniform16,6,adaptive,0.185667
u32,100000,97531,uniform16,6,std_sort,1.819833
u32,100000,97531,uniform16,6,ska_sort,1.203209
u32,100000,97531,uniform16,7,radixkit,0.1855
u32,100000,97531,uniform16,7,adaptive,0.185333
u32,100000,97531,uniform16,7,std_sort,1.825333
u32,100000,97531,uniform16,7,ska_sort,1.24775
u32,100000,97531,uniform16,7,ska_sort_copy,0.821875
u32,100000,97531,uniform16,8,adaptive,0.196
u32,100000,97531,uniform16,8,std_sort,1.82425
u32,100000,97531,uniform16,8,ska_sort,1.202333
u32,100000,97531,uniform16,8,ska_sort_copy,0.780458
u32,100000,97531,uniform16,8,radixkit,0.185625
u32,100000,97531,zeros99,0,ska_sort,1.266208
u32,100000,97531,zeros99,0,ska_sort_copy,1.110667
u32,100000,97531,zeros99,0,radixkit,0.282041
u32,100000,97531,zeros99,0,adaptive,0.052417
u32,100000,97531,zeros99,0,std_sort,0.084542
u32,100000,97531,zeros99,1,ska_sort_copy,1.112209
u32,100000,97531,zeros99,1,radixkit,0.291833
u32,100000,97531,zeros99,1,adaptive,0.039708
u32,100000,97531,zeros99,1,std_sort,0.101208
u32,100000,97531,zeros99,1,ska_sort,1.289125
u32,100000,97531,zeros99,2,radixkit,0.271166
u32,100000,97531,zeros99,2,adaptive,0.038417
u32,100000,97531,zeros99,2,std_sort,0.08
u32,100000,97531,zeros99,2,ska_sort,1.270666
u32,100000,97531,zeros99,2,ska_sort_copy,1.072209
u32,100000,97531,zeros99,3,adaptive,0.038375
u32,100000,97531,zeros99,3,std_sort,0.077166
u32,100000,97531,zeros99,3,ska_sort,1.2735
u32,100000,97531,zeros99,3,ska_sort_copy,1.266959
u32,100000,97531,zeros99,3,radixkit,0.39675
u32,100000,97531,zeros99,4,std_sort,0.128042
u32,100000,97531,zeros99,4,ska_sort,1.284416
u32,100000,97531,zeros99,4,ska_sort_copy,1.077459
u32,100000,97531,zeros99,4,radixkit,0.270167
u32,100000,97531,zeros99,4,adaptive,0.039666
u32,100000,97531,zeros99,5,ska_sort,1.253666
u32,100000,97531,zeros99,5,ska_sort_copy,1.074292
u32,100000,97531,zeros99,5,radixkit,0.270583
u32,100000,97531,zeros99,5,adaptive,0.038167
u32,100000,97531,zeros99,5,std_sort,0.075875
u32,100000,97531,zeros99,6,ska_sort_copy,1.112459
u32,100000,97531,zeros99,6,radixkit,0.2855
u32,100000,97531,zeros99,6,adaptive,0.0395
u32,100000,97531,zeros99,6,std_sort,0.078125
u32,100000,97531,zeros99,6,ska_sort,1.318584
u32,100000,97531,zeros99,7,radixkit,0.284875
u32,100000,97531,zeros99,7,adaptive,0.038875
u32,100000,97531,zeros99,7,std_sort,0.083708
u32,100000,97531,zeros99,7,ska_sort,1.254167
u32,100000,97531,zeros99,7,ska_sort_copy,1.074625
u32,100000,97531,zeros99,8,adaptive,0.038167
u32,100000,97531,zeros99,8,std_sort,0.075375
u32,100000,97531,zeros99,8,ska_sort,1.257167
u32,100000,97531,zeros99,8,ska_sort_copy,1.072333
u32,100000,97531,zeros99,8,radixkit,0.2875
u32,100000,97531,equal,0,ska_sort,0.86175
u32,100000,97531,equal,0,ska_sort_copy,1.06725
u32,100000,97531,equal,0,radixkit,0.114833
u32,100000,97531,equal,0,adaptive,0.00475
u32,100000,97531,equal,0,std_sort,0.130542
u32,100000,97531,equal,1,ska_sort_copy,1.069875
u32,100000,97531,equal,1,radixkit,0.114792
u32,100000,97531,equal,1,adaptive,0.004708
u32,100000,97531,equal,1,std_sort,0.124917
u32,100000,97531,equal,1,ska_sort,0.865375
u32,100000,97531,equal,2,radixkit,0.11725
u32,100000,97531,equal,2,adaptive,0.004833
u32,100000,97531,equal,2,std_sort,0.130958
u32,100000,97531,equal,2,ska_sort,0.901791
u32,100000,97531,equal,2,ska_sort_copy,1.133167
u32,100000,97531,equal,3,adaptive,0.005125
u32,100000,97531,equal,3,std_sort,0.139625
u32,100000,97531,equal,3,ska_sort,0.8795
u32,100000,97531,equal,3,ska_sort_copy,1.090083
u32,100000,97531,equal,3,radixkit,0.117167
u32,100000,97531,equal,4,std_sort,0.124958
u32,100000,97531,equal,4,ska_sort,0.868375
u32,100000,97531,equal,4,ska_sort_copy,1.076916
u32,100000,97531,equal,4,radixkit,0.114792
u32,100000,97531,equal,4,adaptive,0.00475
u32,100000,97531,equal,5,ska_sort,0.860041
u32,100000,97531,equal,5,ska_sort_copy,1.088416
u32,100000,97531,equal,5,radixkit,0.149208
u32,100000,97531,equal,5,adaptive,0.010917
u32,100000,97531,equal,5,std_sort,0.134167
u32,100000,97531,equal,6,ska_sort_copy,1.192375
u32,100000,97531,equal,6,radixkit,0.123125
u32,100000,97531,equal,6,adaptive,0.005459
u32,100000,97531,equal,6,std_sort,0.128125
u32,100000,97531,equal,6,ska_sort,0.881125
u32,100000,97531,equal,7,radixkit,0.114833
u32,100000,97531,equal,7,adaptive,0.00475
u32,100000,97531,equal,7,std_sort,0.124958
u32,100000,97531,equal,7,ska_sort,0.867916
u32,100000,97531,equal,7,ska_sort_copy,1.070458
u32,100000,97531,equal,8,adaptive,0.00475
u32,100000,97531,equal,8,std_sort,0.124916
u32,100000,97531,equal,8,ska_sort,0.863958
u32,100000,97531,equal,8,ska_sort_copy,1.091084
u32,100000,97531,equal,8,radixkit,0.118292
u32,100000,97531,ascending,0,ska_sort,1.339
u32,100000,97531,ascending,0,ska_sort_copy,0.725834
u32,100000,97531,ascending,0,radixkit,0.637041
u32,100000,97531,ascending,0,adaptive,0.031417
u32,100000,97531,ascending,0,std_sort,0.094209
u32,100000,97531,ascending,1,ska_sort_copy,0.726167
u32,100000,97531,ascending,1,radixkit,0.653625
u32,100000,97531,ascending,1,adaptive,0.035
u32,100000,97531,ascending,1,std_sort,0.093958
u32,100000,97531,ascending,1,ska_sort,1.718459
u32,100000,97531,ascending,2,radixkit,0.655458
u32,100000,97531,ascending,2,adaptive,0.036125
u32,100000,97531,ascending,2,std_sort,0.106459
u32,100000,97531,ascending,2,ska_sort,1.352042
u32,100000,97531,ascending,2,ska_sort_copy,0.726875
u32,100000,97531,ascending,3,adaptive,0.031333
u32,100000,97531,ascending,3,std_sort,0.093792
u32,100000,97531,ascending,3,ska_sort,1.346
u32,100000,97531,ascending,3,ska_sort_copy,0.725917
u32,100000,97531,ascending,3,radixkit,0.670084
u32,100000,97531,ascending,4,std_sort,0.095042
u32,100000,97531,ascending,4,ska_sort,1.388667
u32,100000,97531,ascending,4,ska_sort_copy,0.777625
u32,100000,97531,ascending,4,radixkit,0.671875
u32,100000,97531,ascending,4,adaptive,0.031958
u32,100000,97531,ascending,5,ska_sort,1.354542
u32,100000,97531,ascending,5,ska_sort_copy,0.726167
u32,100000,97531,ascending,5,radixkit,0.633958
u32,100000,97531,ascending,5,adaptive,0.031416
u32,100000,97531,ascending,5,std_sort,0.094042
u32,100000,97531,ascending,6,ska_sort_copy,0.725
u32,100000,97531,ascending,6,radixkit,0.651375
u32,100000,97531,ascending,6,adaptive,0.031375
u32,100000,97531,ascending,6,std_sort,0.093833
u32,100000,97531,ascending,6,ska_sort,1.430208
u32,100000,97531,ascending,7,radixkit,0.737458
u32,100000,97531,ascending,7,adaptive,0.034833
u32,100000,97531,ascending,7,std_sort,0.10525
u32,100000,97531,ascending,7,ska_sort,1.422917
u32,100000,97531,ascending,7,ska_sort_copy,0.738084
u32,100000,97531,ascending,8,adaptive,0.031584
u32,100000,97531,ascending,8,std_sort,0.096791
u32,100000,97531,ascending,8,ska_sort,1.34225
u32,100000,97531,ascending,8,ska_sort_copy,0.727167
u32,100000,97531,ascending,8,radixkit,0.638375
u32,100000,97531,descending,0,ska_sort,1.408
u32,100000,97531,descending,0,ska_sort_copy,0.729791
u32,100000,97531,descending,0,radixkit,0.634042
u32,100000,97531,descending,0,adaptive,0.049709
u32,100000,97531,descending,0,std_sort,0.165709
u32,100000,97531,descending,1,ska_sort_copy,0.727083
u32,100000,97531,descending,1,radixkit,0.6535
u32,100000,97531,descending,1,adaptive,0.049958
u32,100000,97531,descending,1,std_sort,0.162667
u32,100000,97531,descending,1,ska_sort,1.588292
u32,100000,97531,descending,2,radixkit,0.7935
u32,100000,97531,descending,2,adaptive,0.051083
u32,100000,97531,descending,2,std_sort,0.168417
u32,100000,97531,descending,2,ska_sort,1.439042
u32,100000,97531,descending,2,ska_sort_copy,0.739291
u32,100000,97531,descending,3,adaptive,0.049916
u32,100000,97531,descending,3,std_sort,0.162917
u32,100000,97531,descending,3,ska_sort,1.395667
u32,100000,97531,descending,3,ska_sort_copy,0.731416
u32,100000,97531,descending,3,radixkit,0.662541
u32,100000,97531,descending,4,std_sort,0.168
u32,100000,97531,descending,4,ska_sort,1.448875
u32,100000,97531,descending,4,ska_sort_copy,0.784375
u32,100000,97531,descending,4,radixkit,0.654584
u32,100000,97531,descending,4,adaptive,0.05025
u32,100000,97531,descending,5,ska_sort,1.403458
u32,100000,97531,descending,5,ska_sort_copy,0.727167
u32,100000,97531,descending,5,radixkit,0.650666
u32,100000,97531,descending,5,adaptive,0.049791
u32,100000,97531,descending,5,std_sort,0.165583
u32,100000,97531,descending,6,ska_sort_copy,0.736791
u32,100000,97531,descending,6,radixkit,0.634833
u32,100000,97531,descending,6,adaptive,0.049667
u32,100000,97531,descending,6,std_sort,0.162375
u32,100000,97531,descending,6,ska_sort,1.595416
u32,100000,97531,descending,7,radixkit,0.690167
u32,100000,97531,descending,7,adaptive,0.057417
u32,100000,97531,descending,7,std_sort,0.17575
u32,100000,97531,descending,7,ska_sort,1.434708
u32,100000,97531,descending,7,ska_sort_copy,0.729375
u32,100000,97531,descending,8,adaptive,0.04975
u32,100000,97531,descending,8,std_sort,0.162625
u32,100000,97531,descending,8,ska_sort,1.400291
u32,100000,97531,descending,8,ska_sort_copy,0.727959
u32,100000,97531,descending,8,radixkit,0.634375
u32,100000,97531,sparse8,0,ska_sort,0.952625
u32,100000,97531,sparse8,0,ska_sort_copy,0.628625
u32,100000,97531,sparse8,0,radixkit,0.321333
u32,100000,97531,sparse8,0,adaptive,0.101709
u32,100000,97531,sparse8,0,std_sort,0.94975
u32,100000,97531,sparse8,1,ska_sort_copy,0.724959
u32,100000,97531,sparse8,1,radixkit,0.336375
u32,100000,97531,sparse8,1,adaptive,0.110292
u32,100000,97531,sparse8,1,std_sort,0.861333
u32,100000,97531,sparse8,1,ska_sort,1.0095
u32,100000,97531,sparse8,2,radixkit,0.319292
u32,100000,97531,sparse8,2,adaptive,0.1025
u32,100000,97531,sparse8,2,std_sort,0.801875
u32,100000,97531,sparse8,2,ska_sort,0.952583
u32,100000,97531,sparse8,2,ska_sort_copy,0.628875
u32,100000,97531,sparse8,3,adaptive,0.102042
u32,100000,97531,sparse8,3,std_sort,0.793291
u32,100000,97531,sparse8,3,ska_sort,0.989083
u32,100000,97531,sparse8,3,ska_sort_copy,0.65325
u32,100000,97531,sparse8,3,radixkit,0.330875
u32,100000,97531,sparse8,4,std_sort,0.875333
u32,100000,97531,sparse8,4,ska_sort,0.990958
u32,100000,97531,sparse8,4,ska_sort_copy,0.645792
u32,100000,97531,sparse8,4,radixkit,0.318375
u32,100000,97531,sparse8,4,adaptive,0.105666
u32,100000,97531,sparse8,5,ska_sort,0.961375
u32,100000,97531,sparse8,5,ska_sort_copy,0.64075
u32,100000,97531,sparse8,5,radixkit,0.327542
u32,100000,97531,sparse8,5,adaptive,0.103625
u32,100000,97531,sparse8,5,std_sort,0.822
u32,100000,97531,sparse8,6,ska_sort_copy,0.643916
u32,100000,97531,sparse8,6,radixkit,0.334333
u32,100000,97531,sparse8,6,adaptive,0.105333
u32,100000,97531,sparse8,6,std_sort,1.100166
u32,100000,97531,sparse8,6,ska_sort,1.047042
u32,100000,97531,sparse8,7,radixkit,0.349708
u32,100000,97531,sparse8,7,adaptive,0.110417
u32,100000,97531,sparse8,7,std_sort,0.883625
u32,100000,97531,sparse8,7,ska_sort,0.971375
u32,100000,97531,sparse8,7,ska_sort_copy,0.628125
u32,100000,97531,sparse8,8,adaptive,0.102666
u32,100000,97531,sparse8,8,std_sort,0.7995
u32,100000,97531,sparse8,8,ska_sort,0.957333
u32,100000,97531,sparse8,8,ska_sort_copy,0.662291
u32,100000,97531,sparse8,8,radixkit,0.333042
u32,100000,97531,nearly_sorted,0,ska_sort,1.620625
u32,100000,97531,nearly_sorted,0,ska_sort_copy,0.7355
u32,100000,97531,nearly_sorted,0,radixkit,0.662125
u32,100000,97531,nearly_sorted,0,adaptive,0.925375
u32,100000,97531,nearly_sorted,0,std_sort,0.355958
u32,100000,97531,nearly_sorted,1,ska_sort_copy,0.8195
u32,100000,97531,nearly_sorted,1,radixkit,0.686833
u32,100000,97531,nearly_sorted,1,adaptive,0.664334
u32,100000,97531,nearly_sorted,1,std_sort,0.275458
u32,100000,97531,nearly_sorted,1,ska_sort,1.623209
u32,100000,97531,nearly_sorted,2,radixkit,0.660459
u32,100000,97531,nearly_sorted,2,adaptive,0.653084
u32,100000,97531,nearly_sorted,2,std_sort,0.27175
u32,100000,97531,nearly_sorted,2,ska_sort,1.676
u32,100000,97531,nearly_sorted,2,ska_sort_copy,0.782834
u32,100000,97531,nearly_sorted,3,adaptive,0.688875
u32,100000,97531,nearly_sorted,3,std_sort,0.28675
u32,100000,97531,nearly_sorted,3,ska_sort,1.630625
u32,100000,97531,nearly_sorted,3,ska_sort_copy,0.72675
u32,100000,97531,nearly_sorted,3,radixkit,0.634792
u32,100000,97531,nearly_sorted,4,std_sort,0.272291
u32,100000,97531,nearly_sorted,4,ska_sort,1.621417
u32,100000,97531,nearly_sorted,4,ska_sort_copy,0.780333
u32,100000,97531,nearly_sorted,4,radixkit,0.9555
u32,100000,97531,nearly_sorted,4,adaptive,0.709042
u32,100000,97531,nearly_sorted,5,ska_sort,1.637458
u32,100000,97531,nearly_sorted,5,ska_sort_copy,0.728167
u32,100000,97531,nearly_sorted,5,radixkit,0.64725
u32,100000,97531,nearly_sorted,5,adaptive,0.65375
u32,100000,97531,nearly_sorted,5,std_sort,0.277833
u32,100000,97531,nearly_sorted,6,ska_sort_copy,0.727792
u32,100000,97531,nearly_sorted,6,radixkit,0.677583
u32,100000,97531,nearly_sorted,6,adaptive,0.677167
u32,100000,97531,nearly_sorted,6,std_sort,0.281292
u32,100000,97531,nearly_sorted,6,ska_sort,1.674
u32,100000,97531,nearly_sorted,7,radixkit,0.655083
u32,100000,97531,nearly_sorted,7,adaptive,0.64125
u32,100000,97531,nearly_sorted,7,std_sort,0.273458
u32,100000,97531,nearly_sorted,7,ska_sort,1.61125
u32,100000,97531,nearly_sorted,7,ska_sort_copy,0.726375
u32,100000,97531,nearly_sorted,8,adaptive,0.636084
u32,100000,97531,nearly_sorted,8,std_sort,0.281833
u32,100000,97531,nearly_sorted,8,ska_sort,1.789833
u32,100000,97531,nearly_sorted,8,ska_sort_copy,0.825959
u32,100000,97531,nearly_sorted,8,radixkit,0.661958
u64,100000,97531,uniform,0,ska_sort,1.363542
u64,100000,97531,uniform,0,ska_sort_copy,1.377417
u64,100000,97531,uniform,0,radixkit,0.548917
u64,100000,97531,uniform,0,adaptive,0.591875
u64,100000,97531,uniform,0,std_sort,2.022417
u64,100000,97531,uniform,1,ska_sort_copy,1.391291
u64,100000,97531,uniform,1,radixkit,0.518167
u64,100000,97531,uniform,1,adaptive,0.496958
u64,100000,97531,uniform,1,std_sort,1.872583
u64,100000,97531,uniform,1,ska_sort,1.442333
u64,100000,97531,uniform,2,radixkit,0.517375
u64,100000,97531,uniform,2,adaptive,0.531292
u64,100000,97531,uniform,2,std_sort,1.942334
u64,100000,97531,uniform,2,ska_sort,1.377667
u64,100000,97531,uniform,2,ska_sort_copy,1.388833
u64,100000,97531,uniform,3,adaptive,0.507208
u64,100000,97531,uniform,3,std_sort,2.160625
u64,100000,97531,uniform,3,ska_sort,1.561042
u64,100000,97531,uniform,3,ska_sort_copy,1.366625
u64,100000,97531,uniform,3,radixkit,0.529875
u64,100000,97531,uniform,4,std_sort,1.874084
u64,100000,97531,uniform,4,ska_sort,1.383666
u64,100000,97531,uniform,4,ska_sort_copy,1.397209
u64,100000,97531,uniform,4,radixkit,0.571083
u64,100000,97531,uniform,4,adaptive,0.521167
u64,100000,97531,uniform,5,ska_sort,1.4255
u64,100000,97531,uniform,5,ska_sort_copy,1.386875
u64,100000,97531,uniform,5,radixkit,0.506083
u64,100000,97531,uniform,5,adaptive,0.506125
u64,100000,97531,uniform,5,std_sort,1.938
u64,100000,97531,uniform,6,ska_sort_copy,1.708291
u64,100000,97531,uniform,6,radixkit,0.58125
u64,100000,97531,uniform,6,adaptive,0.512083
u64,100000,97531,uniform,6,std_sort,1.907667
u64,100000,97531,uniform,6,ska_sort,1.406541
u64,100000,97531,uniform,7,radixkit,0.506334
u64,100000,97531,uniform,7,adaptive,0.530209
u64,100000,97531,uniform,7,std_sort,1.935
u64,100000,97531,uniform,7,ska_sort,1.456
u64,100000,97531,uniform,7,ska_sort_copy,1.399417
u64,100000,97531,uniform,8,adaptive,0.525833
u64,100000,97531,uniform,8,std_sort,1.880792
u64,100000,97531,uniform,8,ska_sort,1.394542
u64,100000,97531,uniform,8,ska_sort_copy,1.800458
u64,100000,97531,uniform,8,radixkit,0.526666
u64,100000,97531,uniform16,0,ska_sort,2.071708
u64,100000,97531,uniform16,0,ska_sort_copy,2.33475
u64,100000,97531,uniform16,0,radixkit,0.390208
u64,100000,97531,uniform16,0,adaptive,0.348625
u64,100000,97531,uniform16,0,std_sort,1.876375
u64,100000,97531,uniform16,1,ska_sort_copy,2.075416
u64,100000,97531,uniform16,1,radixkit,0.352292
u64,100000,97531,uniform16,1,adaptive,0.370542
u64,100000,97531,uniform16,1,std_sort,1.973375
u64,100000,97531,uniform16,1,ska_sort,2.099
u64,100000,97531,uniform16,2,radixkit,0.363375
u64,100000,97531,uniform16,2,adaptive,0.347292
u64,100000,97531,uniform16,2,std_sort,1.875959
u64,100000,97531,uniform16,2,ska_sort,2.100667
u64,100000,97531,uniform16,2,ska_sort_copy,2.264334
u64,100000,97531,uniform16,3,adaptive,0.398541
u64,100000,97531,uniform16,3,std_sort,1.884375
u64,100000,97531,uniform16,3,ska_sort,2.08475
u64,100000,97531,uniform16,3,ska_sort_copy,2.138334
u64,100000,97531,uniform16,3,radixkit,0.401541
u64,100000,97531,uniform16,4,std_sort,1.920583
u64,100000,97531,uniform16,4,ska_sort,2.092625
u64,100000,97531,uniform16,4,ska_sort_copy,2.076959
u64,100000,97531,uniform16,4,radixkit,0.34875
u64,100000,97531,uniform16,4,adaptive,0.367209
u64,100000,97531,uniform16,5,ska_sort,2.400292
u64,100000,97531,uniform16,5,ska_sort_copy,2.124
u64,100000,97531,uniform16,5,radixkit,0.376833
u64,100000,97531,uniform16,5,adaptive,0.348
u64,100000,97531,uniform16,5,std_sort,1.898084
u64,100000,97531,uniform16,6,ska_sort_copy,2.181125
u64,100000,97531,uniform16,6,radixkit,0.393875
u64,100000,97531,uniform16,6,adaptive,0.349875
u64,100000,97531,uniform16,6,std_sort,1.892667
u64,100000,97531,uniform16,6,ska_sort,2.076709
u64,100000,97531,uniform16,7,radixkit,0.348084
u64,100000,97531,uniform16,7,adaptive,0.34675
u64,100000,97531,uniform16,7,std_sort,2.024708
u64,100000,97531,uniform16,7,ska_sort,2.219417
u64,100000,97531,uniform16,7,ska_sort_copy,2.074
u64,100000,97531,uniform16,8,adaptive,0.382958
u64,100000,97531,uniform16,8,std_sort,1.901083
u64,100000,97531,uniform16,8,ska_sort,2.18925
u64,100000,97531,uniform16,8,ska_sort_copy,2.11225
u64,100000,97531,uniform16,8,radixkit,0.367792
u64,100000,97531,zeros99,0,ska_sort,2.146416
u64,100000,97531,zeros99,0,ska_sort_copy,2.219208
u64,100000,97531,zeros99,0,radixkit,0.046459
u64,100000,97531,zeros99,0,adaptive,0.044625
u64,100000,97531,zeros99,0,std_sort,0.091083
u64,100000,97531,zeros99,1,ska_sort_copy,2.147625
u64,100000,97531,zeros99,1,radixkit,0.0415
u64,100000,97531,zeros99,1,adaptive,0.041667
u64,100000,97531,zeros99,1,std_sort,0.087417
u64,100000,97531,zeros99,1,ska_sort,2.1225
u64,100000,97531,zeros99,2,radixkit,0.041333
u64,100000,97531,zeros99,2,adaptive,0.041292
u64,100000,97531,zeros99,2,std_sort,0.085458
u64,100000,97531,zeros99,2,ska_sort,2.294042
u64,100000,97531,zeros99,2,ska_sort_copy,2.145875
u64,100000,97531,zeros99,3,adaptive,0.043875
u64,100000,97531,zeros99,3,std_sort,0.096125
u64,100000,97531,zeros99,3,ska_sort,2.120875
u64,100000,97531,zeros99,3,ska_sort_copy,2.150584
u64,100000,97531,zeros99,3,radixkit,0.044458
u64,100000,97531,zeros99,4,std_sort,0.091875
u64,100000,97531,zeros99,4,ska_sort,2.233792
u64,100000,97531,zeros99,4,ska_sort_copy,2.157708
u64,100000,97531,zeros99,4,radixkit,0.044959
u64,100000,97531,zeros99,4,adaptive,0.042083
u64,100000,97531,zeros99,5,ska_sort,2.143334
u64,100000,97531,zeros99,5,ska_sort_copy,2.2755
u64,100000,97531,zeros99,5,radixkit,0.046917
u64,100000,97531,zeros99,5,adaptive,0.047708
u64,100000,97531,zeros99,5,std_sort,0.135208
u64,100000,97531,zeros99,6,ska_sort_copy,2.238
u64,100000,97531,zeros99,6,radixkit,0.04525
u64,100000,97531,zeros99,6,adaptive,0.042667
u64,100000,97531,zeros99,6,std_sort,0.101791
u64,100000,97531,zeros99,6,ska_sort,2.163958
u64,100000,97531,zeros99,7,radixkit,0.041875
u64,100000,97531,zeros99,7,adaptive,0.044541
u64,100000,97531,zeros99,7,std_sort,0.091375
u64,100000,97531,zeros99,7,ska_sort,2.17675
u64,100000,97531,zeros99,7,ska_sort_copy,2.19875
u64,100000,97531,zeros99,8,adaptive,0.043333
u64,100000,97531,zeros99,8,std_sort,0.105542
u64,100000,97531,zeros99,8,ska_sort,2.146708
u64,100000,97531,zeros99,8,ska_sort_copy,2.123167
u64,100000,97531,zeros99,8,radixkit,0.04775
u64,100000,97531,equal,0,ska_sort,1.742417
u64,100000,97531,equal,0,ska_sort_copy,1.729625
u64,100000,97531,equal,0,radixkit,0.015667
u64,100000,97531,equal,0,adaptive,0.010167
u64,100000,97531,equal,0,std_sort,0.131542
u64,100000,97531,equal,1,ska_sort_copy,1.796042
u64,100000,97531,equal,1,radixkit,0.015792
u64,100000,97531,equal,1,adaptive,0.010041
u64,100000,97531,equal,1,std_sort,0.127708
u64,100000,97531,equal,1,ska_sort,1.740542
u64,100000,97531,equal,2,radixkit,0.015667
u64,100000,97531,equal,2,adaptive,0.009292
u64,100000,97531,equal,2,std_sort,0.124917
u64,100000,97531,equal,2,ska_sort,1.730583
u64,100000,97531,equal,2,ska_sort_copy,1.739666
u64,100000,97531,equal,3,adaptive,0.00925
u64,100000,97531,equal,3,std_sort,0.131084
u64,100000,97531,equal,3,ska_sort,1.889709
u64,100000,97531,equal,3,ska_sort_copy,1.809875
u64,100000,97531,equal,3,radixkit,0.016209
u64,100000,97531,equal,4,std_sort,0.130917
u64,100000,97531,equal,4,ska_sort,1.738208
u64,100000,97531,equal,4,ska_sort_copy,1.735
u64,100000,97531,equal,4,radixkit,0.015667
u64,100000,97531,equal,4,adaptive,0.009625
u64,100000,97531,equal,5,ska_sort,1.774667
u64,100000,97531,equal,5,ska_sort_copy,1.8
u64,100000,97531,equal,5,radixkit,0.016375
u64,100000,97531,equal,5,adaptive,0.010375
u64,100000,97531,equal,5,std_sort,0.126375
u64,100000,97531,equal,6,ska_sort_copy,1.727209
u64,100000,97531,equal,6,radixkit,0.015667
u64,100000,97531,equal,6,adaptive,0.009292
u64,100000,97531,equal,6,std_sort,0.124917
u64,100000,97531,equal,6,ska_sort,1.72325
u64,100000,97531,equal,7,radixkit,0.01575
u64,100000,97531,equal,7,adaptive,0.00925
u64,100000,97531,equal,7,std_sort,0.124917
u64,100000,97531,equal,7,ska_sort,1.904958
u64,100000,97531,equal,7,ska_sort_copy,1.849416
u64,100000,97531,equal,8,adaptive,0.010042
u64,100000,97531,equal,8,std_sort,0.128333
u64,100000,97531,equal,8,ska_sort,1.733042
u64,100000,97531,equal,8,ska_sort_copy,1.726542
u64,100000,97531,equal,8,radixkit,0.0165
u64,100000,97531,ascending,0,ska_sort,2.383542
u64,100000,97531,ascending,0,ska_sort_copy,2.434042
u64,100000,97531,ascending,0,radixkit,0.08975
u64,100000,97531,ascending,0,adaptive,0.065666
u64,100000,97531,ascending,0,std_sort,0.101042
u64,100000,97531,ascending,1,ska_sort_copy,2.412334
u64,100000,97531,ascending,1,radixkit,0.081625
u64,100000,97531,ascending,1,adaptive,0.06125
u64,100000,97531,ascending,1,std_sort,0.096875
u64,100000,97531,ascending,1,ska_sort,2.37975
u64,100000,97531,ascending,2,radixkit,0.07375
u64,100000,97531,ascending,2,adaptive,0.060667
u64,100000,97531,ascending,2,std_sort,0.1155
u64,100000,97531,ascending,2,ska_sort,2.382417
u64,100000,97531,ascending,2,ska_sort_copy,2.371791
u64,100000,97531,ascending,3,adaptive,0.061083
u64,100000,97531,ascending,3,std_sort,0.109791
u64,100000,97531,ascending,3,ska_sort,2.384041
u64,100000,97531,ascending,3,ska_sort_copy,2.403458
u64,100000,97531,ascending,3,radixkit,0.073875
u64,100000,97531,ascending,4,std_sort,0.093875
u64,100000,97531,ascending,4,ska_sort,2.540125
u64,100000,97531,ascending,4,ska_sort_copy,2.384583
u64,100000,97531,ascending,4,radixkit,0.064042
u64,100000,97531,ascending,4,adaptive,0.061333
u64,100000,97531,ascending,5,ska_sort,2.454875
u64,100000,97531,ascending,5,ska_sort_copy,2.330583
u64,100000,97531,ascending,5,radixkit,0.063958
u64,100000,97531,ascending,5,adaptive,0.068125
u64,100000,97531,ascending,5,std_sort,0.11275
u64,100000,97531,ascending,6,ska_sort_copy,2.416917
u64,100000,97531,ascending,6,radixkit,0.063542
u64,100000,97531,ascending,6,adaptive,0.0815
u64,100000,97531,ascending,6,std_sort,0.111375
u64,100000,97531,ascending,6,ska_sort,2.3815
u64,100000,97531,ascending,7,radixkit,0.060625
u64,100000,97531,ascending,7,adaptive,0.08125
u64,100000,97531,ascending,7,std_sort,0.111542
u64,100000,97531,ascending,7,ska_sort,2.710208
u64,100000,97531,ascending,7,ska_sort_copy,2.19825
u64,100000,97531,ascending,8,adaptive,0.061417
u64,100000,97531,ascending,8,std_sort,0.096083
u64,100000,97531,ascending,8,ska_sort,2.246083
u64,100000,97531,ascending,8,ska_sort_copy,2.296542
u64,100000,97531,ascending,8,radixkit,0.063125
u64,100000,97531,descending,0,ska_sort,2.465583
u64,100000,97531,descending,0,ska_sort_copy,2.325834
u64,100000,97531,descending,0,radixkit,0.083292
u64,100000,97531,descending,0,adaptive,0.08275
u64,100000,97531,descending,0,std_sort,0.164167
u64,100000,97531,descending,1,ska_sort_copy,2.277542
u64,100000,97531,descending,1,radixkit,0.082333
u64,100000,97531,descending,1,adaptive,0.082291
u64,100000,97531,descending,1,std_sort,0.164083
u64,100000,97531,descending,1,ska_sort,2.331917
u64,100000,97531,descending,2,radixkit,0.086083
u64,100000,97531,descending,2,adaptive,0.101375
u64,100000,97531,descending,2,std_sort,0.169667
u64,100000,97531,descending,2,ska_sort,2.276875
u64,100000,97531,descending,2,ska_sort_copy,2.243917
u64,100000,97531,descending,3,adaptive,0.082667
u64,100000,97531,descending,3,std_sort,0.16425
u64,100000,97531,descending,3,ska_sort,2.3795
u64,100000,97531,descending,3,ska_sort_copy,2.404875
u64,100000,97531,descending,3,radixkit,0.082125
u64,100000,97531,descending,4,std_sort,0.16375
u64,100000,97531,descending,4,ska_sort,2.261208
u64,100000,97531,descending,4,ska_sort_copy,2.27425
u64,100000,97531,descending,4,radixkit,0.084292
u64,100000,97531,descending,4,adaptive,0.08675
u64,100000,97531,descending,5,ska_sort,2.324792
u64,100000,97531,descending,5,ska_sort_copy,2.266875
u64,100000,97531,descending,5,radixkit,0.08225
u64,100000,97531,descending,5,adaptive,0.0825
u64,100000,97531,descending,5,std_sort,0.165541
u64,100000,97531,descending,6,ska_sort_copy,2.309
u64,100000,97531,descending,6,radixkit,0.083
u64,100000,97531,descending,6,adaptive,0.083709
u64,100000,97531,descending,6,std_sort,0.16675
u64,100000,97531,descending,6,ska_sort,2.535542
u64,100000,97531,descending,7,radixkit,0.0825
u64,100000,97531,descending,7,adaptive,0.081875
u64,100000,97531,descending,7,std_sort,0.164125
u64,100000,97531,descending,7,ska_sort,2.249291
u64,100000,97531,descending,7,ska_sort_copy,2.255208
u64,100000,97531,descending,8,adaptive,0.084709
u64,100000,97531,descending,8,std_sort,0.170292
u64,100000,97531,descending,8,ska_sort,2.330125
u64,100000,97531,descending,8,ska_sort_copy,2.268375
u64,100000,97531,descending,8,radixkit,0.081334
u64,100000,97531,sparse8,0,ska_sort,3.518
u64,100000,97531,sparse8,0,ska_sort_copy,3.394666
u64,100000,97531,sparse8,0,radixkit,1.255375
u64,100000,97531,sparse8,0,adaptive,0.20975
u64,100000,97531,sparse8,0,std_sort,1.111542
u64,100000,97531,sparse8,1,ska_sort_copy,3.435625
u64,100000,97531,sparse8,1,radixkit,1.248083
u64,100000,97531,sparse8,1,adaptive,0.201708
u64,100000,97531,sparse8,1,std_sort,0.865542
u64,100000,97531,sparse8,1,ska_sort,3.558583
u64,100000,97531,sparse8,2,radixkit,1.26425
u64,100000,97531,sparse8,2,adaptive,0.200792
u64,100000,97531,sparse8,2,std_sort,0.859292
u64,100000,97531,sparse8,2,ska_sort,3.590416
u64,100000,97531,sparse8,2,ska_sort_copy,3.437459
u64,100000,97531,sparse8,3,adaptive,0.201792
u64,100000,97531,sparse8,3,std_sort,0.878041
u64,100000,97531,sparse8,3,ska_sort,3.47475
u64,100000,97531,sparse8,3,ska_sort_copy,3.46025
u64,100000,97531,sparse8,3,radixkit,1.246458
u64,100000,97531,sparse8,4,std_sort,0.854916
u64,100000,97531,sparse8,4,ska_sort,3.858833
u64,100000,97531,sparse8,4,ska_sort_copy,3.369916
u64,100000,97531,sparse8,4,radixkit,1.206916
u64,100000,97531,sparse8,4,adaptive,0.193708
u64,100000,97531,sparse8,5,ska_sort,3.38325
u64,100000,97531,sparse8,5,ska_sort_copy,3.282084
u64,100000,97531,sparse8,5,radixkit,1.20425
u64,100000,97531,sparse8,5,adaptive,0.19425
u64,100000,97531,sparse8,5,std_sort,0.905542
u64,100000,97531,sparse8,6,ska_sort_copy,3.54975
u64,100000,97531,sparse8,6,radixkit,1.20925
u64,100000,97531,sparse8,6,adaptive,0.195416
u64,100000,97531,sparse8,6,std_sort,0.833083
u64,100000,97531,sparse8,6,ska_sort,3.3285
u64,100000,97531,sparse8,7,radixkit,1.265375
u64,100000,97531,sparse8,7,adaptive,0.201416
u64,100000,97531,sparse8,7,std_sort,0.827375
u64,100000,97531,sparse8,7,ska_sort,3.281125
u64,100000,97531,sparse8,7,ska_sort_copy,3.901459
u64,100000,97531,sparse8,8,adaptive,0.195542
u64,100000,97531,sparse8,8,std_sort,0.832792
u64,100000,97531,sparse8,8,ska_sort,3.282083
u64,100000,97531,sparse8,8,ska_sort_copy,3.405542
u64,100000,97531,sparse8,8,radixkit,1.229791
u64,100000,97531,nearly_sorted,0,ska_sort,2.4645
u64,100000,97531,nearly_sorted,0,ska_sort_copy,2.495166
u64,100000,97531,nearly_sorted,0,radixkit,0.918958
u64,100000,97531,nearly_sorted,0,adaptive,0.941459
u64,100000,97531,nearly_sorted,0,std_sort,0.29375
u64,100000,97531,nearly_sorted,1,ska_sort_copy,2.507458
u64,100000,97531,nearly_sorted,1,radixkit,0.885792
u64,100000,97531,nearly_sorted,1,adaptive,0.891375
u64,100000,97531,nearly_sorted,1,std_sort,0.289167
u64,100000,97531,nearly_sorted,1,ska_sort,2.849208
u64,100000,97531,nearly_sorted,2,radixkit,0.906584
u64,100000,97531,nearly_sorted,2,adaptive,0.905917
u64,100000,97531,nearly_sorted,2,std_sort,0.295
u64,100000,97531,nearly_sorted,2,ska_sort,2.520875
u64,100000,97531,nearly_sorted,2,ska_sort_copy,2.554708
u64,100000,97531,nearly_sorted,3,adaptive,0.917834
u64,100000,97531,nearly_sorted,3,std_sort,0.299083
u64,100000,97531,nearly_sorted,3,ska_sort,2.518458
u64,100000,97531,nearly_sorted,3,ska_sort_copy,2.482375
u64,100000,97531,nearly_sorted,3,radixkit,0.890709
u64,100000,97531,nearly_sorted,4,std_sort,0.290625
u64,100000,97531,nearly_sorted,4,ska_sort,2.679208
u64,100000,97531,nearly_sorted,4,ska_sort_copy,2.462667
u64,100000,97531,nearly_sorted,4,radixkit,0.882292
u64,100000,97531,nearly_sorted,4,adaptive,0.887708
u64,100000,97531,nearly_sorted,5,ska_sort,2.528292
u64,100000,97531,nearly_sorted,5,ska_sort_copy,2.510417
u64,100000,97531,nearly_sorted,5,radixkit,0.887333
u64,100000,97531,nearly_sorted,5,adaptive,0.886917
u64,100000,97531,nearly_sorted,5,std_sort,0.290708
u64,100000,97531,nearly_sorted,6,ska_sort_copy,2.480042
u64,100000,97531,nearly_sorted,6,radixkit,1.100042
u64,100000,97531,nearly_sorted,6,adaptive,0.984834
u64,100000,97531,nearly_sorted,6,std_sort,0.292833
u64,100000,97531,nearly_sorted,6,ska_sort,2.47825
u64,100000,97531,nearly_sorted,7,radixkit,0.885958
u64,100000,97531,nearly_sorted,7,adaptive,0.895791
u64,100000,97531,nearly_sorted,7,std_sort,0.289
u64,100000,97531,nearly_sorted,7,ska_sort,2.62075
u64,100000,97531,nearly_sorted,7,ska_sort_copy,2.552875
u64,100000,97531,nearly_sorted,8,adaptive,0.889
u64,100000,97531,nearly_sorted,8,std_sort,0.290625
u64,100000,97531,nearly_sorted,8,ska_sort,2.4765
u64,100000,97531,nearly_sorted,8,ska_sort_copy,2.822208
u64,100000,97531,nearly_sorted,8,radixkit,0.884
kv32,100000,97531,uniform,0,ska_sort,1.833833
kv32,100000,97531,uniform,0,ska_sort_copy,0.432834
kv32,100000,97531,uniform,0,radixkit,0.475333
kv32,100000,97531,uniform,0,std_sort,4.54375
kv32,100000,97531,uniform,1,ska_sort_copy,0.403
kv32,100000,97531,uniform,1,radixkit,0.490792
kv32,100000,97531,uniform,1,std_sort,4.6215
kv32,100000,97531,uniform,1,ska_sort,1.527292
kv32,100000,97531,uniform,2,radixkit,0.590375
kv32,100000,97531,uniform,2,std_sort,4.7985
kv32,100000,97531,uniform,2,ska_sort,1.51425
kv32,100000,97531,uniform,2,ska_sort_copy,0.43175
kv32,100000,97531,uniform,3,std_sort,4.587958
kv32,100000,97531,uniform,3,ska_sort,1.512208
kv32,100000,97531,uniform,3,ska_sort_copy,0.417333
kv32,100000,97531,uniform,3,radixkit,0.481875
kv32,100000,97531,uniform,4,ska_sort,1.824792
kv32,100000,97531,uniform,4,ska_sort_copy,0.456
kv32,100000,97531,uniform,4,radixkit,0.483875
kv32,100000,97531,uniform,4,std_sort,4.560208
kv32,100000,97531,uniform,5,ska_sort_copy,0.364333
kv32,100000,97531,uniform,5,radixkit,0.488292
kv32,100000,97531,uniform,5,std_sort,4.573834
kv32,100000,97531,uniform,5,ska_sort,1.5285
kv32,100000,97531,uniform,6,radixkit,0.58425
kv32,100000,97531,uniform,6,std_sort,4.807792
kv32,100000,97531,uniform,6,ska_sort,1.523625
kv32,100000,97531,uniform,6,ska_sort_copy,0.437
kv32,100000,97531,uniform,7,std_sort,4.59175
kv32,100000,97531,uniform,7,ska_sort,1.521833
kv32,100000,97531,uniform,7,ska_sort_copy,0.419167
kv32,100000,97531,uniform,7,radixkit,0.48275
kv32,100000,97531,uniform,8,ska_sort,1.515667
kv32,100000,97531,uniform,8,ska_sort_copy,0.372375
kv32,100000,97531,uniform,8,radixkit,0.486667
kv32,100000,97531,uniform,8,std_sort,4.837375
kv32,100000,97531,uniform16,0,ska_sort,1.294667
kv32,100000,97531,uniform16,0,ska_sort_copy,0.7695
kv32,100000,97531,uniform16,0,radixkit,0.354708
kv32,100000,97531,uniform16,0,std_sort,4.580291
kv32,100000,97531,uniform16,1,ska_sort_copy,0.839125
kv32,100000,97531,uniform16,1,radixkit,0.362375
kv32,100000,97531,uniform16,1,std_sort,4.477417
kv32,100000,97531,uniform16,1,ska_sort,1.689584
kv32,100000,97531,uniform16,2,radixkit,0.451583
kv32,100000,97531,uniform16,2,std_sort,4.479791
kv32,100000,97531,uniform16,2,ska_sort,1.320167
kv32,100000,97531,uniform16,2,ska_sort_copy,0.80425
kv32,100000,97531,uniform16,3,std_sort,4.546083
kv32,100000,97531,uniform16,3,ska_sort,1.3025
kv32,100000,97531,uniform16,3,ska_sort_copy,0.791208
kv32,100000,97531,uniform16,3,radixkit,0.484542
kv32,100000,97531,uniform16,4,ska_sort,1.3775
kv32,100000,97531,uniform16,4,ska_sort_copy,0.826459
kv32,100000,97531,uniform16,4,radixkit,0.356375
kv32,100000,97531,uniform16,4,std_sort,4.535417
kv32,100000,97531,uniform16,5,ska_sort_copy,0.86975
kv32,100000,97531,uniform16,5,radixkit,0.426625
kv32,100000,97531,uniform16,5,std_sort,4.77175
kv32,100000,97531,uniform16,5,ska_sort,1.587041
kv32,100000,97531,uniform16,6,radixkit,0.471
kv32,100000,97531,uniform16,6,std_sort,5.243667
kv32,100000,97531,uniform16,6,ska_sort,1.340292
kv32,100000,97531,uniform16,6,ska_sort_copy,0.899667
kv32,100000,97531,uniform16,7,std_sort,4.500333
kv32,100000,97531,uniform16,7,ska_sort,1.294875
kv32,100000,97531,uniform16,7,ska_sort_copy,1.001917
kv32,100000,97531,uniform16,7,radixkit,0.3735
kv32,100000,97531,uniform16,8,ska_sort,1.292042
kv32,100000,97531,uniform16,8,ska_sort_copy,0.760084
kv32,100000,97531,uniform16,8,radixkit,0.355208
kv32,100000,97531,uniform16,8,std_sort,4.567042
kv32,100000,97531,zeros99,0,ska_sort,1.269208
kv32,100000,97531,zeros99,0,ska_sort_copy,1.094083
kv32,100000,97531,zeros99,0,radixkit,0.850583
kv32,100000,97531,zeros99,0,std_sort,3.720625
kv32,100000,97531,zeros99,1,ska_sort_copy,1.053125
kv32,100000,97531,zeros99,1,radixkit,0.834666
kv32,100000,97531,zeros99,1,std_sort,3.859666
kv32,100000,97531,zeros99,1,ska_sort,1.270458
kv32,100000,97531,zeros99,2,radixkit,0.808875
kv32,100000,97531,zeros99,2,std_sort,3.798041
kv32,100000,97531,zeros99,2,ska_sort,1.276708
kv32,100000,97531,zeros99,2,ska_sort_copy,1.053792
kv32,100000,97531,zeros99,3,std_sort,3.837542
kv32,100000,97531,zeros99,3,ska_sort,1.335375
kv32,100000,97531,zeros99,3,ska_sort_copy,1.060459
kv32,100000,97531,zeros99,3,radixkit,0.80875
kv32,100000,97531,zeros99,4,ska_sort,1.269625
kv32,100000,97531,zeros99,4,ska_sort_copy,1.063834
kv32,100000,97531,zeros99,4,radixkit,0.837916
kv32,100000,97531,zeros99,4,std_sort,3.755958
kv32,100000,97531,zeros99,5,ska_sort_copy,1.058875
kv32,100000,97531,zeros99,5,radixkit,0.827375
kv32,100000,97531,zeros99,5,std_sort,4.027667
kv32,100000,97531,zeros99,5,ska_sort,1.300292
kv32,100000,97531,zeros99,6,radixkit,0.822791
kv32,100000,97531,zeros99,6,std_sort,3.832208
kv32,100000,97531,zeros99,6,ska_sort,1.298875
kv32,100000,97531,zeros99,6,ska_sort_copy,1.053292
kv32,100000,97531,zeros99,7,std_sort,3.71675
kv32,100000,97531,zeros99,7,ska_sort,1.609625
kv32,100000,97531,zeros99,7,ska_sort_copy,1.056875
kv32,100000,97531,zeros99,7,radixkit,0.807042
kv32,100000,97531,zeros99,8,ska_sort,1.272958
kv32,100000,97531,zeros99,8,ska_sort_copy,1.055333
kv32,100000,97531,zeros99,8,radixkit,0.826375
kv32,100000,97531,zeros99,8,std_sort,3.832333
kv32,100000,97531,equal,0,ska_sort,1.021542
kv32,100000,97531,equal,0,ska_sort_copy,1.19125
kv32,100000,97531,equal,0,radixkit,0.120625
kv32,100000,97531,equal,0,std_sort,0.067083
kv32,100000,97531,equal,1,ska_sort_copy,1.0455
kv32,100000,97531,equal,1,radixkit,0.119917
kv32,100000,97531,equal,1,std_sort,0.066708
kv32,100000,97531,equal,1,ska_sort,0.849167
kv32,100000,97531,equal,2,radixkit,0.119958
kv32,100000,97531,equal,2,std_sort,0.066708
kv32,100000,97531,equal,2,ska_sort,0.869375
kv32,100000,97531,equal,2,ska_sort_copy,1.090375
kv32,100000,97531,equal,3,std_sort,0.089917
kv32,100000,97531,equal,3,ska_sort,0.872542
kv32,100000,97531,equal,3,ska_sort_copy,1.051917
kv32,100000,97531,equal,3,radixkit,0.12
kv32,100000,97531,equal,4,ska_sort,0.852041
kv32,100000,97531,equal,4,ska_sort_copy,1.046291
kv32,100000,97531,equal,4,radixkit,0.119917
kv32,100000,97531,equal,4,std_sort,0.067125
kv32,100000,97531,equal,5,ska_sort_copy,1.35125
kv32,100000,97531,equal,5,radixkit,0.120334
kv32,100000,97531,equal,5,std_sort,0.067125
kv32,100000,97531,equal,5,ska_sort,0.849625
kv32,100000,97531,equal,6,radixkit,0.119917
kv32,100000,97531,equal,6,std_sort,0.066416
kv32,100000,97531,equal,6,ska_sort,0.849292
kv32,100000,97531,equal,6,ska_sort_copy,1.052666
kv32,100000,97531,equal,7,std_sort,0.066625
kv32,100000,97531,equal,7,ska_sort,0.859083
kv32,100000,97531,equal,7,ska_sort_copy,1.083459
kv32,100000,97531,equal,7,radixkit,0.124
kv32,100000,97531,equal,8,ska_sort,0.891125
kv32,100000,97531,equal,8,ska_sort_copy,1.068583
kv32,100000,97531,equal,8,radixkit,0.12025
kv32,100000,97531,equal,8,std_sort,0.067083
kv32,100000,97531,ascending,0,ska_sort,1.368792
kv32,100000,97531,ascending,0,ska_sort_copy,1.110125
kv32,100000,97531,ascending,0,radixkit,1.143291
kv32,100000,97531,ascending,0,std_sort,0.067459
kv32,100000,97531,ascending,1,ska_sort_copy,1.064875
kv32,100000,97531,ascending,1,radixkit,1.184042
kv32,100000,97531,ascending,1,std_sort,0.069292
kv32,100000,97531,ascending,1,ska_sort,1.393625
kv32,100000,97531,ascending,2,radixkit,1.206375
kv32,100000,97531,ascending,2,std_sort,0.070916
kv32,100000,97531,ascending,2,ska_sort,1.362833
kv32,100000,97531,ascending,2,ska_sort_copy,1.0675
kv32,100000,97531,ascending,3,std_sort,0.066917
kv32,100000,97531,ascending,3,ska_sort,1.663083
kv32,100000,97531,ascending,3,ska_sort_copy,1.21475
kv32,100000,97531,ascending,3,radixkit,1.142
kv32,100000,97531,ascending,4,ska_sort,1.361
kv32,100000,97531,ascending,4,ska_sort_copy,1.066667
kv32,100000,97531,ascending,4,radixkit,1.186916
kv32,100000,97531,ascending,4,std_sort,0.069667
kv32,100000,97531,ascending,5,ska_sort_copy,1.154666
kv32,100000,97531,ascending,5,radixkit,1.159375
kv32,100000,97531,ascending,5,std_sort,0.067084
kv32,100000,97531,ascending,5,ska_sort,1.365333
kv32,100000,97531,ascending,6,radixkit,1.14375
kv32,100000,97531,ascending,6,std_sort,0.066667
kv32,100000,97531,ascending,6,ska_sort,1.561125
kv32,100000,97531,ascending,6,ska_sort_copy,1.197917
kv32,100000,97531,ascending,7,std_sort,0.067333
kv32,100000,97531,ascending,7,ska_sort,1.382167
kv32,100000,97531,ascending,7,ska_sort_copy,1.083333
kv32,100000,97531,ascending,7,radixkit,1.1465
kv32,100000,97531,ascending,8,ska_sort,1.404041
kv32,100000,97531,ascending,8,ska_sort_copy,1.114334
kv32,100000,97531,ascending,8,radixkit,1.150292
kv32,100000,97531,ascending,8,std_sort,0.071416
kv32,100000,97531,descending,0,ska_sort,1.547791
kv32,100000,97531,descending,0,ska_sort_copy,1.152833
kv32,100000,97531,descending,0,radixkit,1.183334
kv32,100000,97531,descending,0,std_sort,0.113292
kv32,100000,97531,descending,1,ska_sort_copy,1.060708
kv32,100000,97531,descending,1,radixkit,1.212583
kv32,100000,97531,descending,1,std_sort,0.124375
kv32,100000,97531,descending,1,ska_sort,1.543458
kv32,100000,97531,descending,2,radixkit,1.196334
kv32,100000,97531,descending,2,std_sort,0.11575
kv32,100000,97531,descending,2,ska_sort,1.459667
kv32,100000,97531,descending,2,ska_sort_copy,1.0815
kv32,100000,97531,descending,3,std_sort,0.114083
kv32,100000,97531,descending,3,ska_sort,1.759542
kv32,100000,97531,descending,3,ska_sort_copy,1.152542
kv32,100000,97531,descending,3,radixkit,1.15025
kv32,100000,97531,descending,4,ska_sort,1.452708
kv32,100000,97531,descending,4,ska_sort_copy,1.057208
kv32,100000,97531,descending,4,radixkit,1.189958
kv32,100000,97531,descending,4,std_sort,0.119667
kv32,100000,97531,descending,5,ska_sort_copy,1.0895
kv32,100000,97531,descending,5,radixkit,1.132292
kv32,100000,97531,descending,5,std_sort,0.112417
kv32,100000,97531,descending,5,ska_sort,1.461417
kv32,100000,97531,descending,6,radixkit,1.129041
kv32,100000,97531,descending,6,std_sort,0.114542
kv32,100000,97531,descending,6,ska_sort,1.663666
kv32,100000,97531,descending,6,ska_sort_copy,1.161334
kv32,100000,97531,descending,7,std_sort,0.11375
kv32,100000,97531,descending,7,ska_sort,1.4565
kv32,100000,97531,descending,7,ska_sort_copy,1.056917
kv32,100000,97531,descending,7,radixkit,1.163584
kv32,100000,97531,descending,8,ska_sort,1.518333
kv32,100000,97531,descending,8,ska_sort_copy,1.146959
kv32,100000,97531,descending,8,radixkit,1.134042
kv32,100000,97531,descending,8,std_sort,0.115084
kv32,100000,97531,sparse8,0,ska_sort,1.000875
kv32,100000,97531,sparse8,0,ska_sort_copy,0.696334
kv32,100000,97531,sparse8,0,radixkit,0.555
kv32,100000,97531,sparse8,0,std_sort,2.427917
kv32,100000,97531,sparse8,1,ska_sort_copy,0.702375
kv32,100000,97531,sparse8,1,radixkit,0.538292
kv32,100000,97531,sparse8,1,std_sort,2.370041
kv32,100000,97531,sparse8,1,ska_sort,1.093083
kv32,100000,97531,sparse8,2,radixkit,0.629458
kv32,100000,97531,sparse8,2,std_sort,2.367042
kv32,100000,97531,sparse8,2,ska_sort,1.002833
kv32,100000,97531,sparse8,2,ska_sort_copy,0.69575
kv32,100000,97531,sparse8,3,std_sort,2.367958
kv32,100000,97531,sparse8,3,ska_sort,1.038
kv32,100000,97531,sparse8,3,ska_sort_copy,0.745709
kv32,100000,97531,sparse8,3,radixkit,0.53775
kv32,100000,97531,sparse8,4,ska_sort,1.011459
kv32,100000,97531,sparse8,4,ska_sort_copy,0.702875
kv32,100000,97531,sparse8,4,radixkit,0.549792
kv32,100000,97531,sparse8,4,std_sort,2.425041
kv32,100000,97531,sparse8,5,ska_sort_copy,0.824167
kv32,100000,97531,sparse8,5,radixkit,0.57975
kv32,100000,97531,sparse8,5,std_sort,2.492709
kv32,100000,97531,sparse8,5,ska_sort,1.002458
kv32,100000,97531,sparse8,6,radixkit,0.538583
kv32,100000,97531,sparse8,6,std_sort,2.408417
kv32,100000,97531,sparse8,6,ska_sort,1.022208
kv32,100000,97531,sparse8,6,ska_sort_copy,0.703542
kv32,100000,97531,sparse8,7,std_sort,2.343875
kv32,100000,97531,sparse8,7,ska_sort,1.000208
kv32,100000,97531,sparse8,7,ska_sort_copy,0.868667
kv32,100000,97531,sparse8,7,radixkit,0.643417
kv32,100000,97531,sparse8,8,ska_sort,1.015167
kv32,100000,97531,sparse8,8,ska_sort_copy,0.699541
kv32,100000,97531,sparse8,8,radixkit,0.540167
kv32,100000,97531,sparse8,8,std_sort,2.377625
kv32,100000,97531,nearly_sorted,0,ska_sort,1.690625
kv32,100000,97531,nearly_sorted,0,ska_sort_copy,1.037042
kv32,100000,97531,nearly_sorted,0,radixkit,1.347333
kv32,100000,97531,nearly_sorted,0,std_sort,0.350834
kv32,100000,97531,nearly_sorted,1,ska_sort_copy,1.10775
kv32,100000,97531,nearly_sorted,1,radixkit,1.143709
kv32,100000,97531,nearly_sorted,1,std_sort,0.251334
kv32,100000,97531,nearly_sorted,1,ska_sort,1.68275
kv32,100000,97531,nearly_sorted,2,radixkit,1.162583
kv32,100000,97531,nearly_sorted,2,std_sort,0.26075
kv32,100000,97531,nearly_sorted,2,ska_sort,1.739333
kv32,100000,97531,nearly_sorted,2,ska_sort_copy,1.134625
kv32,100000,97531,nearly_sorted,3,std_sort,0.252833
kv32,100000,97531,nearly_sorted,3,ska_sort,1.6945
kv32,100000,97531,nearly_sorted,3,ska_sort_copy,1.063959
kv32,100000,97531,nearly_sorted,3,radixkit,1.271625
kv32,100000,97531,nearly_sorted,4,ska_sort,1.784667
kv32,100000,97531,nearly_sorted,4,ska_sort_copy,1.1405
kv32,100000,97531,nearly_sorted,4,radixkit,1.133542
kv32,100000,97531,nearly_sorted,4,std_sort,0.252917
kv32,100000,97531,nearly_sorted,5,ska_sort_copy,1.071125
kv32,100000,97531,nearly_sorted,5,radixkit,1.185875
kv32,100000,97531,nearly_sorted,5,std_sort,0.283125
kv32,100000,97531,nearly_sorted,5,ska_sort,1.708708
kv32,100000,97531,nearly_sorted,6,radixkit,1.187417
kv32,100000,97531,nearly_sorted,6,std_sort,0.259625
kv32,100000,97531,nearly_sorted,6,ska_sort,1.681291
kv32,100000,97531,nearly_sorted,6,ska_sort_copy,1.226208
kv32,100000,97531,nearly_sorted,7,std_sort,0.343875
kv32,100000,97531,nearly_sorted,7,ska_sort,1.791083
kv32,100000,97531,nearly_sorted,7,ska_sort_copy,1.156292
kv32,100000,97531,nearly_sorted,7,radixkit,1.153625
kv32,100000,97531,nearly_sorted,8,ska_sort,1.705917
kv32,100000,97531,nearly_sorted,8,ska_sort_copy,1.143167
kv32,100000,97531,nearly_sorted,8,radixkit,1.160791
kv32,100000,97531,nearly_sorted,8,std_sort,0.257584
kv64,100000,97531,uniform,0,ska_sort,1.506292
kv64,100000,97531,uniform,0,ska_sort_copy,1.498667
kv64,100000,97531,uniform,0,radixkit,0.617667
kv64,100000,97531,uniform,0,std_sort,4.876208
kv64,100000,97531,uniform,1,ska_sort_copy,1.506917
kv64,100000,97531,uniform,1,radixkit,0.677917
kv64,100000,97531,uniform,1,std_sort,4.669083
kv64,100000,97531,uniform,1,ska_sort,1.516125
kv64,100000,97531,uniform,2,radixkit,0.663958
kv64,100000,97531,uniform,2,std_sort,4.893
kv64,100000,97531,uniform,2,ska_sort,1.563958
kv64,100000,97531,uniform,2,ska_sort_copy,1.495167
kv64,100000,97531,uniform,3,std_sort,4.633959
kv64,100000,97531,uniform,3,ska_sort,1.500292
kv64,100000,97531,uniform,3,ska_sort_copy,1.472959
kv64,100000,97531,uniform,3,radixkit,0.67875
kv64,100000,97531,uniform,4,ska_sort,1.474625
kv64,100000,97531,uniform,4,ska_sort_copy,2.029458
kv64,100000,97531,uniform,4,radixkit,0.680875
kv64,100000,97531,uniform,4,std_sort,4.655083
kv64,100000,97531,uniform,5,ska_sort_copy,1.550834
kv64,100000,97531,uniform,5,radixkit,0.671417
kv64,100000,97531,uniform,5,std_sort,4.623334
kv64,100000,97531,uniform,5,ska_sort,1.784916
kv64,100000,97531,uniform,6,radixkit,0.703834
kv64,100000,97531,uniform,6,std_sort,4.591375
kv64,100000,97531,uniform,6,ska_sort,1.511708
kv64,100000,97531,uniform,6,ska_sort_copy,1.612625
kv64,100000,97531,uniform,7,std_sort,4.573167
kv64,100000,97531,uniform,7,ska_sort,1.500042
kv64,100000,97531,uniform,7,ska_sort_copy,1.830125
kv64,100000,97531,uniform,7,radixkit,0.748667
kv64,100000,97531,uniform,8,ska_sort,1.499417
kv64,100000,97531,uniform,8,ska_sort_copy,1.46975
kv64,100000,97531,uniform,8,radixkit,0.610458
kv64,100000,97531,uniform,8,std_sort,4.814666
kv64,100000,97531,uniform16,0,ska_sort,2.151708
kv64,100000,97531,uniform16,0,ska_sort_copy,2.137333
kv64,100000,97531,uniform16,0,radixkit,0.387666
kv64,100000,97531,uniform16,0,std_sort,4.908625
kv64,100000,97531,uniform16,1,ska_sort_copy,2.142625
kv64,100000,97531,uniform16,1,radixkit,0.467458
kv64,100000,97531,uniform16,1,std_sort,4.589792
kv64,100000,97531,uniform16,1,ska_sort,2.142708
kv64,100000,97531,uniform16,2,radixkit,0.429375
kv64,100000,97531,uniform16,2,std_sort,4.827208
kv64,100000,97531,uniform16,2,ska_sort,2.153208
kv64,100000,97531,uniform16,2,ska_sort_copy,2.187417
kv64,100000,97531,uniform16,3,std_sort,4.610292
kv64,100000,97531,uniform16,3,ska_sort,2.166
kv64,100000,97531,uniform16,3,ska_sort_copy,2.563375
kv64,100000,97531,uniform16,3,radixkit,0.462458
kv64,100000,97531,uniform16,4,ska_sort,2.145334
kv64,100000,97531,uniform16,4,ska_sort_copy,2.147875
kv64,100000,97531,uniform16,4,radixkit,0.401958
kv64,100000,97531,uniform16,4,std_sort,4.612375
kv64,100000,97531,uniform16,5,ska_sort_copy,2.13275
kv64,100000,97531,uniform16,5,radixkit,0.456375
kv64,100000,97531,uniform16,5,std_sort,4.915458
kv64,100000,97531,uniform16,5,ska_sort,2.149
kv64,100000,97531,uniform16,6,radixkit,0.449042
kv64,100000,97531,uniform16,6,std_sort,4.558375
kv64,100000,97531,uniform16,6,ska_sort,2.144084
kv64,100000,97531,uniform16,6,ska_sort_copy,2.566958
kv64,100000,97531,uniform16,7,std_sort,4.53975
kv64,100000,97531,uniform16,7,ska_sort,2.168042
kv64,100000,97531,uniform16,7,ska_sort_copy,2.241667
kv64,100000,97531,uniform16,7,radixkit,0.500291
kv64,100000,97531,uniform16,8,ska_sort,2.137959
kv64,100000,97531,uniform16,8,ska_sort_copy,2.14425
kv64,100000,97531,uniform16,8,radixkit,0.386209
kv64,100000,97531,uniform16,8,std_sort,4.894083
kv64,100000,97531,zeros99,0,ska_sort,2.184584
kv64,100000,97531,zeros99,0,ska_sort_copy,2.175333
kv64,100000,97531,zeros99,0,radixkit,0.043959
kv64,100000,97531,zeros99,0,std_sort,3.817584
kv64,100000,97531,zeros99,1,ska_sort_copy,2.144375
kv64,100000,97531,zeros99,1,radixkit,0.045167
kv64,100000,97531,zeros99,1,std_sort,4.093542
kv64,100000,97531,zeros99,1,ska_sort,2.11775
kv64,100000,97531,zeros99,2,radixkit,0.048375
kv64,100000,97531,zeros99,2,std_sort,3.70225
kv64,100000,97531,zeros99,2,ska_sort,2.122625
kv64,100000,97531,zeros99,2,ska_sort_copy,2.119333
kv64,100000,97531,zeros99,3,std_sort,4.005791
kv64,100000,97531,zeros99,3,ska_sort,2.197958
kv64,100000,97531,zeros99,3,ska_sort_copy,2.113
kv64,100000,97531,zeros99,3,radixkit,0.044792
kv64,100000,97531,zeros99,4,ska_sort,2.120708
kv64,100000,97531,zeros99,4,ska_sort_copy,2.11725
kv64,100000,97531,zeros99,4,radixkit,0.042125
kv64,100000,97531,zeros99,4,std_sort,3.698041
kv64,100000,97531,zeros99,5,ska_sort_copy,2.41275
kv64,100000,97531,zeros99,5,radixkit,0.067417
kv64,100000,97531,zeros99,5,std_sort,3.763833
kv64,100000,97531,zeros99,5,ska_sort,2.140542
kv64,100000,97531,zeros99,6,radixkit,0.043792
kv64,100000,97531,zeros99,6,std_sort,3.691042
kv64,100000,97531,zeros99,6,ska_sort,2.111125
kv64,100000,97531,zeros99,6,ska_sort_copy,2.341083
kv64,100000,97531,zeros99,7,std_sort,3.721583
kv64,100000,97531,zeros99,7,ska_sort,2.130166
kv64,100000,97531,zeros99,7,ska_sort_copy,2.214209
kv64,100000,97531,zeros99,7,radixkit,0.051625
kv64,100000,97531,zeros99,8,ska_sort,2.1225
kv64,100000,97531,zeros99,8,ska_sort_copy,2.126792
kv64,100000,97531,zeros99,8,radixkit,0.043875
kv64,100000,97531,zeros99,8,std_sort,4.38675
kv64,100000,97531,equal,0,ska_sort,1.7975
kv64,100000,97531,equal,0,ska_sort_copy,1.713166
kv64,100000,97531,equal,0,radixkit,0.018667
kv64,100000,97531,equal,0,std_sort,0.094167
kv64,100000,97531,equal,1,ska_sort_copy,1.701334
kv64,100000,97531,equal,1,radixkit,0.018458
kv64,100000,97531,equal,1,std_sort,0.098167
kv64,100000,97531,equal,1,ska_sort,2.058125
kv64,100000,97531,equal,2,radixkit,0.029375
kv64,100000,97531,equal,2,std_sort,0.098292
kv64,100000,97531,equal,2,ska_sort,1.710167
kv64,100000,97531,equal,2,ska_sort_copy,1.718875
kv64,100000,97531,equal,3,std_sort,0.093792
kv64,100000,97531,equal,3,ska_sort,1.779834
kv64,100000,97531,equal,3,ska_sort_copy,1.75975
kv64,100000,97531,equal,3,radixkit,0.01875
kv64,100000,97531,equal,4,ska_sort,1.731458
kv64,100000,97531,equal,4,ska_sort_copy,1.703583
kv64,100000,97531,equal,4,radixkit,0.0185
kv64,100000,97531,equal,4,std_sort,0.094208
kv64,100000,97531,equal,5,ska_sort_copy,1.938042
kv64,100000,97531,equal,5,radixkit,0.033541
kv64,100000,97531,equal,5,std_sort,0.098792
kv64,100000,97531,equal,5,ska_sort,1.721083
kv64,100000,97531,equal,6,radixkit,0.01875
kv64,100000,97531,equal,6,std_sort,0.094042
kv64,100000,97531,equal,6,ska_sort,1.71525
kv64,100000,97531,equal,6,ska_sort_copy,1.748167
kv64,100000,97531,equal,7,std_sort,0.097041
kv64,100000,97531,equal,7,ska_sort,1.771458
kv64,100000,97531,equal,7,ska_sort_copy,1.721958
kv64,100000,97531,equal,7,radixkit,0.018875
kv64,100000,97531,equal,8,ska_sort,1.721958
kv64,100000,97531,equal,8,ska_sort_copy,1.889584
kv64,100000,97531,equal,8,radixkit,0.026583
kv64,100000,97531,equal,8,std_sort,0.107584
kv64,100000,97531,ascending,0,ska_sort,2.287125
kv64,100000,97531,ascending,0,ska_sort_copy,2.215375
kv64,100000,97531,ascending,0,radixkit,0.060959
kv64,100000,97531,ascending,0,std_sort,0.09825
kv64,100000,97531,ascending,1,ska_sort_copy,2.206083
kv64,100000,97531,ascending,1,radixkit,0.065333
kv64,100000,97531,ascending,1,std_sort,0.13575
kv64,100000,97531,ascending,1,ska_sort,2.320542
kv64,100000,97531,ascending,2,radixkit,0.060791
kv64,100000,97531,ascending,2,std_sort,0.094334
kv64,100000,97531,ascending,2,ska_sort,2.227334
kv64,100000,97531,ascending,2,ska_sort_copy,2.279375
kv64,100000,97531,ascending,3,std_sort,0.097917
kv64,100000,97531,ascending,3,ska_sort,2.235666
kv64,100000,97531,ascending,3,ska_sort_copy,2.223708
kv64,100000,97531,ascending,3,radixkit,0.061041
kv64,100000,97531,ascending,4,ska_sort,2.491958
kv64,100000,97531,ascending,4,ska_sort_copy,2.274416
kv64,100000,97531,ascending,4,radixkit,0.064667
kv64,100000,97531,ascending,4,std_sort,0.094167
kv64,100000,97531,ascending,5,ska_sort_copy,2.263583
kv64,100000,97531,ascending,5,radixkit,0.062625
kv64,100000,97531,ascending,5,std_sort,0.095917
kv64,100000,97531,ascending,5,ska_sort,2.312834
kv64,100000,97531,ascending,6,radixkit,0.062125
kv64,100000,97531,ascending,6,std_sort,0.09625
kv64,100000,97531,ascending,6,ska_sort,2.217417
kv64,100000,97531,ascending,6,ska_sort_copy,2.217375
kv64,100000,97531,ascending,7,std_sort,0.094
kv64,100000,97531,ascending,7,ska_sort,2.584333
kv64,100000,97531,ascending,7,ska_sort_copy,2.216292
kv64,100000,97531,ascending,7,radixkit,0.060834
kv64,100000,97531,ascending,8,ska_sort,2.221416
kv64,100000,97531,ascending,8,ska_sort_copy,2.303791
kv64,100000,97531,ascending,8,radixkit,0.060833
kv64,100000,97531,ascending,8,std_sort,0.094333
kv64,100000,97531,descending,0,ska_sort,2.336291
kv64,100000,97531,descending,0,ska_sort_copy,2.320625
kv64,100000,97531,descending,0,radixkit,0.0925
kv64,100000,97531,descending,0,std_sort,0.144
kv64,100000,97531,descending,1,ska_sort_copy,2.401166
kv64,100000,97531,descending,1,radixkit,0.0925
kv64,100000,97531,descending,1,std_sort,0.141333
kv64,100000,97531,descending,1,ska_sort,2.362084
kv64,100000,97531,descending,2,radixkit,0.093875
kv64,100000,97531,descending,2,std_sort,0.142125
kv64,100000,97531,descending,2,ska_sort,2.590209
kv64,100000,97531,descending,2,ska_sort_copy,2.515583
kv64,100000,97531,descending,3,std_sort,0.14225
kv64,100000,97531,descending,3,ska_sort,2.3085
kv64,100000,97531,descending,3,ska_sort_copy,2.374584
kv64,100000,97531,descending,3,radixkit,0.09525
kv64,100000,97531,descending,4,ska_sort,2.310459
kv64,100000,97531,descending,4,ska_sort_copy,2.298875
kv64,100000,97531,descending,4,radixkit,0.092208
kv64,100000,97531,descending,4,std_sort,0.143
kv64,100000,97531,descending,5,ska_sort_copy,2.700583
kv64,100000,97531,descending,5,radixkit,0.094833
kv64,100000,97531,descending,5,std_sort,0.142708
kv64,100000,97531,descending,5,ska_sort,2.313041
kv64,100000,97531,descending,6,radixkit,0.099584
kv64,100000,97531,descending,6,std_sort,0.143333
kv64,100000,97531,descending,6,ska_sort,2.343416
kv64,100000,97531,descending,6,ska_sort_copy,2.3635
kv64,100000,97531,descending,7,std_sort,0.139875
kv64,100000,97531,descending,7,ska_sort,2.303291
kv64,100000,97531,descending,7,ska_sort_copy,2.540916
kv64,100000,97531,descending,7,radixkit,0.099667
kv64,100000,97531,descending,8,ska_sort,2.376042
kv64,100000,97531,descending,8,ska_sort_copy,2.307791
kv64,100000,97531,descending,8,radixkit,0.092292
kv64,100000,97531,descending,8,std_sort,0.140625
kv64,100000,97531,sparse8,0,ska_sort,3.433333
kv64,100000,97531,sparse8,0,ska_sort_copy,3.406042
kv64,100000,97531,sparse8,0,radixkit,1.268291
kv64,100000,97531,sparse8,0,std_sort,2.410958
kv64,100000,97531,sparse8,1,ska_sort_copy,3.612083
kv64,100000,97531,sparse8,1,radixkit,1.278458
kv64,100000,97531,sparse8,1,std_sort,2.430917
kv64,100000,97531,sparse8,1,ska_sort,3.483
kv64,100000,97531,sparse8,2,radixkit,1.272333
kv64,100000,97531,sparse8,2,std_sort,2.37975
kv64,100000,97531,sparse8,2,ska_sort,3.765208
kv64,100000,97531,sparse8,2,ska_sort_copy,3.356666
kv64,100000,97531,sparse8,3,std_sort,2.482958
kv64,100000,97531,sparse8,3,ska_sort,3.439208
kv64,100000,97531,sparse8,3,ska_sort_copy,3.806166
kv64,100000,97531,sparse8,3,radixkit,1.300333
kv64,100000,97531,sparse8,4,ska_sort,3.428959
kv64,100000,97531,sparse8,4,ska_sort_copy,3.477208
kv64,100000,97531,sparse8,4,radixkit,1.298
kv64,100000,97531,sparse8,4,std_sort,2.3995
kv64,100000,97531,sparse8,5,ska_sort_copy,3.825708
kv64,100000,97531,sparse8,5,radixkit,1.286375
kv64,100000,97531,sparse8,5,std_sort,2.407542
kv64,100000,97531,sparse8,5,ska_sort,3.431583
kv64,100000,97531,sparse8,6,radixkit,1.305791
kv64,100000,97531,sparse8,6,std_sort,2.378083
kv64,100000,97531,sparse8,6,ska_sort,3.597292
kv64,100000,97531,sparse8,6,ska_sort_copy,3.521959
kv64,100000,97531,sparse8,7,std_sort,2.389958
kv64,100000,97531,sparse8,7,ska_sort,3.462375
kv64,100000,97531,sparse8,7,ska_sort_copy,3.36475
kv64,100000,97531,sparse8,7,radixkit,1.270583
kv64,100000,97531,sparse8,8,ska_sort,3.823833
kv64,100000,97531,sparse8,8,ska_sort_copy,3.35725
kv64,100000,97531,sparse8,8,radixkit,1.299459
kv64,100000,97531,sparse8,8,std_sort,2.503209
kv64,100000,97531,nearly_sorted,0,ska_sort,2.536042
kv64,100000,97531,nearly_sorted,0,ska_sort_copy,2.583083
kv64,100000,97531,nearly_sorted,0,radixkit,0.971625
kv64,100000,97531,nearly_sorted,0,std_sort,0.283
kv64,100000,97531,nearly_sorted,1,ska_sort_copy,2.544667
kv64,100000,97531,nearly_sorted,1,radixkit,0.9095
kv64,100000,97531,nearly_sorted,1,std_sort,0.283458
kv64,100000,97531,nearly_sorted,1,ska_sort,2.997458
kv64,100000,97531,nearly_sorted,2,radixkit,0.954792
kv64,100000,97531,nearly_sorted,2,std_sort,0.284541
kv64,100000,97531,nearly_sorted,2,ska_sort,2.542709
kv64,100000,97531,nearly_sorted,2,ska_sort_copy,2.608458
kv64,100000,97531,nearly_sorted,3,std_sort,0.288875
kv64,100000,97531,nearly_sorted,3,ska_sort,2.562916
kv64,100000,97531,nearly_sorted,3,ska_sort_copy,2.549459
kv64,100000,97531,nearly_sorted,3,radixkit,1.297334
kv64,100000,97531,nearly_sorted,4,ska_sort,2.596459
kv64,100000,97531,nearly_sorted,4,ska_sort_copy,2.532583
kv64,100000,97531,nearly_sorted,4,radixkit,0.914041
kv64,100000,97531,nearly_sorted,4,std_sort,0.2865
kv64,100000,97531,nearly_sorted,5,ska_sort_copy,2.539291
kv64,100000,97531,nearly_sorted,5,radixkit,0.905458
kv64,100000,97531,nearly_sorted,5,std_sort,0.290625
kv64,100000,97531,nearly_sorted,5,ska_sort,2.539375
kv64,100000,97531,nearly_sorted,6,radixkit,0.8975
kv64,100000,97531,nearly_sorted,6,std_sort,0.509875
kv64,100000,97531,nearly_sorted,6,ska_sort,2.618291
kv64,100000,97531,nearly_sorted,6,ska_sort_copy,2.537208
kv64,100000,97531,nearly_sorted,7,std_sort,0.286209
kv64,100000,97531,nearly_sorted,7,ska_sort,2.558792
kv64,100000,97531,nearly_sorted,7,ska_sort_copy,2.595291
kv64,100000,97531,nearly_sorted,7,radixkit,0.983833
kv64,100000,97531,nearly_sorted,8,ska_sort,2.605958
kv64,100000,97531,nearly_sorted,8,ska_sort_copy,2.745209
kv64,100000,97531,nearly_sorted,8,radixkit,0.973167
kv64,100000,97531,nearly_sorted,8,std_sort,0.2845
u32,1000000,13579,uniform,0,ska_sort,12.383166
u32,1000000,13579,uniform,0,ska_sort_copy,4.065834
u32,1000000,13579,uniform,0,radixkit,2.722833
u32,1000000,13579,uniform,0,adaptive,3.01825
u32,1000000,13579,uniform,0,std_sort,20.860625
u32,1000000,13579,uniform,1,ska_sort_copy,4.180541
u32,1000000,13579,uniform,1,radixkit,2.664875
u32,1000000,13579,uniform,1,adaptive,3.174125
u32,1000000,13579,uniform,1,std_sort,20.795042
u32,1000000,13579,uniform,1,ska_sort,12.548625
u32,1000000,13579,uniform,2,radixkit,2.674292
u32,1000000,13579,uniform,2,adaptive,2.802375
u32,1000000,13579,uniform,2,std_sort,20.843625
u32,1000000,13579,uniform,2,ska_sort,12.565
u32,1000000,13579,uniform,2,ska_sort_copy,4.02025
u32,1000000,13579,uniform,3,adaptive,3.155
u32,1000000,13579,uniform,3,std_sort,20.794292
u32,1000000,13579,uniform,3,ska_sort,12.515166
u32,1000000,13579,uniform,3,ska_sort_copy,4.091375
u32,1000000,13579,uniform,3,radixkit,2.863042
u32,1000000,13579,uniform,4,std_sort,20.888083
u32,1000000,13579,uniform,4,ska_sort,12.464209
u32,1000000,13579,uniform,4,ska_sort_copy,4.142291
u32,1000000,13579,uniform,4,radixkit,3.049958
u32,1000000,13579,uniform,4,adaptive,2.538417
u32,1000000,13579,uniform,5,ska_sort,12.48075
u32,1000000,13579,uniform,5,ska_sort_copy,4.049584
u32,1000000,13579,uniform,5,radixkit,2.794458
u32,1000000,13579,uniform,5,adaptive,2.625833
u32,1000000,13579,uniform,5,std_sort,21.036417
u32,1000000,13579,uniform,6,ska_sort_copy,4.027958
u32,1000000,13579,uniform,6,radixkit,2.746958
u32,1000000,13579,uniform,6,adaptive,2.683125
u32,1000000,13579,uniform,6,std_sort,20.861625
u32,1000000,13579,uniform,6,ska_sort,12.261958
u32,1000000,13579,uniform,7,radixkit,2.932875
u32,1000000,13579,uniform,7,adaptive,3.125583
u32,1000000,13579,uniform,7,std_sort,20.67975
u32,1000000,13579,uniform,7,ska_sort,12.35425
u32,1000000,13579,uniform,7,ska_sort_copy,4.190292
u32,1000000,13579,uniform,8,adaptive,2.66675
u32,1000000,13579,uniform,8,std_sort,20.866583
u32,1000000,13579,uniform,8,ska_sort,12.16
u32,1000000,13579,uniform,8,ska_sort_copy,4.305917
u32,1000000,13579,uniform,8,radixkit,2.736083
u32,1000000,13579,uniform16,0,ska_sort,8.636708
u32,1000000,13579,uniform16,0,ska_sort_copy,8.223125
u32,1000000,13579,uniform16,0,radixkit,2.314292
u32,1000000,13579,uniform16,0,adaptive,1.883208
u32,1000000,13579,uniform16,0,std_sort,18.069333
u32,1000000,13579,uniform16,1,ska_sort_copy,8.265375
u32,1000000,13579,uniform16,1,radixkit,2.201875
u32,1000000,13579,uniform16,1,adaptive,1.911792
u32,1000000,13579,uniform16,1,std_sort,18.093625
u32,1000000,13579,uniform16,1,ska_sort,8.528041
u32,1000000,13579,uniform16,2,radixkit,2.180375
u32,1000000,13579,uniform16,2,adaptive,2.039334
u32,1000000,13579,uniform16,2,std_sort,18.236834
u32,1000000,13579,uniform16,2,ska_sort,8.487792
u32,1000000,13579,uniform16,2,ska_sort_copy,8.26425
u32,1000000,13579,uniform16,3,adaptive,2.0435
u32,1000000,13579,uniform16,3,std_sort,18.063125
u32,1000000,13579,uniform16,3,ska_sort,8.764417
u32,1000000,13579,uniform16,3,ska_sort_copy,8.187583
u32,1000000,13579,uniform16,3,radixkit,1.896333
u32,1000000,13579,uniform16,4,std_sort,18.042
u32,1000000,13579,uniform16,4,ska_sort,8.755625
u32,1000000,13579,uniform16,4,ska_sort_copy,8.438917
u32,1000000,13579,uniform16,4,radixkit,2.026625
u32,1000000,13579,uniform16,4,adaptive,1.879833
u32,1000000,13579,uniform16,5,ska_sort,8.509666
u32,1000000,13579,uniform16,5,ska_sort_copy,8.744667
u32,1000000,13579,uniform16,5,radixkit,2.349458
u32,1000000,13579,uniform16,5,adaptive,2.093125
u32,1000000,13579,uniform16,5,std_sort,18.128458
u32,1000000,13579,uniform16,6,ska_sort_copy,8.373
u32,1000000,13579,uniform16,6,radixkit,2.137917
u32,1000000,13579,uniform16,6,adaptive,1.976084
u32,1000000,13579,uniform16,6,std_sort,18.137833
u32,1000000,13579,uniform16,6,ska_sort,8.495833
u32,1000000,13579,uniform16,7,radixkit,2.110583
u32,1000000,13579,uniform16,7,adaptive,2.081333
u32,1000000,13579,uniform16,7,std_sort,17.95525
u32,1000000,13579,uniform16,7,ska_sort,8.772917
u32,1000000,13579,uniform16,7,ska_sort_copy,8.254667
u32,1000000,13579,uniform16,8,adaptive,2.071333
u32,1000000,13579,uniform16,8,std_sort,18.266042
u32,1000000,13579,uniform16,8,ska_sort,8.610208
u32,1000000,13579,uniform16,8,ska_sort_copy,8.269083
u32,1000000,13579,uniform16,8,radixkit,1.896167
u32,1000000,13579,zeros99,0,ska_sort,12.7085
u32,1000000,13579,zeros99,0,ska_sort_copy,11.302333
u32,1000000,13579,zeros99,0,radixkit,2.728167
u32,1000000,13579,zeros99,0,adaptive,0.351333
u32,1000000,13579,zeros99,0,std_sort,0.869083
u32,1000000,13579,zeros99,1,ska_sort_copy,11.161417
u32,1000000,13579,zeros99,1,radixkit,2.742167
u32,1000000,13579,zeros99,1,adaptive,0.356125
u32,1000000,13579,zeros99,1,std_sort,0.876958
u32,1000000,13579,zeros99,1,ska_sort,12.986291
u32,1000000,13579,zeros99,2,radixkit,2.707625
u32,1000000,13579,zeros99,2,adaptive,0.356625
u32,1000000,13579,zeros99,2,std_sort,0.902333
u32,1000000,13579,zeros99,2,ska_sort,12.822708
u32,1000000,13579,zeros99,2,ska_sort_copy,11.123458
u32,1000000,13579,zeros99,3,adaptive,0.385334
u32,1000000,13579,zeros99,3,std_sort,0.881167
u32,1000000,13579,zeros99,3,ska_sort,12.853458
u32,1000000,13579,zeros99,3,ska_sort_copy,11.269625
u32,1000000,13579,zeros99,3,radixkit,2.717959
u32,1000000,13579,zeros99,4,std_sort,0.895792
u32,1000000,13579,zeros99,4,ska_sort,12.847542
u32,1000000,13579,zeros99,4,ska_sort_copy,10.991833
u32,1000000,13579,zeros99,4,radixkit,2.926375
u32,1000000,13579,zeros99,4,adaptive,0.37225
u32,1000000,13579,zeros99,5,ska_sort,12.690708
u32,1000000,13579,zeros99,5,ska_sort_copy,11.102958
u32,1000000,13579,zeros99,5,radixkit,2.729834
u32,1000000,13579,zeros99,5,adaptive,0.354458
u32,1000000,13579,zeros99,5,std_sort,0.868625
u32,1000000,13579,zeros99,6,ska_sort_copy,11.433208
u32,1000000,13579,zeros99,6,radixkit,2.7165
u32,1000000,13579,zeros99,6,adaptive,0.357584
u32,1000000,13579,zeros99,6,std_sort,0.89525
u32,1000000,13579,zeros99,6,ska_sort,12.772083
u32,1000000,13579,zeros99,7,radixkit,2.75775
u32,1000000,13579,zeros99,7,adaptive,0.370541
u32,1000000,13579,zeros99,7,std_sort,1.036791
u32,1000000,13579,zeros99,7,ska_sort,12.697833
u32,1000000,13579,zeros99,7,ska_sort_copy,11.136792
u32,1000000,13579,zeros99,8,adaptive,0.362625
u32,1000000,13579,zeros99,8,std_sort,0.872875
u32,1000000,13579,zeros99,8,ska_sort,12.724667
u32,1000000,13579,zeros99,8,ska_sort_copy,11.142291
u32,1000000,13579,zeros99,8,radixkit,2.747875
u32,1000000,13579,equal,0,ska_sort,8.5355
u32,1000000,13579,equal,0,ska_sort_copy,10.997917
u32,1000000,13579,equal,0,radixkit,1.222084
u32,1000000,13579,equal,0,adaptive,0.052833
u32,1000000,13579,equal,0,std_sort,1.262791
u32,1000000,13579,equal,1,ska_sort_copy,10.990583
u32,1000000,13579,equal,1,radixkit,1.18975
u32,1000000,13579,equal,1,adaptive,0.054083
u32,1000000,13579,equal,1,std_sort,1.293708
u32,1000000,13579,equal,1,ska_sort,8.668291
u32,1000000,13579,equal,2,radixkit,1.166083
u32,1000000,13579,equal,2,adaptive,0.051375
u32,1000000,13579,equal,2,std_sort,1.274291
u32,1000000,13579,equal,2,ska_sort,8.478458
u32,1000000,13579,equal,2,ska_sort_copy,11.06675
u32,1000000,13579,equal,3,adaptive,0.052416
u32,1000000,13579,equal,3,std_sort,1.253375
u32,1000000,13579,equal,3,ska_sort,8.667333
u32,1000000,13579,equal,3,ska_sort_copy,10.978375
u32,1000000,13579,equal,3,radixkit,1.221833
u32,1000000,13579,equal,4,std_sort,1.276125
u32,1000000,13579,equal,4,ska_sort,8.526583
u32,1000000,13579,equal,4,ska_sort_copy,11.000041
u32,1000000,13579,equal,4,radixkit,1.186666
u32,1000000,13579,equal,4,adaptive,0.060542
u32,1000000,13579,equal,5,ska_sort,8.736625
u32,1000000,13579,equal,5,ska_sort_copy,10.968833
u32,1000000,13579,equal,5,radixkit,1.165458
u32,1000000,13579,equal,5,adaptive,0.059541
u32,1000000,13579,equal,5,std_sort,1.361208
u32,1000000,13579,equal,6,ska_sort_copy,11.052375
u32,1000000,13579,equal,6,radixkit,1.146042
u32,1000000,13579,equal,6,adaptive,0.052375
u32,1000000,13579,equal,6,std_sort,1.322833
u32,1000000,13579,equal,6,ska_sort,8.693458
u32,1000000,13579,equal,7,radixkit,1.179041
u32,1000000,13579,equal,7,adaptive,0.051541
u32,1000000,13579,equal,7,std_sort,1.253833
u32,1000000,13579,equal,7,ska_sort,8.519792
u32,1000000,13579,equal,7,ska_sort_copy,11.016083
u32,1000000,13579,equal,8,adaptive,0.06225
u32,1000000,13579,equal,8,std_sort,1.352459
u32,1000000,13579,equal,8,ska_sort,8.5295
u32,1000000,13579,equal,8,ska_sort_copy,11.044542
u32,1000000,13579,equal,8,radixkit,1.19
u32,1000000,13579,ascending,0,ska_sort,13.830875
u32,1000000,13579,ascending,0,ska_sort_copy,12.999167
u32,1000000,13579,ascending,0,radixkit,6.406166
u32,1000000,13579,ascending,0,adaptive,0.380375
u32,1000000,13579,ascending,0,std_sort,0.955833
u32,1000000,13579,ascending,1,ska_sort_copy,12.302625
u32,1000000,13579,ascending,1,radixkit,6.510333
u32,1000000,13579,ascending,1,adaptive,0.330792
u32,1000000,13579,ascending,1,std_sort,0.979959
u32,1000000,13579,ascending,1,ska_sort,13.673167
u32,1000000,13579,ascending,2,radixkit,6.490959
u32,1000000,13579,ascending,2,adaptive,0.316709
u32,1000000,13579,ascending,2,std_sort,0.950125
u32,1000000,13579,ascending,2,ska_sort,13.651958
u32,1000000,13579,ascending,2,ska_sort_copy,12.522875
u32,1000000,13579,ascending,3,adaptive,0.322625
u32,1000000,13579,ascending,3,std_sort,0.949083
u32,1000000,13579,ascending,3,ska_sort,13.837458
u32,1000000,13579,ascending,3,ska_sort_copy,12.331208
u32,1000000,13579,ascending,3,radixkit,6.368167
u32,1000000,13579,ascending,4,std_sort,0.942542
u32,1000000,13579,ascending,4,ska_sort,13.810417
u32,1000000,13579,ascending,4,ska_sort_copy,12.236125
u32,1000000,13579,ascending,4,radixkit,6.42825
u32,1000000,13579,ascending,4,adaptive,0.317042
u32,1000000,13579,ascending,5,ska_sort,13.64775
u32,1000000,13579,ascending,5,ska_sort_copy,12.486667
u32,1000000,13579,ascending,5,radixkit,6.326959
u32,1000000,13579,ascending,5,adaptive,0.318042
u32,1000000,13579,ascending,5,std_sort,1.092292
u32,1000000,13579,ascending,6,ska_sort_copy,12.62625
u32,1000000,13579,ascending,6,radixkit,6.636667
u32,1000000,13579,ascending,6,adaptive,0.316667
u32,1000000,13579,ascending,6,std_sort,0.946167
u32,1000000,13579,ascending,6,ska_sort,13.711583
u32,1000000,13579,ascending,7,radixkit,6.464292
u32,1000000,13579,ascending,7,adaptive,0.319417
u32,1000000,13579,ascending,7,std_sort,0.939625
u32,1000000,13579,ascending,7,ska_sort,13.65825
u32,1000000,13579,ascending,7,ska_sort_copy,12.498958
u32,1000000,13579,ascending,8,adaptive,0.328208
u32,1000000,13579,ascending,8,std_sort,0.977333
u32,1000000,13579,ascending,8,ska_sort,13.582208
u32,1000000,13579,ascending,8,ska_sort_copy,12.953208
u32,1000000,13579,ascending,8,radixkit,6.30475
u32,1000000,13579,descending,0,ska_sort,14.796042
u32,1000000,13579,descending,0,ska_sort_copy,12.232708
u32,1000000,13579,descending,0,radixkit,6.670042
u32,1000000,13579,descending,0,adaptive,0.541125
u32,1000000,13579,descending,0,std_sort,1.701
u32,1000000,13579,descending,1,ska_sort_copy,12.450833
u32,1000000,13579,descending,1,radixkit,6.388792
u32,1000000,13579,descending,1,adaptive,0.514709
u32,1000000,13579,descending,1,std_sort,1.629625
u32,1000000,13579,descending,1,ska_sort,14.748041
u32,1000000,13579,descending,2,radixkit,6.723125
u32,1000000,13579,descending,2,adaptive,0.521334
u32,1000000,13579,descending,2,std_sort,1.663916
u32,1000000,13579,descending,2,ska_sort,14.694292
u32,1000000,13579,descending,2,ska_sort_copy,12.340542
u32,1000000,13579,descending,3,adaptive,0.535417
u32,1000000,13579,descending,3,std_sort,1.635583
u32,1000000,13579,descending,3,ska_sort,14.705208
u32,1000000,13579,descending,3,ska_sort_copy,11.98675
u32,1000000,13579,descending,3,radixkit,6.500125
u32,1000000,13579,descending,4,std_sort,1.713708
u32,1000000,13579,descending,4,ska_sort,14.815292
u32,1000000,13579,descending,4,ska_sort_copy,12.839208
u32,1000000,13579,descending,4,radixkit,6.408167
u32,1000000,13579,descending,4,adaptive,0.518791
u32,1000000,13579,descending,5,ska_sort,14.813458
u32,1000000,13579,descending,5,ska_sort_copy,12.455875
u32,1000000,13579,descending,5,radixkit,6.390666
u32,1000000,13579,descending,5,adaptive,0.515
u32,1000000,13579,descending,5,std_sort,1.646458
u32,1000000,13579,descending,6,ska_sort_copy,12.43225
u32,1000000,13579,descending,6,radixkit,6.6205
u32,1000000,13579,descending,6,adaptive,0.527042
u32,1000000,13579,descending,6,std_sort,1.626334
u32,1000000,13579,descending,6,ska_sort,14.758458
u32,1000000,13579,descending,7,radixkit,6.479291
u32,1000000,13579,descending,7,adaptive,0.517459
u32,1000000,13579,descending,7,std_sort,1.625167
u32,1000000,13579,descending,7,ska_sort,14.827042
u32,1000000,13579,descending,7,ska_sort_copy,12.767292
u32,1000000,13579,descending,8,adaptive,0.538958
u32,1000000,13579,descending,8,std_sort,1.643958
u32,1000000,13579,descending,8,ska_sort,14.691792
u32,1000000,13579,descending,8,ska_sort_copy,12.334375
u32,1000000,13579,descending,8,radixkit,6.398333
u32,1000000,13579,sparse8,0,ska_sort,9.632709
u32,1000000,13579,sparse8,0,ska_sort_copy,6.724083
u32,1000000,13579,sparse8,0,radixkit,3.321334
u32,1000000,13579,sparse8,0,adaptive,0.998583
u32,1000000,13579,sparse8,0,std_sort,8.072916
u32,1000000,13579,sparse8,1,ska_sort_copy,6.522292
u32,1000000,13579,sparse8,1,radixkit,3.195458
u32,1000000,13579,sparse8,1,adaptive,1.022167
u32,1000000,13579,sparse8,1,std_sort,8.169709
u32,1000000,13579,sparse8,1,ska_sort,9.551458
u32,1000000,13579,sparse8,2,radixkit,3.197042
u32,1000000,13579,sparse8,2,adaptive,1.004875
u32,1000000,13579,sparse8,2,std_sort,8.066292
u32,1000000,13579,sparse8,2,ska_sort,9.621208
u32,1000000,13579,sparse8,2,ska_sort_copy,6.442958
u32,1000000,13579,sparse8,3,adaptive,1.085
u32,1000000,13579,sparse8,3,std_sort,8.209708
u32,1000000,13579,sparse8,3,ska_sort,9.601959
u32,1000000,13579,sparse8,3,ska_sort_copy,6.626708
u32,1000000,13579,sparse8,3,radixkit,3.223208
u32,1000000,13579,sparse8,4,std_sort,8.181958
u32,1000000,13579,sparse8,4,ska_sort,9.588416
u32,1000000,13579,sparse8,4,ska_sort_copy,6.539334
u32,1000000,13579,sparse8,4,radixkit,3.359375
u32,1000000,13579,sparse8,4,adaptive,1.042042
u32,1000000,13579,sparse8,5,ska_sort,9.591417
u32,1000000,13579,sparse8,5,ska_sort_copy,6.530542
u32,1000000,13579,sparse8,5,radixkit,3.20275
u32,1000000,13579,sparse8,5,adaptive,1.038042
u32,1000000,13579,sparse8,5,std_sort,8.177625
u32,1000000,13579,sparse8,6,ska_sort_copy,6.428167
u32,1000000,13579,sparse8,6,radixkit,3.361167
u32,1000000,13579,sparse8,6,adaptive,0.998084
u32,1000000,13579,sparse8,6,std_sort,8.060459
u32,1000000,13579,sparse8,6,ska_sort,9.709166
u32,1000000,13579,sparse8,7,radixkit,3.33
u32,1000000,13579,sparse8,7,adaptive,1.015208
u32,1000000,13579,sparse8,7,std_sort,8.068375
u32,1000000,13579,sparse8,7,ska_sort,9.582583
u32,1000000,13579,sparse8,7,ska_sort_copy,6.576542
u32,1000000,13579,sparse8,8,adaptive,0.999958
u32,1000000,13579,sparse8,8,std_sort,8.0375
u32,1000000,13579,sparse8,8,ska_sort,9.803625
u32,1000000,13579,sparse8,8,ska_sort_copy,6.518791
u32,1000000,13579,sparse8,8,radixkit,3.311834
u32,1000000,13579,nearly_sorted,0,ska_sort,16.039708
u32,1000000,13579,nearly_sorted,0,ska_sort_copy,12.790291
u32,1000000,13579,nearly_sorted,0,radixkit,6.336417
u32,1000000,13579,nearly_sorted,0,adaptive,6.3835
u32,1000000,13579,nearly_sorted,0,std_sort,2.782542
u32,1000000,13579,nearly_sorted,1,ska_sort_copy,12.544083
u32,1000000,13579,nearly_sorted,1,radixkit,6.484208
u32,1000000,13579,nearly_sorted,1,adaptive,6.412208
u32,1000000,13579,nearly_sorted,1,std_sort,2.555667
u32,1000000,13579,nearly_sorted,1,ska_sort,15.9385
u32,1000000,13579,nearly_sorted,2,radixkit,6.558541
u32,1000000,13579,nearly_sorted,2,adaptive,6.345208
u32,1000000,13579,nearly_sorted,2,std_sort,2.555125
u32,1000000,13579,nearly_sorted,2,ska_sort,15.897542
u32,1000000,13579,nearly_sorted,2,ska_sort_copy,12.922625
u32,1000000,13579,nearly_sorted,3,adaptive,6.195125
u32,1000000,13579,nearly_sorted,3,std_sort,2.650584
u32,1000000,13579,nearly_sorted,3,ska_sort,15.866167
u32,1000000,13579,nearly_sorted,3,ska_sort_copy,12.533333
u32,1000000,13579,nearly_sorted,3,radixkit,6.623667
u32,1000000,13579,nearly_sorted,4,std_sort,2.688875
u32,1000000,13579,nearly_sorted,4,ska_sort,15.889
u32,1000000,13579,nearly_sorted,4,ska_sort_copy,12.343542
u32,1000000,13579,nearly_sorted,4,radixkit,6.405375
u32,1000000,13579,nearly_sorted,4,adaptive,6.443583
u32,1000000,13579,nearly_sorted,5,ska_sort,15.884666
u32,1000000,13579,nearly_sorted,5,ska_sort_copy,12.074625
u32,1000000,13579,nearly_sorted,5,radixkit,6.614042
u32,1000000,13579,nearly_sorted,5,adaptive,6.421125
u32,1000000,13579,nearly_sorted,5,std_sort,2.563583
u32,1000000,13579,nearly_sorted,6,ska_sort_copy,12.491666
u32,1000000,13579,nearly_sorted,6,radixkit,6.441083
u32,1000000,13579,nearly_sorted,6,adaptive,6.481708
u32,1000000,13579,nearly_sorted,6,std_sort,2.654292
u32,1000000,13579,nearly_sorted,6,ska_sort,15.912333
u32,1000000,13579,nearly_sorted,7,radixkit,6.445666
u32,1000000,13579,nearly_sorted,7,adaptive,6.415666
u32,1000000,13579,nearly_sorted,7,std_sort,2.645417
u32,1000000,13579,nearly_sorted,7,ska_sort,16.090375
u32,1000000,13579,nearly_sorted,7,ska_sort_copy,12.184792
u32,1000000,13579,nearly_sorted,8,adaptive,6.420958
u32,1000000,13579,nearly_sorted,8,std_sort,2.641459
u32,1000000,13579,nearly_sorted,8,ska_sort,16.051042
u32,1000000,13579,nearly_sorted,8,ska_sort_copy,12.604417
u32,1000000,13579,nearly_sorted,8,radixkit,6.448375
u64,1000000,13579,uniform,0,ska_sort,12.64275
u64,1000000,13579,uniform,0,ska_sort_copy,12.427084
u64,1000000,13579,uniform,0,radixkit,6.984958
u64,1000000,13579,uniform,0,adaptive,7.41075
u64,1000000,13579,uniform,0,std_sort,21.460166
u64,1000000,13579,uniform,1,ska_sort_copy,12.501792
u64,1000000,13579,uniform,1,radixkit,7.00725
u64,1000000,13579,uniform,1,adaptive,7.747375
u64,1000000,13579,uniform,1,std_sort,22.131917
u64,1000000,13579,uniform,1,ska_sort,13.300334
u64,1000000,13579,uniform,2,radixkit,7.6065
u64,1000000,13579,uniform,2,adaptive,7.118916
u64,1000000,13579,uniform,2,std_sort,21.464125
u64,1000000,13579,uniform,2,ska_sort,12.798417
u64,1000000,13579,uniform,2,ska_sort_copy,12.506042
u64,1000000,13579,uniform,3,adaptive,6.845875
u64,1000000,13579,uniform,3,std_sort,21.826208
u64,1000000,13579,uniform,3,ska_sort,12.362917
u64,1000000,13579,uniform,3,ska_sort_copy,13.028667
u64,1000000,13579,uniform,3,radixkit,7.856666
u64,1000000,13579,uniform,4,std_sort,21.580875
u64,1000000,13579,uniform,4,ska_sort,12.909125
u64,1000000,13579,uniform,4,ska_sort_copy,12.862125
u64,1000000,13579,uniform,4,radixkit,6.964375
u64,1000000,13579,uniform,4,adaptive,7.265
u64,1000000,13579,uniform,5,ska_sort,12.420208
u64,1000000,13579,uniform,5,ska_sort_copy,12.729625
u64,1000000,13579,uniform,5,radixkit,7.386709
u64,1000000,13579,uniform,5,adaptive,6.899958
u64,1000000,13579,uniform,5,std_sort,21.651292
u64,1000000,13579,uniform,6,ska_sort_copy,12.751666
u64,1000000,13579,uniform,6,radixkit,7.719125
u64,1000000,13579,uniform,6,adaptive,6.977333
u64,1000000,13579,uniform,6,std_sort,21.566375
u64,1000000,13579,uniform,6,ska_sort,12.356042
u64,1000000,13579,uniform,7,radixkit,7.281541
u64,1000000,13579,uniform,7,adaptive,6.885666
u64,1000000,13579,uniform,7,std_sort,21.713334
u64,1000000,13579,uniform,7,ska_sort,12.404625
u64,1000000,13579,uniform,7,ska_sort_copy,12.817125
u64,1000000,13579,uniform,8,adaptive,7.47725
u64,1000000,13579,uniform,8,std_sort,21.582125
u64,1000000,13579,uniform,8,ska_sort,12.827041
u64,1000000,13579,uniform,8,ska_sort_copy,12.799542
u64,1000000,13579,uniform,8,radixkit,6.410333
u64,1000000,13579,uniform16,0,ska_sort,17.439625
u64,1000000,13579,uniform16,0,ska_sort_copy,17.458875
u64,1000000,13579,uniform16,0,radixkit,4.214875
u64,1000000,13579,uniform16,0,adaptive,2.362292
u64,1000000,13579,uniform16,0,std_sort,18.910708
u64,1000000,13579,uniform16,1,ska_sort_copy,17.209333
u64,1000000,13579,uniform16,1,radixkit,4.214791
u64,1000000,13579,uniform16,1,adaptive,1.883416
u64,1000000,13579,uniform16,1,std_sort,18.852291
u64,1000000,13579,uniform16,1,ska_sort,17.731791
u64,1000000,13579,uniform16,2,radixkit,3.927084
u64,1000000,13579,uniform16,2,adaptive,1.987084
u64,1000000,13579,uniform16,2,std_sort,18.8945
u64,1000000,13579,uniform16,2,ska_sort,17.270417
u64,1000000,13579,uniform16,2,ska_sort_copy,17.387125
u64,1000000,13579,uniform16,3,adaptive,2.062667
u64,1000000,13579,uniform16,3,std_sort,18.98875
u64,1000000,13579,uniform16,3,ska_sort,17.572416
u64,1000000,13579,uniform16,3,ska_sort_copy,17.189459
u64,1000000,13579,uniform16,3,radixkit,4.247959
u64,1000000,13579,uniform16,4,std_sort,18.860625
u64,1000000,13579,uniform16,4,ska_sort,17.331625
u64,1000000,13579,uniform16,4,ska_sort_copy,17.520709
u64,1000000,13579,uniform16,4,radixkit,4.323083
u64,1000000,13579,uniform16,4,adaptive,1.929209
u64,1000000,13579,uniform16,5,ska_sort,17.241667
u64,1000000,13579,uniform16,5,ska_sort_copy,17.506417
u64,1000000,13579,uniform16,5,radixkit,3.905708
u64,1000000,13579,uniform16,5,adaptive,2.094709
u64,1000000,13579,uniform16,5,std_sort,19.025583
u64,1000000,13579,uniform16,6,ska_sort_copy,17.483792
u64,1000000,13579,uniform16,6,radixkit,4.33775
u64,1000000,13579,uniform16,6,adaptive,1.889833
u64,1000000,13579,uniform16,6,std_sort,18.853833
u64,1000000,13579,uniform16,6,ska_sort,17.47925
u64,1000000,13579,uniform16,7,radixkit,4.251459
u64,1000000,13579,uniform16,7,adaptive,1.939333
u64,1000000,13579,uniform16,7,std_sort,18.978042
u64,1000000,13579,uniform16,7,ska_sort,17.599
u64,1000000,13579,uniform16,7,ska_sort_copy,17.231833
u64,1000000,13579,uniform16,8,adaptive,1.889125
u64,1000000,13579,uniform16,8,std_sort,18.944292
u64,1000000,13579,uniform16,8,ska_sort,17.467083
u64,1000000,13579,uniform16,8,ska_sort_copy,17.706583
u64,1000000,13579,uniform16,8,radixkit,4.322667
u64,1000000,13579,zeros99,0,ska_sort,21.519792
u64,1000000,13579,zeros99,0,ska_sort_copy,21.286959
u64,1000000,13579,zeros99,0,radixkit,0.392542
u64,1000000,13579,zeros99,0,adaptive,0.447667
u64,1000000,13579,zeros99,0,std_sort,0.975875
u64,1000000,13579,zeros99,1,ska_sort_copy,21.211125
u64,1000000,13579,zeros99,1,radixkit,0.524541
u64,1000000,13579,zeros99,1,adaptive,0.561625
u64,1000000,13579,zeros99,1,std_sort,0.959042
u64,1000000,13579,zeros99,1,ska_sort,21.373875
u64,1000000,13579,zeros99,2,radixkit,0.408208
u64,1000000,13579,zeros99,2,adaptive,0.387334
u64,1000000,13579,zeros99,2,std_sort,0.940792
u64,1000000,13579,zeros99,2,ska_sort,21.537625
u64,1000000,13579,zeros99,2,ska_sort_copy,21.140292
u64,1000000,13579,zeros99,3,adaptive,0.404042
u64,1000000,13579,zeros99,3,std_sort,1.025541
u64,1000000,13579,zeros99,3,ska_sort,21.397417
u64,1000000,13579,zeros99,3,ska_sort_copy,21.496208
u64,1000000,13579,zeros99,3,radixkit,0.389667
u64,1000000,13579,zeros99,4,std_sort,0.93475
u64,1000000,13579,zeros99,4,ska_sort,21.416584
u64,1000000,13579,zeros99,4,ska_sort_copy,21.202625
u64,1000000,13579,zeros99,4,radixkit,0.450083
u64,1000000,13579,zeros99,4,adaptive,0.454666
u64,1000000,13579,zeros99,5,ska_sort,21.22775
u64,1000000,13579,zeros99,5,ska_sort_copy,21.4235
u64,1000000,13579,zeros99,5,radixkit,0.392292
u64,1000000,13579,zeros99,5,adaptive,0.399167
u64,1000000,13579,zeros99,5,std_sort,1.031833
u64,1000000,13579,zeros99,6,ska_sort_copy,21.249834
u64,1000000,13579,zeros99,6,radixkit,0.3925
u64,1000000,13579,zeros99,6,adaptive,0.396917
u64,1000000,13579,zeros99,6,std_sort,0.96325
u64,1000000,13579,zeros99,6,ska_sort,21.353166
u64,1000000,13579,zeros99,7,radixkit,0.400875
u64,1000000,13579,zeros99,7,adaptive,0.432125
u64,1000000,13579,zeros99,7,std_sort,1.005208
u64,1000000,13579,zeros99,7,ska_sort,21.403041
u64,1000000,13579,zeros99,7,ska_sort_copy,21.322875
u64,1000000,13579,zeros99,8,adaptive,0.39225
u64,1000000,13579,zeros99,8,std_sort,0.934375
u64,1000000,13579,zeros99,8,ska_sort,21.474916
u64,1000000,13579,zeros99,8,ska_sort_copy,21.247917
u64,1000000,13579,zeros99,8,radixkit,0.428292
u64,1000000,13579,equal,0,ska_sort,17.262292
u64,1000000,13579,equal,0,ska_sort_copy,17.05925
u64,1000000,13579,equal,0,radixkit,0.1805
u64,1000000,13579,equal,0,adaptive,0.123125
u64,1000000,13579,equal,0,std_sort,1.3025
u64,1000000,13579,equal,1,ska_sort_copy,17.185
u64,1000000,13579,equal,1,radixkit,0.167916
u64,1000000,13579,equal,1,adaptive,0.11575
u64,1000000,13579,equal,1,std_sort,1.270584
u64,1000000,13579,equal,1,ska_sort,17.029542
u64,1000000,13579,equal,2,radixkit,0.187334
u64,1000000,13579,equal,2,adaptive,0.168042
u64,1000000,13579,equal,2,std_sort,1.347583
u64,1000000,13579,equal,2,ska_sort,17.410291
u64,1000000,13579,equal,2,ska_sort_copy,17.066084
u64,1000000,13579,equal,3,adaptive,0.11325
u64,1000000,13579,equal,3,std_sort,1.271167
u64,1000000,13579,equal,3,ska_sort,17.181958
u64,1000000,13579,equal,3,ska_sort_copy,17.040708
u64,1000000,13579,equal,3,radixkit,0.18975
u64,1000000,13579,equal,4,std_sort,1.291292
u64,1000000,13579,equal,4,ska_sort,17.035958
u64,1000000,13579,equal,4,ska_sort_copy,17.204334
u64,1000000,13579,equal,4,radixkit,0.167833
u64,1000000,13579,equal,4,adaptive,0.115083
u64,1000000,13579,equal,5,ska_sort,17.063875
u64,1000000,13579,equal,5,ska_sort_copy,17.261084
u64,1000000,13579,equal,5,radixkit,0.186792
u64,1000000,13579,equal,5,adaptive,0.11625
u64,1000000,13579,equal,5,std_sort,1.268084
u64,1000000,13579,equal,6,ska_sort_copy,17.05275
u64,1000000,13579,equal,6,radixkit,0.166833
u64,1000000,13579,equal,6,adaptive,0.115083
u64,1000000,13579,equal,6,std_sort,1.317
u64,1000000,13579,equal,6,ska_sort,17.206125
u64,1000000,13579,equal,7,radixkit,0.22825
u64,1000000,13579,equal,7,adaptive,0.136083
u64,1000000,13579,equal,7,std_sort,1.293458
u64,1000000,13579,equal,7,ska_sort,17.213667
u64,1000000,13579,equal,7,ska_sort_copy,17.180041
u64,1000000,13579,equal,8,adaptive,0.117916
u64,1000000,13579,equal,8,std_sort,1.335083
u64,1000000,13579,equal,8,ska_sort,17.091667
u64,1000000,13579,equal,8,ska_sort_copy,17.148833
u64,1000000,13579,equal,8,radixkit,0.168541
u64,1000000,13579,ascending,0,ska_sort,22.12925
u64,1000000,13579,ascending,0,ska_sort_copy,22.455417
u64,1000000,13579,ascending,0,radixkit,0.626292
u64,1000000,13579,ascending,0,adaptive,0.63275
u64,1000000,13579,ascending,0,std_sort,1.009334
u64,1000000,13579,ascending,1,ska_sort_copy,22.255792
u64,1000000,13579,ascending,1,radixkit,0.641708
u64,1000000,13579,ascending,1,adaptive,0.695583
u64,1000000,13579,ascending,1,std_sort,0.969375
u64,1000000,13579,ascending,1,ska_sort,22.269042
u64,1000000,13579,ascending,2,radixkit,0.645208
u64,1000000,13579,ascending,2,adaptive,0.618625
u64,1000000,13579,ascending,2,std_sort,0.956875
u64,1000000,13579,ascending,2,ska_sort,22.491708
u64,1000000,13579,ascending,2,ska_sort_copy,22.526125
u64,1000000,13579,ascending,3,adaptive,0.64725
u64,1000000,13579,ascending,3,std_sort,0.956625
u64,1000000,13579,ascending,3,ska_sort,22.277625
u64,1000000,13579,ascending,3,ska_sort_copy,22.415167
u64,1000000,13579,ascending,3,radixkit,0.657917
u64,1000000,13579,ascending,4,std_sort,0.980042
u64,1000000,13579,ascending,4,ska_sort,22.186583
u64,1000000,13579,ascending,4,ska_sort_copy,22.27375
u64,1000000,13579,ascending,4,radixkit,0.629917
u64,1000000,13579,ascending,4,adaptive,0.663958
u64,1000000,13579,ascending,5,ska_sort,22.244417
u64,1000000,13579,ascending,5,ska_sort_copy,22.471167
u64,1000000,13579,ascending,5,radixkit,0.643208
u64,1000000,13579,ascending,5,adaptive,0.629
u64,1000000,13579,ascending,5,std_sort,1.024167
u64,1000000,13579,ascending,6,ska_sort_copy,22.290667
u64,1000000,13579,ascending,6,radixkit,0.647584
u64,1000000,13579,ascending,6,adaptive,0.631416
u64,1000000,13579,ascending,6,std_sort,0.948875
u64,1000000,13579,ascending,6,ska_sort,22.437
u64,1000000,13579,ascending,7,radixkit,0.61925
u64,1000000,13579,ascending,7,adaptive,0.623792
u64,1000000,13579,ascending,7,std_sort,0.956541
u64,1000000,13579,ascending,7,ska_sort,22.435458
u64,1000000,13579,ascending,7,ska_sort_copy,22.403959
u64,1000000,13579,ascending,8,adaptive,0.63475
u64,1000000,13579,ascending,8,std_sort,0.956916
u64,1000000,13579,ascending,8,ska_sort,22.306
u64,1000000,13579,ascending,8,ska_sort_copy,22.404666
u64,1000000,13579,ascending,8,radixkit,0.629625
u64,1000000,13579,descending,0,ska_sort,23.452541
u64,1000000,13579,descending,0,ska_sort_copy,23.317625
u64,1000000,13579,descending,0,radixkit,0.972875
u64,1000000,13579,descending,0,adaptive,0.848625
u64,1000000,13579,descending,0,std_sort,1.645208
u64,1000000,13579,descending,1,ska_sort_copy,23.474917
u64,1000000,13579,descending,1,radixkit,0.858833
u64,1000000,13579,descending,1,adaptive,0.924542
u64,1000000,13579,descending,1,std_sort,1.777667
u64,1000000,13579,descending,1,ska_sort,23.406375
u64,1000000,13579,descending,2,radixkit,0.878292
u64,1000000,13579,descending,2,adaptive,0.855875
u64,1000000,13579,descending,2,std_sort,1.65225
u64,1000000,13579,descending,2,ska_sort,25.211
u64,1000000,13579,descending,2,ska_sort_copy,23.2445
u64,1000000,13579,descending,3,adaptive,0.90625
u64,1000000,13579,descending,3,std_sort,1.847
u64,1000000,13579,descending,3,ska_sort,23.757792
u64,1000000,13579,descending,3,ska_sort_copy,23.343333
u64,1000000,13579,descending,3,radixkit,1.031709
u64,1000000,13579,descending,4,std_sort,1.645708
u64,1000000,13579,descending,4,ska_sort,23.284458
u64,1000000,13579,descending,4,ska_sort_copy,23.385
u64,1000000,13579,descending,4,radixkit,0.857792
u64,1000000,13579,descending,4,adaptive,0.856
u64,1000000,13579,descending,5,ska_sort,23.332667
u64,1000000,13579,descending,5,ska_sort_copy,23.467708
u64,1000000,13579,descending,5,radixkit,0.85575
u64,1000000,13579,descending,5,adaptive,0.856791
u64,1000000,13579,descending,5,std_sort,1.6975
u64,1000000,13579,descending,6,ska_sort_copy,23.214875
u64,1000000,13579,descending,6,radixkit,0.896125
u64,1000000,13579,descending,6,adaptive,0.889125
u64,1000000,13579,descending,6,std_sort,1.888417
u64,1000000,13579,descending,6,ska_sort,23.28075
u64,1000000,13579,descending,7,radixkit,0.855542
u64,1000000,13579,descending,7,adaptive,0.856584
u64,1000000,13579,descending,7,std_sort,1.6895
u64,1000000,13579,descending,7,ska_sort,23.357416
u64,1000000,13579,descending,7,ska_sort_copy,23.313334
u64,1000000,13579,descending,8,adaptive,0.881875
u64,1000000,13579,descending,8,std_sort,1.881958
u64,1000000,13579,descending,8,ska_sort,23.303375
u64,1000000,13579,descending,8,ska_sort_copy,23.663708
u64,1000000,13579,descending,8,radixkit,0.947459
u64,1000000,13579,sparse8,0,ska_sort,30.298792
u64,1000000,13579,sparse8,0,ska_sort_copy,30.494958
u64,1000000,13579,sparse8,0,radixkit,12.624792
u64,1000000,13579,sparse8,0,adaptive,2.095167
u64,1000000,13579,sparse8,0,std_sort,8.455458
u64,1000000,13579,sparse8,1,ska_sort_copy,30.539209
u64,1000000,13579,sparse8,1,radixkit,12.49375
u64,1000000,13579,sparse8,1,adaptive,2.154167
u64,1000000,13579,sparse8,1,std_sort,8.29975
u64,1000000,13579,sparse8,1,ska_sort,30.456583
u64,1000000,13579,sparse8,2,radixkit,12.663541
u64,1000000,13579,sparse8,2,adaptive,2.002458
u64,1000000,13579,sparse8,2,std_sort,8.313458
u64,1000000,13579,sparse8,2,ska_sort,30.32475
u64,1000000,13579,sparse8,2,ska_sort_copy,30.426792
u64,1000000,13579,sparse8,3,adaptive,1.929334
u64,1000000,13579,sparse8,3,std_sort,8.348625
u64,1000000,13579,sparse8,3,ska_sort,30.465834
u64,1000000,13579,sparse8,3,ska_sort_copy,30.314208
u64,1000000,13579,sparse8,3,radixkit,12.499917
u64,1000000,13579,sparse8,4,std_sort,8.342125
u64,1000000,13579,sparse8,4,ska_sort,30.351917
u64,1000000,13579,sparse8,4,ska_sort_copy,30.452375
u64,1000000,13579,sparse8,4,radixkit,12.46325
u64,1000000,13579,sparse8,4,adaptive,2.095
u64,1000000,13579,sparse8,5,ska_sort,30.419541
u64,1000000,13579,sparse8,5,ska_sort_copy,30.175333
u64,1000000,13579,sparse8,5,radixkit,12.889708
u64,1000000,13579,sparse8,5,adaptive,1.930791
u64,1000000,13579,sparse8,5,std_sort,8.386167
u64,1000000,13579,sparse8,6,ska_sort_copy,30.480708
u64,1000000,13579,sparse8,6,radixkit,12.455583
u64,1000000,13579,sparse8,6,adaptive,2.031542
u64,1000000,13579,sparse8,6,std_sort,8.274625
u64,1000000,13579,sparse8,6,ska_sort,30.523792
u64,1000000,13579,sparse8,7,radixkit,12.7565
u64,1000000,13579,sparse8,7,adaptive,2.0045
u64,1000000,13579,sparse8,7,std_sort,8.295458
u64,1000000,13579,sparse8,7,ska_sort,30.106459
u64,1000000,13579,sparse8,7,ska_sort_copy,30.362667
u64,1000000,13579,sparse8,8,adaptive,1.923708
u64,1000000,13579,sparse8,8,std_sort,8.429792
u64,1000000,13579,sparse8,8,ska_sort,30.277583
u64,1000000,13579,sparse8,8,ska_sort_copy,30.820417
u64,1000000,13579,sparse8,8,radixkit,12.486125
u64,1000000,13579,nearly_sorted,0,ska_sort,24.9855
u64,1000000,13579,nearly_sorted,0,ska_sort_copy,24.6755
u64,1000000,13579,nearly_sorted,0,radixkit,9.879042
u64,1000000,13579,nearly_sorted,0,adaptive,9.636041
u64,1000000,13579,nearly_sorted,0,std_sort,2.76575
u64,1000000,13579,nearly_sorted,1,ska_sort_copy,24.628875
u64,1000000,13579,nearly_sorted,1,radixkit,9.643541
u64,1000000,13579,nearly_sorted,1,adaptive,9.786875
u64,1000000,13579,nearly_sorted,1,std_sort,2.741916
u64,1000000,13579,nearly_sorted,1,ska_sort,24.89
u64,1000000,13579,nearly_sorted,2,radixkit,9.662584
u64,1000000,13579,nearly_sorted,2,adaptive,10.078875
u64,1000000,13579,nearly_sorted,2,std_sort,2.838833
u64,1000000,13579,nearly_sorted,2,ska_sort,25.526375
u64,1000000,13579,nearly_sorted,2,ska_sort_copy,24.923375
u64,1000000,13579,nearly_sorted,3,adaptive,9.616042
u64,1000000,13579,nearly_sorted,3,std_sort,2.757375
u64,1000000,13579,nearly_sorted,3,ska_sort,24.692375
u64,1000000,13579,nearly_sorted,3,ska_sort_copy,24.799125
u64,1000000,13579,nearly_sorted,3,radixkit,9.585417
u64,1000000,13579,nearly_sorted,4,std_sort,3.178
u64,1000000,13579,nearly_sorted,4,ska_sort,24.604459
u64,1000000,13579,nearly_sorted,4,ska_sort_copy,24.707709
u64,1000000,13579,nearly_sorted,4,radixkit,9.45925
u64,1000000,13579,nearly_sorted,4,adaptive,9.579792
u64,1000000,13579,nearly_sorted,5,ska_sort,24.736584
u64,1000000,13579,nearly_sorted,5,ska_sort_copy,24.884166
u64,1000000,13579,nearly_sorted,5,radixkit,9.534042
u64,1000000,13579,nearly_sorted,5,adaptive,9.468
u64,1000000,13579,nearly_sorted,5,std_sort,2.768833
u64,1000000,13579,nearly_sorted,6,ska_sort_copy,24.9475
u64,1000000,13579,nearly_sorted,6,radixkit,9.541834
u64,1000000,13579,nearly_sorted,6,adaptive,9.593708
u64,1000000,13579,nearly_sorted,6,std_sort,2.751458
u64,1000000,13579,nearly_sorted,6,ska_sort,24.684791
u64,1000000,13579,nearly_sorted,7,radixkit,9.658708
u64,1000000,13579,nearly_sorted,7,adaptive,9.790042
u64,1000000,13579,nearly_sorted,7,std_sort,2.745375
u64,1000000,13579,nearly_sorted,7,ska_sort,24.724625
u64,1000000,13579,nearly_sorted,7,ska_sort_copy,24.495417
u64,1000000,13579,nearly_sorted,8,adaptive,9.654125
u64,1000000,13579,nearly_sorted,8,std_sort,2.813167
u64,1000000,13579,nearly_sorted,8,ska_sort,24.679417
u64,1000000,13579,nearly_sorted,8,ska_sort_copy,24.719667
u64,1000000,13579,nearly_sorted,8,radixkit,9.629375
kv32,1000000,13579,uniform,0,ska_sort,13.163125
kv32,1000000,13579,uniform,0,ska_sort_copy,7.443541
kv32,1000000,13579,uniform,0,radixkit,8.856458
kv32,1000000,13579,uniform,0,std_sort,55.728916
kv32,1000000,13579,uniform,1,ska_sort_copy,7.118208
kv32,1000000,13579,uniform,1,radixkit,8.851541
kv32,1000000,13579,uniform,1,std_sort,56.128625
kv32,1000000,13579,uniform,1,ska_sort,13.274375
kv32,1000000,13579,uniform,2,radixkit,9.294083
kv32,1000000,13579,uniform,2,std_sort,55.9415
kv32,1000000,13579,uniform,2,ska_sort,13.806292
kv32,1000000,13579,uniform,2,ska_sort_copy,7.802667
kv32,1000000,13579,uniform,3,std_sort,55.549542
kv32,1000000,13579,uniform,3,ska_sort,13.4745
kv32,1000000,13579,uniform,3,ska_sort_copy,7.28475
kv32,1000000,13579,uniform,3,radixkit,8.822125
kv32,1000000,13579,uniform,4,ska_sort,13.385084
kv32,1000000,13579,uniform,4,ska_sort_copy,7.316208
kv32,1000000,13579,uniform,4,radixkit,9.040417
kv32,1000000,13579,uniform,4,std_sort,55.597791
kv32,1000000,13579,uniform,5,ska_sort_copy,7.294875
kv32,1000000,13579,uniform,5,radixkit,8.859875
kv32,1000000,13579,uniform,5,std_sort,55.694584
kv32,1000000,13579,uniform,5,ska_sort,13.46575
kv32,1000000,13579,uniform,6,radixkit,9.236583
kv32,1000000,13579,uniform,6,std_sort,55.926292
kv32,1000000,13579,uniform,6,ska_sort,13.327375
kv32,1000000,13579,uniform,6,ska_sort_copy,7.681667
kv32,1000000,13579,uniform,7,std_sort,55.772875
kv32,1000000,13579,uniform,7,ska_sort,13.820875
kv32,1000000,13579,uniform,7,ska_sort_copy,7.808333
kv32,1000000,13579,uniform,7,radixkit,9.445458
kv32,1000000,13579,uniform,8,ska_sort,13.5985
kv32,1000000,13579,uniform,8,ska_sort_copy,7.790042
kv32,1000000,13579,uniform,8,radixkit,9.063875
kv32,1000000,13579,uniform,8,std_sort,55.508083
kv32,1000000,13579,uniform16,0,ska_sort,9.757334
kv32,1000000,13579,uniform16,0,ska_sort_copy,9.730958
kv32,1000000,13579,uniform16,0,radixkit,5.391333
kv32,1000000,13579,uniform16,0,std_sort,49.489
kv32,1000000,13579,uniform16,1,ska_sort_copy,9.627542
kv32,1000000,13579,uniform16,1,radixkit,5.357041
kv32,1000000,13579,uniform16,1,std_sort,49.298625
kv32,1000000,13579,uniform16,1,ska_sort,9.447625
kv32,1000000,13579,uniform16,2,radixkit,5.3625
kv32,1000000,13579,uniform16,2,std_sort,49.404541
kv32,1000000,13579,uniform16,2,ska_sort,9.614791
kv32,1000000,13579,uniform16,2,ska_sort_copy,9.643708
kv32,1000000,13579,uniform16,3,std_sort,49.300667
kv32,1000000,13579,uniform16,3,ska_sort,9.814125
kv32,1000000,13579,uniform16,3,ska_sort_copy,9.843708
kv32,1000000,13579,uniform16,3,radixkit,5.945125
kv32,1000000,13579,uniform16,4,ska_sort,9.707542
kv32,1000000,13579,uniform16,4,ska_sort_copy,9.661209
kv32,1000000,13579,uniform16,4,radixkit,5.367042
kv32,1000000,13579,uniform16,4,std_sort,49.698833
kv32,1000000,13579,uniform16,5,ska_sort_copy,9.570958
kv32,1000000,13579,uniform16,5,radixkit,5.196709
kv32,1000000,13579,uniform16,5,std_sort,49.63975
kv32,1000000,13579,uniform16,5,ska_sort,10.041333
kv32,1000000,13579,uniform16,6,radixkit,5.650959
kv32,1000000,13579,uniform16,6,std_sort,49.540417
kv32,1000000,13579,uniform16,6,ska_sort,9.262875
kv32,1000000,13579,uniform16,6,ska_sort_copy,10.235625
kv32,1000000,13579,uniform16,7,std_sort,49.381334
kv32,1000000,13579,uniform16,7,ska_sort,9.57825
kv32,1000000,13579,uniform16,7,ska_sort_copy,9.668667
kv32,1000000,13579,uniform16,7,radixkit,5.222084
kv32,1000000,13579,uniform16,8,ska_sort,9.6625
kv32,1000000,13579,uniform16,8,ska_sort_copy,9.511875
kv32,1000000,13579,uniform16,8,radixkit,5.2965
kv32,1000000,13579,uniform16,8,std_sort,49.684958
kv32,1000000,13579,zeros99,0,ska_sort,13.112208
kv32,1000000,13579,zeros99,0,ska_sort_copy,11.091
kv32,1000000,13579,zeros99,0,radixkit,8.604958
kv32,1000000,13579,zeros99,0,std_sort,66.324041
kv32,1000000,13579,zeros99,1,ska_sort_copy,10.897875
kv32,1000000,13579,zeros99,1,radixkit,9.101542
kv32,1000000,13579,zeros99,1,std_sort,65.189334
kv32,1000000,13579,zeros99,1,ska_sort,13.540042
kv32,1000000,13579,zeros99,2,radixkit,9.230042
kv32,1000000,13579,zeros99,2,std_sort,73.066083
kv32,1000000,13579,zeros99,2,ska_sort,13.685542
kv32,1000000,13579,zeros99,2,ska_sort_copy,11.145208
kv32,1000000,13579,zeros99,3,std_sort,69.043166
kv32,1000000,13579,zeros99,3,ska_sort,13.086584
kv32,1000000,13579,zeros99,3,ska_sort_copy,10.876959
kv32,1000000,13579,zeros99,3,radixkit,9.251833
kv32,1000000,13579,zeros99,4,ska_sort,13.657917
kv32,1000000,13579,zeros99,4,ska_sort_copy,10.86425
kv32,1000000,13579,zeros99,4,radixkit,8.859375
kv32,1000000,13579,zeros99,4,std_sort,67.184708
kv32,1000000,13579,zeros99,5,ska_sort_copy,10.937833
kv32,1000000,13579,zeros99,5,radixkit,9.061916
kv32,1000000,13579,zeros99,5,std_sort,66.158625
kv32,1000000,13579,zeros99,5,ska_sort,13.315458
kv32,1000000,13579,zeros99,6,radixkit,8.894667
kv32,1000000,13579,zeros99,6,std_sort,67.528833
kv32,1000000,13579,zeros99,6,ska_sort,13.654708
kv32,1000000,13579,zeros99,6,ska_sort_copy,11.374667
kv32,1000000,13579,zeros99,7,std_sort,67.381459
kv32,1000000,13579,zeros99,7,ska_sort,13.751084
kv32,1000000,13579,zeros99,7,ska_sort_copy,11.300875
kv32,1000000,13579,zeros99,7,radixkit,8.680458
kv32,1000000,13579,zeros99,8,ska_sort,13.399709
kv32,1000000,13579,zeros99,8,ska_sort_copy,10.992958
kv32,1000000,13579,zeros99,8,radixkit,8.74825
kv32,1000000,13579,zeros99,8,std_sort,66.795875
kv32,1000000,13579,equal,0,ska_sort,8.810208
kv32,1000000,13579,equal,0,ska_sort_copy,10.928292
kv32,1000000,13579,equal,0,radixkit,1.25125
kv32,1000000,13579,equal,0,std_sort,0.764042
kv32,1000000,13579,equal,1,ska_sort_copy,11.197292
kv32,1000000,13579,equal,1,radixkit,1.230792
kv32,1000000,13579,equal,1,std_sort,0.809083
kv32,1000000,13579,equal,1,ska_sort,8.606083
kv32,1000000,13579,equal,2,radixkit,1.306375
kv32,1000000,13579,equal,2,std_sort,1.765583
kv32,1000000,13579,equal,2,ska_sort,8.58125
kv32,1000000,13579,equal,2,ska_sort_copy,10.863542
kv32,1000000,13579,equal,3,std_sort,0.777375
kv32,1000000,13579,equal,3,ska_sort,8.595042
kv32,1000000,13579,equal,3,ska_sort_copy,11.549041
kv32,1000000,13579,equal,3,radixkit,1.504042
kv32,1000000,13579,equal,4,ska_sort,8.666583
kv32,1000000,13579,equal,4,ska_sort_copy,11.483875
kv32,1000000,13579,equal,4,radixkit,1.25075
kv32,1000000,13579,equal,4,std_sort,1.078125
kv32,1000000,13579,equal,5,ska_sort_copy,11.247458
kv32,1000000,13579,equal,5,radixkit,1.224791
kv32,1000000,13579,equal,5,std_sort,0.873792
kv32,1000000,13579,equal,5,ska_sort,8.470458
kv32,1000000,13579,equal,6,radixkit,1.326375
kv32,1000000,13579,equal,6,std_sort,0.697459
kv32,1000000,13579,equal,6,ska_sort,8.507125
kv32,1000000,13579,equal,6,ska_sort_copy,10.630166
kv32,1000000,13579,equal,7,std_sort,1.286208
kv32,1000000,13579,equal,7,ska_sort,8.621416
kv32,1000000,13579,equal,7,ska_sort_copy,10.742625
kv32,1000000,13579,equal,7,radixkit,1.304708
kv32,1000000,13579,equal,8,ska_sort,8.48575
kv32,1000000,13579,equal,8,ska_sort_copy,11.314791
kv32,1000000,13579,equal,8,radixkit,1.256625
kv32,1000000,13579,equal,8,std_sort,0.794584
kv32,1000000,13579,ascending,0,ska_sort,13.824458
kv32,1000000,13579,ascending,0,ska_sort_copy,14.484417
kv32,1000000,13579,ascending,0,radixkit,12.879459
kv32,1000000,13579,ascending,0,std_sort,0.737292
kv32,1000000,13579,ascending,1,ska_sort_copy,14.831375
kv32,1000000,13579,ascending,1,radixkit,13.049459
kv32,1000000,13579,ascending,1,std_sort,0.99225
kv32,1000000,13579,ascending,1,ska_sort,14.031083
kv32,1000000,13579,ascending,2,radixkit,13.334208
kv32,1000000,13579,ascending,2,std_sort,0.998333
kv32,1000000,13579,ascending,2,ska_sort,13.842625
kv32,1000000,13579,ascending,2,ska_sort_copy,14.870875
kv32,1000000,13579,ascending,3,std_sort,0.760833
kv32,1000000,13579,ascending,3,ska_sort,13.867834
kv32,1000000,13579,ascending,3,ska_sort_copy,14.679875
kv32,1000000,13579,ascending,3,radixkit,13.043042
kv32,1000000,13579,ascending,4,ska_sort,14.066375
kv32,1000000,13579,ascending,4,ska_sort_copy,15.057541
kv32,1000000,13579,ascending,4,radixkit,13.317417
kv32,1000000,13579,ascending,4,std_sort,0.761584
kv32,1000000,13579,ascending,5,ska_sort_copy,14.514416
kv32,1000000,13579,ascending,5,radixkit,13.023667
kv32,1000000,13579,ascending,5,std_sort,0.762
kv32,1000000,13579,ascending,5,ska_sort,13.973708
kv32,1000000,13579,ascending,6,radixkit,13.217625
kv32,1000000,13579,ascending,6,std_sort,0.87625
kv32,1000000,13579,ascending,6,ska_sort,14.035917
kv32,1000000,13579,ascending,6,ska_sort_copy,15.02225
kv32,1000000,13579,ascending,7,std_sort,1.031
kv32,1000000,13579,ascending,7,ska_sort,13.873542
kv32,1000000,13579,ascending,7,ska_sort_copy,14.629
kv32,1000000,13579,ascending,7,radixkit,13.683667
kv32,1000000,13579,ascending,8,ska_sort,13.970208
kv32,1000000,13579,ascending,8,ska_sort_copy,14.690583
kv32,1000000,13579,ascending,8,radixkit,13.129583
kv32,1000000,13579,ascending,8,std_sort,0.789042
kv32,1000000,13579,descending,0,ska_sort,15.484583
kv32,1000000,13579,descending,0,ska_sort_copy,14.963167
kv32,1000000,13579,descending,0,radixkit,13.510334
kv32,1000000,13579,descending,0,std_sort,1.320292
kv32,1000000,13579,descending,1,ska_sort_copy,14.490167
kv32,1000000,13579,descending,1,radixkit,12.8765
kv32,1000000,13579,descending,1,std_sort,1.20275
kv32,1000000,13579,descending,1,ska_sort,15.472292
kv32,1000000,13579,descending,2,radixkit,13.048208
kv32,1000000,13579,descending,2,std_sort,1.307
kv32,1000000,13579,descending,2,ska_sort,15.807
kv32,1000000,13579,descending,2,ska_sort_copy,14.881875
kv32,1000000,13579,descending,3,std_sort,1.194875
kv32,1000000,13579,descending,3,ska_sort,15.537625
kv32,1000000,13579,descending,3,ska_sort_copy,14.809667
kv32,1000000,13579,descending,3,radixkit,12.898875
kv32,1000000,13579,descending,4,ska_sort,15.81175
kv32,1000000,13579,descending,4,ska_sort_copy,14.345
kv32,1000000,13579,descending,4,radixkit,13.283
kv32,1000000,13579,descending,4,std_sort,1.204917
kv32,1000000,13579,descending,5,ska_sort_copy,13.974125
kv32,1000000,13579,descending,5,radixkit,12.794
kv32,1000000,13579,descending,5,std_sort,1.187084
kv32,1000000,13579,descending,5,ska_sort,15.496
kv32,1000000,13579,descending,6,radixkit,12.790291
kv32,1000000,13579,descending,6,std_sort,1.306625
kv32,1000000,13579,descending,6,ska_sort,15.586458
kv32,1000000,13579,descending,6,ska_sort_copy,14.200208
kv32,1000000,13579,descending,7,std_sort,1.273667
kv32,1000000,13579,descending,7,ska_sort,15.665833
kv32,1000000,13579,descending,7,ska_sort_copy,14.444459
kv32,1000000,13579,descending,7,radixkit,13.242416
kv32,1000000,13579,descending,8,ska_sort,15.556458
kv32,1000000,13579,descending,8,ska_sort_copy,14.905625
kv32,1000000,13579,descending,8,radixkit,13.2085
kv32,1000000,13579,descending,8,std_sort,1.198791
kv32,1000000,13579,sparse8,0,ska_sort,10.363667
kv32,1000000,13579,sparse8,0,ska_sort_copy,7.44675
kv32,1000000,13579,sparse8,0,radixkit,6.033208
kv32,1000000,13579,sparse8,0,std_sort,23.058167
kv32,1000000,13579,sparse8,1,ska_sort_copy,7.979333
kv32,1000000,13579,sparse8,1,radixkit,5.861042
kv32,1000000,13579,sparse8,1,std_sort,23.272916
kv32,1000000,13579,sparse8,1,ska_sort,10.340834
kv32,1000000,13579,sparse8,2,radixkit,6.290625
kv32,1000000,13579,sparse8,2,std_sort,22.940333
kv32,1000000,13579,sparse8,2,ska_sort,10.790583
kv32,1000000,13579,sparse8,2,ska_sort_copy,7.247542
kv32,1000000,13579,sparse8,3,std_sort,23.413708
kv32,1000000,13579,sparse8,3,ska_sort,10.42775
kv32,1000000,13579,sparse8,3,ska_sort_copy,7.97475
kv32,1000000,13579,sparse8,3,radixkit,6.018791
kv32,1000000,13579,sparse8,4,ska_sort,10.423292
kv32,1000000,13579,sparse8,4,ska_sort_copy,7.386459
kv32,1000000,13579,sparse8,4,radixkit,6.300459
kv32,1000000,13579,sparse8,4,std_sort,23.129166
kv32,1000000,13579,sparse8,5,ska_sort_copy,7.302791
kv32,1000000,13579,sparse8,5,radixkit,6.414125
kv32,1000000,13579,sparse8,5,std_sort,23.215
kv32,1000000,13579,sparse8,5,ska_sort,10.418208
kv32,1000000,13579,sparse8,6,radixkit,6.079584
kv32,1000000,13579,sparse8,6,std_sort,23.004792
kv32,1000000,13579,sparse8,6,ska_sort,10.748042
kv32,1000000,13579,sparse8,6,ska_sort_copy,7.227375
kv32,1000000,13579,sparse8,7,std_sort,23.207375
kv32,1000000,13579,sparse8,7,ska_sort,10.506125
kv32,1000000,13579,sparse8,7,ska_sort_copy,7.274333
kv32,1000000,13579,sparse8,7,radixkit,6.129125
kv32,1000000,13579,sparse8,8,ska_sort,10.429083
kv32,1000000,13579,sparse8,8,ska_sort_copy,7.481458
kv32,1000000,13579,sparse8,8,radixkit,5.838375
kv32,1000000,13579,sparse8,8,std_sort,23.280834
kv32,1000000,13579,nearly_sorted,0,ska_sort,16.90025
kv32,1000000,13579,nearly_sorted,0,ska_sort_copy,14.286708
kv32,1000000,13579,nearly_sorted,0,radixkit,12.839042
kv32,1000000,13579,nearly_sorted,0,std_sort,2.336958
kv32,1000000,13579,nearly_sorted,1,ska_sort_copy,14.502917
kv32,1000000,13579,nearly_sorted,1,radixkit,12.977292
kv32,1000000,13579,nearly_sorted,1,std_sort,2.576958
kv32,1000000,13579,nearly_sorted,1,ska_sort,16.596125
kv32,1000000,13579,nearly_sorted,2,radixkit,12.7975
kv32,1000000,13579,nearly_sorted,2,std_sort,2.348
kv32,1000000,13579,nearly_sorted,2,ska_sort,16.596125
kv32,1000000,13579,nearly_sorted,2,ska_sort_copy,14.870542
kv32,1000000,13579,nearly_sorted,3,std_sort,2.368375
kv32,1000000,13579,nearly_sorted,3,ska_sort,16.824292
kv32,1000000,13579,nearly_sorted,3,ska_sort_copy,14.402458
kv32,1000000,13579,nearly_sorted,3,radixkit,13.135042
kv32,1000000,13579,nearly_sorted,4,ska_sort,16.823583
kv32,1000000,13579,nearly_sorted,4,ska_sort_copy,14.495917
kv32,1000000,13579,nearly_sorted,4,radixkit,12.992459
kv32,1000000,13579,nearly_sorted,4,std_sort,2.398708
kv32,1000000,13579,nearly_sorted,5,ska_sort_copy,14.45875
kv32,1000000,13579,nearly_sorted,5,radixkit,12.703208
kv32,1000000,13579,nearly_sorted,5,std_sort,2.724875
kv32,1000000,13579,nearly_sorted,5,ska_sort,16.891708
kv32,1000000,13579,nearly_sorted,6,radixkit,13.060541
kv32,1000000,13579,nearly_sorted,6,std_sort,2.51675
kv32,1000000,13579,nearly_sorted,6,ska_sort,16.596208
kv32,1000000,13579,nearly_sorted,6,ska_sort_copy,15.041333
kv32,1000000,13579,nearly_sorted,7,std_sort,2.405
kv32,1000000,13579,nearly_sorted,7,ska_sort,16.645542
kv32,1000000,13579,nearly_sorted,7,ska_sort_copy,14.498375
kv32,1000000,13579,nearly_sorted,7,radixkit,13.337042
kv32,1000000,13579,nearly_sorted,8,ska_sort,16.725084
kv32,1000000,13579,nearly_sorted,8,ska_sort_copy,14.920792
kv32,1000000,13579,nearly_sorted,8,radixkit,12.926959
kv32,1000000,13579,nearly_sorted,8,std_sort,2.367167
kv64,1000000,13579,uniform,0,ska_sort,13.430834
kv64,1000000,13579,uniform,0,ska_sort_copy,13.42675
kv64,1000000,13579,uniform,0,radixkit,11.856917
kv64,1000000,13579,uniform,0,std_sort,56.253916
kv64,1000000,13579,uniform,1,ska_sort_copy,13.270667
kv64,1000000,13579,uniform,1,radixkit,12.157875
kv64,1000000,13579,uniform,1,std_sort,55.678083
kv64,1000000,13579,uniform,1,ska_sort,13.797708
kv64,1000000,13579,uniform,2,radixkit,11.695584
kv64,1000000,13579,uniform,2,std_sort,55.908625
kv64,1000000,13579,uniform,2,ska_sort,13.61225
kv64,1000000,13579,uniform,2,ska_sort_copy,13.057209
kv64,1000000,13579,uniform,3,std_sort,55.773666
kv64,1000000,13579,uniform,3,ska_sort,12.968
kv64,1000000,13579,uniform,3,ska_sort_copy,13.298333
kv64,1000000,13579,uniform,3,radixkit,12.363875
kv64,1000000,13579,uniform,4,ska_sort,13.061875
kv64,1000000,13579,uniform,4,ska_sort_copy,13.430541
kv64,1000000,13579,uniform,4,radixkit,11.68225
kv64,1000000,13579,uniform,4,std_sort,55.755166
kv64,1000000,13579,uniform,5,ska_sort_copy,13.11625
kv64,1000000,13579,uniform,5,radixkit,12.183792
kv64,1000000,13579,uniform,5,std_sort,55.684667
kv64,1000000,13579,uniform,5,ska_sort,12.926666
kv64,1000000,13579,uniform,6,radixkit,12.475917
kv64,1000000,13579,uniform,6,std_sort,56.089708
kv64,1000000,13579,uniform,6,ska_sort,13.351958
kv64,1000000,13579,uniform,6,ska_sort_copy,13.490708
kv64,1000000,13579,uniform,7,std_sort,56.038
kv64,1000000,13579,uniform,7,ska_sort,13.515125
kv64,1000000,13579,uniform,7,ska_sort_copy,13.4085
kv64,1000000,13579,uniform,7,radixkit,12.529166
kv64,1000000,13579,uniform,8,ska_sort,13.697208
kv64,1000000,13579,uniform,8,ska_sort_copy,13.26425
kv64,1000000,13579,uniform,8,radixkit,12.663833
kv64,1000000,13579,uniform,8,std_sort,55.983375
kv64,1000000,13579,uniform16,0,ska_sort,18.11425
kv64,1000000,13579,uniform16,0,ska_sort_copy,18.273792
kv64,1000000,13579,uniform16,0,radixkit,5.71375
kv64,1000000,13579,uniform16,0,std_sort,50.036542
kv64,1000000,13579,uniform16,1,ska_sort_copy,18.669542
kv64,1000000,13579,uniform16,1,radixkit,5.198167
kv64,1000000,13579,uniform16,1,std_sort,49.948375
kv64,1000000,13579,uniform16,1,ska_sort,18.135542
kv64,1000000,13579,uniform16,2,radixkit,5.080334
kv64,1000000,13579,uniform16,2,std_sort,49.753084
kv64,1000000,13579,uniform16,2,ska_sort,18.086583
kv64,1000000,13579,uniform16,2,ska_sort_copy,18.446167
kv64,1000000,13579,uniform16,3,std_sort,49.778208
kv64,1000000,13579,uniform16,3,ska_sort,18.114541
kv64,1000000,13579,uniform16,3,ska_sort_copy,18.045166
kv64,1000000,13579,uniform16,3,radixkit,5.834125
kv64,1000000,13579,uniform16,4,ska_sort,18.17125
kv64,1000000,13579,uniform16,4,ska_sort_copy,18.346292
kv64,1000000,13579,uniform16,4,radixkit,5.847709
kv64,1000000,13579,uniform16,4,std_sort,49.620542
kv64,1000000,13579,uniform16,5,ska_sort_copy,18.006334
kv64,1000000,13579,uniform16,5,radixkit,5.533292
kv64,1000000,13579,uniform16,5,std_sort,49.397042
kv64,1000000,13579,uniform16,5,ska_sort,17.877666
kv64,1000000,13579,uniform16,6,radixkit,5.325125
kv64,1000000,13579,uniform16,6,std_sort,49.513833
kv64,1000000,13579,uniform16,6,ska_sort,18.443292
kv64,1000000,13579,uniform16,6,ska_sort_copy,18.03325
kv64,1000000,13579,uniform16,7,std_sort,49.620916
kv64,1000000,13579,uniform16,7,ska_sort,17.855959
kv64,1000000,13579,uniform16,7,ska_sort_copy,18.34375
kv64,1000000,13579,uniform16,7,radixkit,5.637292
kv64,1000000,13579,uniform16,8,ska_sort,18.483083
kv64,1000000,13579,uniform16,8,ska_sort_copy,18.023959
kv64,1000000,13579,uniform16,8,radixkit,5.249417
kv64,1000000,13579,uniform16,8,std_sort,49.517792
kv64,1000000,13579,zeros99,0,ska_sort,21.493291
kv64,1000000,13579,zeros99,0,ska_sort_copy,21.687667
kv64,1000000,13579,zeros99,0,radixkit,0.429625
kv64,1000000,13579,zeros99,0,std_sort,65.246125
kv64,1000000,13579,zeros99,1,ska_sort_copy,21.514375
kv64,1000000,13579,zeros99,1,radixkit,0.760209
kv64,1000000,13579,zeros99,1,std_sort,65.712542
kv64,1000000,13579,zeros99,1,ska_sort,21.727084
kv64,1000000,13579,zeros99,2,radixkit,0.45875
kv64,1000000,13579,zeros99,2,std_sort,65.101083
kv64,1000000,13579,zeros99,2,ska_sort,21.618667
kv64,1000000,13579,zeros99,2,ska_sort_copy,21.654708
kv64,1000000,13579,zeros99,3,std_sort,63.925792
kv64,1000000,13579,zeros99,3,ska_sort,21.846791
kv64,1000000,13579,zeros99,3,ska_sort_copy,21.763334
kv64,1000000,13579,zeros99,3,radixkit,0.427292
kv64,1000000,13579,zeros99,4,ska_sort,21.694458
kv64,1000000,13579,zeros99,4,ska_sort_copy,21.701042
kv64,1000000,13579,zeros99,4,radixkit,0.464792
kv64,1000000,13579,zeros99,4,std_sort,63.826709
kv64,1000000,13579,zeros99,5,ska_sort_copy,21.955625
kv64,1000000,13579,zeros99,5,radixkit,0.411875
kv64,1000000,13579,zeros99,5,std_sort,65.184542
kv64,1000000,13579,zeros99,5,ska_sort,21.637375
kv64,1000000,13579,zeros99,6,radixkit,0.513708
kv64,1000000,13579,zeros99,6,std_sort,63.751291
kv64,1000000,13579,zeros99,6,ska_sort,21.824166
kv64,1000000,13579,zeros99,6,ska_sort_copy,21.77975
kv64,1000000,13579,zeros99,7,std_sort,64.116292
kv64,1000000,13579,zeros99,7,ska_sort,21.615791
kv64,1000000,13579,zeros99,7,ska_sort_copy,21.835584
kv64,1000000,13579,zeros99,7,radixkit,0.457583
kv64,1000000,13579,zeros99,8,ska_sort,21.871541
kv64,1000000,13579,zeros99,8,ska_sort_copy,21.551792
kv64,1000000,13579,zeros99,8,radixkit,0.529
kv64,1000000,13579,zeros99,8,std_sort,64.430375
kv64,1000000,13579,equal,0,ska_sort,17.194792
kv64,1000000,13579,equal,0,ska_sort_copy,17.122416
kv64,1000000,13579,equal,0,radixkit,0.298875
kv64,1000000,13579,equal,0,std_sort,1.404334
kv64,1000000,13579,equal,1,ska_sort_copy,17.103875
kv64,1000000,13579,equal,1,radixkit,0.37825
kv64,1000000,13579,equal,1,std_sort,0.999667
kv64,1000000,13579,equal,1,ska_sort,17.330333
kv64,1000000,13579,equal,2,radixkit,0.293958
kv64,1000000,13579,equal,2,std_sort,1.059958
kv64,1000000,13579,equal,2,ska_sort,17.106916
kv64,1000000,13579,equal,2,ska_sort_copy,17.336625
kv64,1000000,13579,equal,3,std_sort,0.986959
kv64,1000000,13579,equal,3,ska_sort,17.305833
kv64,1000000,13579,equal,3,ska_sort_copy,17.147916
kv64,1000000,13579,equal,3,radixkit,0.635292
kv64,1000000,13579,equal,4,ska_sort,17.299958
kv64,1000000,13579,equal,4,ska_sort_copy,17.150125
kv64,1000000,13579,equal,4,radixkit,0.476458
kv64,1000000,13579,equal,4,std_sort,1.104875
kv64,1000000,13579,equal,5,ska_sort_copy,17.124333
kv64,1000000,13579,equal,5,radixkit,0.290542
kv64,1000000,13579,equal,5,std_sort,1.14575
kv64,1000000,13579,equal,5,ska_sort,17.161916
kv64,1000000,13579,equal,6,radixkit,0.725084
kv64,1000000,13579,equal,6,std_sort,0.990917
kv64,1000000,13579,equal,6,ska_sort,17.0815
kv64,1000000,13579,equal,6,ska_sort_copy,17.319875
kv64,1000000,13579,equal,7,std_sort,1.237166
kv64,1000000,13579,equal,7,ska_sort,17.098041
kv64,1000000,13579,equal,7,ska_sort_copy,17.276458
kv64,1000000,13579,equal,7,radixkit,0.292291
kv64,1000000,13579,equal,8,ska_sort,17.306125
kv64,1000000,13579,equal,8,ska_sort_copy,17.127917
kv64,1000000,13579,equal,8,radixkit,0.347666
kv64,1000000,13579,equal,8,std_sort,1.03275
kv64,1000000,13579,ascending,0,ska_sort,22.476959
kv64,1000000,13579,ascending,0,ska_sort_copy,22.562333
kv64,1000000,13579,ascending,0,radixkit,0.678834
kv64,1000000,13579,ascending,0,std_sort,1.017792
kv64,1000000,13579,ascending,1,ska_sort_copy,22.545917
kv64,1000000,13579,ascending,1,radixkit,0.616292
kv64,1000000,13579,ascending,1,std_sort,1.084583
kv64,1000000,13579,ascending,1,ska_sort,22.456375
kv64,1000000,13579,ascending,2,radixkit,0.66675
kv64,1000000,13579,ascending,2,std_sort,1.074083
kv64,1000000,13579,ascending,2,ska_sort,22.648291
kv64,1000000,13579,ascending,2,ska_sort_copy,24.045875
kv64,1000000,13579,ascending,3,std_sort,1.384666
kv64,1000000,13579,ascending,3,ska_sort,23.30325
kv64,1000000,13579,ascending,3,ska_sort_copy,22.705334
kv64,1000000,13579,ascending,3,radixkit,0.647292
kv64,1000000,13579,ascending,4,ska_sort,22.387209
kv64,1000000,13579,ascending,4,ska_sort_copy,22.648292
kv64,1000000,13579,ascending,4,radixkit,0.619875
kv64,1000000,13579,ascending,4,std_sort,1.437125
kv64,1000000,13579,ascending,5,ska_sort_copy,22.669375
kv64,1000000,13579,ascending,5,radixkit,0.624417
kv64,1000000,13579,ascending,5,std_sort,1.036292
kv64,1000000,13579,ascending,5,ska_sort,22.503625
kv64,1000000,13579,ascending,6,radixkit,0.670708
kv64,1000000,13579,ascending,6,std_sort,1.02725
kv64,1000000,13579,ascending,6,ska_sort,22.490125
kv64,1000000,13579,ascending,6,ska_sort_copy,22.866667
kv64,1000000,13579,ascending,7,std_sort,1.080792
kv64,1000000,13579,ascending,7,ska_sort,22.730958
kv64,1000000,13579,ascending,7,ska_sort_copy,22.5615
kv64,1000000,13579,ascending,7,radixkit,0.625959
kv64,1000000,13579,ascending,8,ska_sort,22.507583
kv64,1000000,13579,ascending,8,ska_sort_copy,22.618041
kv64,1000000,13579,ascending,8,radixkit,0.617291
kv64,1000000,13579,ascending,8,std_sort,1.070916
kv64,1000000,13579,descending,0,ska_sort,24.10475
kv64,1000000,13579,descending,0,ska_sort_copy,24.818667
kv64,1000000,13579,descending,0,radixkit,0.985834
kv64,1000000,13579,descending,0,std_sort,1.466
kv64,1000000,13579,descending,1,ska_sort_copy,24.17475
kv64,1000000,13579,descending,1,radixkit,0.982917
kv64,1000000,13579,descending,1,std_sort,1.767791
kv64,1000000,13579,descending,1,ska_sort,24.152
kv64,1000000,13579,descending,2,radixkit,1.06075
kv64,1000000,13579,descending,2,std_sort,1.45825
kv64,1000000,13579,descending,2,ska_sort,24.359667
kv64,1000000,13579,descending,2,ska_sort_copy,24.232917
kv64,1000000,13579,descending,3,std_sort,1.533584
kv64,1000000,13579,descending,3,ska_sort,24.314167
kv64,1000000,13579,descending,3,ska_sort_copy,24.380375
kv64,1000000,13579,descending,3,radixkit,1.021209
kv64,1000000,13579,descending,4,ska_sort,24.421667
kv64,1000000,13579,descending,4,ska_sort_copy,24.208125
kv64,1000000,13579,descending,4,radixkit,1.266959
kv64,1000000,13579,descending,4,std_sort,1.514875
kv64,1000000,13579,descending,5,ska_sort_copy,24.386791
kv64,1000000,13579,descending,5,radixkit,0.977834
kv64,1000000,13579,descending,5,std_sort,1.804292
kv64,1000000,13579,descending,5,ska_sort,24.40975
kv64,1000000,13579,descending,6,radixkit,1.162708
kv64,1000000,13579,descending,6,std_sort,1.468417
kv64,1000000,13579,descending,6,ska_sort,24.276083
kv64,1000000,13579,descending,6,ska_sort_copy,24.467583
kv64,1000000,13579,descending,7,std_sort,1.537583
kv64,1000000,13579,descending,7,ska_sort,24.323333
kv64,1000000,13579,descending,7,ska_sort_copy,24.15125
kv64,1000000,13579,descending,7,radixkit,1.10575
kv64,1000000,13579,descending,8,ska_sort,24.176167
kv64,1000000,13579,descending,8,ska_sort_copy,24.361042
kv64,1000000,13579,descending,8,radixkit,1.080333
kv64,1000000,13579,descending,8,std_sort,1.620625
kv64,1000000,13579,sparse8,0,ska_sort,31.539458
kv64,1000000,13579,sparse8,0,ska_sort_copy,31.709459
kv64,1000000,13579,sparse8,0,radixkit,13.291625
kv64,1000000,13579,sparse8,0,std_sort,23.456083
kv64,1000000,13579,sparse8,1,ska_sort_copy,31.723125
kv64,1000000,13579,sparse8,1,radixkit,13.647833
kv64,1000000,13579,sparse8,1,std_sort,23.419041
kv64,1000000,13579,sparse8,1,ska_sort,32.276209
kv64,1000000,13579,sparse8,2,radixkit,14.106791
kv64,1000000,13579,sparse8,2,std_sort,23.73
kv64,1000000,13579,sparse8,2,ska_sort,34.517834
kv64,1000000,13579,sparse8,2,ska_sort_copy,32.948167
kv64,1000000,13579,sparse8,3,std_sort,23.25225
kv64,1000000,13579,sparse8,3,ska_sort,31.394625
kv64,1000000,13579,sparse8,3,ska_sort_copy,31.452208
kv64,1000000,13579,sparse8,3,radixkit,13.60275
kv64,1000000,13579,sparse8,4,ska_sort,31.159709
kv64,1000000,13579,sparse8,4,ska_sort_copy,31.440416
kv64,1000000,13579,sparse8,4,radixkit,13.146458
kv64,1000000,13579,sparse8,4,std_sort,22.950375
kv64,1000000,13579,sparse8,5,ska_sort_copy,31.282083
kv64,1000000,13579,sparse8,5,radixkit,13.426042
kv64,1000000,13579,sparse8,5,std_sort,22.986708
kv64,1000000,13579,sparse8,5,ska_sort,31.4685
kv64,1000000,13579,sparse8,6,radixkit,13.503875
kv64,1000000,13579,sparse8,6,std_sort,23.374292
kv64,1000000,13579,sparse8,6,ska_sort,31.39175
kv64,1000000,13579,sparse8,6,ska_sort_copy,31.437333
kv64,1000000,13579,sparse8,7,std_sort,23.171417
kv64,1000000,13579,sparse8,7,ska_sort,31.735625
kv64,1000000,13579,sparse8,7,ska_sort_copy,31.469333
kv64,1000000,13579,sparse8,7,radixkit,13.662542
kv64,1000000,13579,sparse8,8,ska_sort,31.381083
kv64,1000000,13579,sparse8,8,ska_sort_copy,31.548625
kv64,1000000,13579,sparse8,8,radixkit,13.566917
kv64,1000000,13579,sparse8,8,std_sort,23.183125
kv64,1000000,13579,nearly_sorted,0,ska_sort,25.513958
kv64,1000000,13579,nearly_sorted,0,ska_sort_copy,25.402667
kv64,1000000,13579,nearly_sorted,0,radixkit,9.878417
kv64,1000000,13579,nearly_sorted,0,std_sort,2.678584
kv64,1000000,13579,nearly_sorted,1,ska_sort_copy,25.361417
kv64,1000000,13579,nearly_sorted,1,radixkit,10.407583
kv64,1000000,13579,nearly_sorted,1,std_sort,2.6995
kv64,1000000,13579,nearly_sorted,1,ska_sort,25.490333
kv64,1000000,13579,nearly_sorted,2,radixkit,10.385084
kv64,1000000,13579,nearly_sorted,2,std_sort,2.825083
kv64,1000000,13579,nearly_sorted,2,ska_sort,25.674041
kv64,1000000,13579,nearly_sorted,2,ska_sort_copy,25.34025
kv64,1000000,13579,nearly_sorted,3,std_sort,2.995375
kv64,1000000,13579,nearly_sorted,3,ska_sort,25.661584
kv64,1000000,13579,nearly_sorted,3,ska_sort_copy,25.579833
kv64,1000000,13579,nearly_sorted,3,radixkit,9.87925
kv64,1000000,13579,nearly_sorted,4,ska_sort,25.442833
kv64,1000000,13579,nearly_sorted,4,ska_sort_copy,25.53025
kv64,1000000,13579,nearly_sorted,4,radixkit,10.236292
kv64,1000000,13579,nearly_sorted,4,std_sort,2.807083
kv64,1000000,13579,nearly_sorted,5,ska_sort_copy,25.410209
kv64,1000000,13579,nearly_sorted,5,radixkit,10.394792
kv64,1000000,13579,nearly_sorted,5,std_sort,2.715959
kv64,1000000,13579,nearly_sorted,5,ska_sort,25.5145
kv64,1000000,13579,nearly_sorted,6,radixkit,10.254375
kv64,1000000,13579,nearly_sorted,6,std_sort,2.672458
kv64,1000000,13579,nearly_sorted,6,ska_sort,25.609417
kv64,1000000,13579,nearly_sorted,6,ska_sort_copy,25.346833
kv64,1000000,13579,nearly_sorted,7,std_sort,3.01625
kv64,1000000,13579,nearly_sorted,7,ska_sort,25.104375
kv64,1000000,13579,nearly_sorted,7,ska_sort_copy,25.402917
kv64,1000000,13579,nearly_sorted,7,radixkit,10.375333
kv64,1000000,13579,nearly_sorted,8,ska_sort,25.46075
kv64,1000000,13579,nearly_sorted,8,ska_sort_copy,25.401459
kv64,1000000,13579,nearly_sorted,8,radixkit,9.892792
kv64,1000000,13579,nearly_sorted,8,std_sort,3.388833
u32,1000000,24680,uniform,0,ska_sort,12.073959
u32,1000000,24680,uniform,0,ska_sort_copy,4.732459
u32,1000000,24680,uniform,0,radixkit,2.645083
u32,1000000,24680,uniform,0,adaptive,2.727833
u32,1000000,24680,uniform,0,std_sort,20.639166
u32,1000000,24680,uniform,1,ska_sort_copy,4.446417
u32,1000000,24680,uniform,1,radixkit,2.5675
u32,1000000,24680,uniform,1,adaptive,2.640625
u32,1000000,24680,uniform,1,std_sort,20.8345
u32,1000000,24680,uniform,1,ska_sort,12.197792
u32,1000000,24680,uniform,2,radixkit,2.7355
u32,1000000,24680,uniform,2,adaptive,2.571083
u32,1000000,24680,uniform,2,std_sort,20.837292
u32,1000000,24680,uniform,2,ska_sort,12.091833
u32,1000000,24680,uniform,2,ska_sort_copy,4.324833
u32,1000000,24680,uniform,3,adaptive,2.520583
u32,1000000,24680,uniform,3,std_sort,20.798292
u32,1000000,24680,uniform,3,ska_sort,12.166458
u32,1000000,24680,uniform,3,ska_sort_copy,4.281084
u32,1000000,24680,uniform,3,radixkit,2.535
u32,1000000,24680,uniform,4,std_sort,20.794584
u32,1000000,24680,uniform,4,ska_sort,12.389333
u32,1000000,24680,uniform,4,ska_sort_copy,4.283375
u32,1000000,24680,uniform,4,radixkit,2.535917
u32,1000000,24680,uniform,4,adaptive,2.848291
u32,1000000,24680,uniform,5,ska_sort,12.349792
u32,1000000,24680,uniform,5,ska_sort_copy,4.339125
u32,1000000,24680,uniform,5,radixkit,2.592458
u32,1000000,24680,uniform,5,adaptive,2.772208
u32,1000000,24680,uniform,5,std_sort,20.827916
u32,1000000,24680,uniform,6,ska_sort_copy,4.212166
u32,1000000,24680,uniform,6,radixkit,2.676584
u32,1000000,24680,uniform,6,adaptive,2.589417
u32,1000000,24680,uniform,6,std_sort,20.6125
u32,1000000,24680,uniform,6,ska_sort,12.114208
u32,1000000,24680,uniform,7,radixkit,3.21875
u32,1000000,24680,uniform,7,adaptive,2.593375
u32,1000000,24680,uniform,7,std_sort,20.956542
u32,1000000,24680,uniform,7,ska_sort,12.541959
u32,1000000,24680,uniform,7,ska_sort_copy,4.444458
u32,1000000,24680,uniform,8,adaptive,2.776709
u32,1000000,24680,uniform,8,std_sort,50.443792
u32,1000000,24680,uniform,8,ska_sort,37.322583
u32,1000000,24680,uniform,8,ska_sort_copy,9.640208
u32,1000000,24680,uniform,8,radixkit,3.233667
u32,1000000,24680,uniform16,0,ska_sort,8.614333
u32,1000000,24680,uniform16,0,ska_sort_copy,8.191958
u32,1000000,24680,uniform16,0,radixkit,1.91825
u32,1000000,24680,uniform16,0,adaptive,2.042125
u32,1000000,24680,uniform16,0,std_sort,18.127208
u32,1000000,24680,uniform16,1,ska_sort_copy,8.178833
u32,1000000,24680,uniform16,1,radixkit,1.94325
u32,1000000,24680,uniform16,1,adaptive,1.940416
u32,1000000,24680,uniform16,1,std_sort,18.124167
u32,1000000,24680,uniform16,1,ska_sort,8.58625
u32,1000000,24680,uniform16,2,radixkit,2.042333
u32,1000000,24680,uniform16,2,adaptive,1.950208
u32,1000000,24680,uniform16,2,std_sort,18.025791
u32,1000000,24680,uniform16,2,ska_sort,8.721416
u32,1000000,24680,uniform16,2,ska_sort_copy,8.494208
u32,1000000,24680,uniform16,3,adaptive,2.145875
u32,1000000,24680,uniform16,3,std_sort,18.5485
u32,1000000,24680,uniform16,3,ska_sort,8.528667
u32,1000000,24680,uniform16,3,ska_sort_copy,8.2155
u32,1000000,24680,uniform16,3,radixkit,2.155625
u32,1000000,24680,uniform16,4,std_sort,17.976834
u32,1000000,24680,uniform16,4,ska_sort,8.74875
u32,1000000,24680,uniform16,4,ska_sort_copy,8.227791
u32,1000000,24680,uniform16,4,radixkit,1.9375
u32,1000000,24680,uniform16,4,adaptive,2.2335
u32,1000000,24680,uniform16,5,ska_sort,8.644625
u32,1000000,24680,uniform16,5,ska_sort_copy,8.369875
u32,1000000,24680,uniform16,5,radixkit,1.958958
u32,1000000,24680,uniform16,5,adaptive,1.936625
u32,1000000,24680,uniform16,5,std_sort,18.093125
u32,1000000,24680,uniform16,6,ska_sort_copy,8.258667
u32,1000000,24680,uniform16,6,radixkit,1.997166
u32,1000000,24680,uniform16,6,adaptive,1.881292
u32,1000000,24680,uniform16,6,std_sort,18.230709
u32,1000000,24680,uniform16,6,ska_sort,8.593167
u32,1000000,24680,uniform16,7,radixkit,2.08375
u32,1000000,24680,uniform16,7,adaptive,1.919459
u32,1000000,24680,uniform16,7,std_sort,18.058541
u32,1000000,24680,uniform16,7,ska_sort,8.488625
u32,1000000,24680,uniform16,7,ska_sort_copy,8.183292
u32,1000000,24680,uniform16,8,adaptive,2.197917
u32,1000000,24680,uniform16,8,std_sort,18.114417
u32,1000000,24680,uniform16,8,ska_sort,8.515291
u32,1000000,24680,uniform16,8,ska_sort_copy,8.300458
u32,1000000,24680,uniform16,8,radixkit,1.94625
u32,1000000,24680,zeros99,0,ska_sort,12.921458
u32,1000000,24680,zeros99,0,ska_sort_copy,11.199833
u32,1000000,24680,zeros99,0,radixkit,2.8125
u32,1000000,24680,zeros99,0,adaptive,0.3575
u32,1000000,24680,zeros99,0,std_sort,0.864209
u32,1000000,24680,zeros99,1,ska_sort_copy,11.182917
u32,1000000,24680,zeros99,1,radixkit,2.793584
u32,1000000,24680,zeros99,1,adaptive,0.355291
u32,1000000,24680,zeros99,1,std_sort,0.860917
u32,1000000,24680,zeros99,1,ska_sort,13.026083
u32,1000000,24680,zeros99,2,radixkit,2.709125
u32,1000000,24680,zeros99,2,adaptive,0.355166
u32,1000000,24680,zeros99,2,std_sort,0.859334
u32,1000000,24680,zeros99,2,ska_sort,13.09775
u32,1000000,24680,zeros99,2,ska_sort_copy,11.266208
u32,1000000,24680,zeros99,3,adaptive,0.364667
u32,1000000,24680,zeros99,3,std_sort,0.91425
u32,1000000,24680,zeros99,3,ska_sort,12.892959
u32,1000000,24680,zeros99,3,ska_sort_copy,11.348167
u32,1000000,24680,zeros99,3,radixkit,2.87325
u32,1000000,24680,zeros99,4,std_sort,0.862458
u32,1000000,24680,zeros99,4,ska_sort,12.932833
u32,1000000,24680,zeros99,4,ska_sort_copy,11.040208
u32,1000000,24680,zeros99,4,radixkit,2.85125
u32,1000000,24680,zeros99,4,adaptive,0.380542
u32,1000000,24680,zeros99,5,ska_sort,12.67475
u32,1000000,24680,zeros99,5,ska_sort_copy,11.310084
u32,1000000,24680,zeros99,5,radixkit,2.718291
u32,1000000,24680,zeros99,5,adaptive,0.35325
u32,1000000,24680,zeros99,5,std_sort,0.870208
u32,1000000,24680,zeros99,6,ska_sort_copy,11.3735
u32,1000000,24680,zeros99,6,radixkit,2.703625
u32,1000000,24680,zeros99,6,adaptive,0.364875
u32,1000000,24680,zeros99,6,std_sort,0.893916
u32,1000000,24680,zeros99,6,ska_sort,13.012416
u32,1000000,24680,zeros99,7,radixkit,2.817042
u32,1000000,24680,zeros99,7,adaptive,0.373
u32,1000000,24680,zeros99,7,std_sort,1.082084
u32,1000000,24680,zeros99,7,ska_sort,12.717375
u32,1000000,24680,zeros99,7,ska_sort_copy,11.357583
u32,1000000,24680,zeros99,8,adaptive,0.373166
u32,1000000,24680,zeros99,8,std_sort,0.863709
u32,1000000,24680,zeros99,8,ska_sort,13.047333
u32,1000000,24680,zeros99,8,ska_sort_copy,11.199667
u32,1000000,24680,zeros99,8,radixkit,2.7725
u32,1000000,24680,equal,0,ska_sort,8.545792
u32,1000000,24680,equal,0,ska_sort_copy,11.160625
u32,1000000,24680,equal,0,radixkit,1.205708
u32,1000000,24680,equal,0,adaptive,0.053208
u32,1000000,24680,equal,0,std_sort,1.260083
u32,1000000,24680,equal,1,ska_sort_copy,11.147917
u32,1000000,24680,equal,1,radixkit,1.186625
u32,1000000,24680,equal,1,adaptive,0.074292
u32,1000000,24680,equal,1,std_sort,1.26775
u32,1000000,24680,equal,1,ska_sort,8.7715
u32,1000000,24680,equal,2,radixkit,1.14725
u32,1000000,24680,equal,2,adaptive,0.052708
u32,1000000,24680,equal,2,std_sort,1.302958
u32,1000000,24680,equal,2,ska_sort,8.5695
u32,1000000,24680,equal,2,ska_sort_copy,11.293542
u32,1000000,24680,equal,3,adaptive,0.050458
u32,1000000,24680,equal,3,std_sort,1.268542
u32,1000000,24680,equal,3,ska_sort,8.726917
u32,1000000,24680,equal,3,ska_sort_copy,11.199042
u32,1000000,24680,equal,3,radixkit,1.168125
u32,1000000,24680,equal,4,std_sort,1.256208
u32,1000000,24680,equal,4,ska_sort,8.531084
u32,1000000,24680,equal,4,ska_sort_copy,11.173917
u32,1000000,24680,equal,4,radixkit,1.193042
u32,1000000,24680,equal,4,adaptive,0.05475
u32,1000000,24680,equal,5,ska_sort,8.797625
u32,1000000,24680,equal,5,ska_sort_copy,10.948625
u32,1000000,24680,equal,5,radixkit,1.182041
u32,1000000,24680,equal,5,adaptive,0.056417
u32,1000000,24680,equal,5,std_sort,1.503834
u32,1000000,24680,equal,6,ska_sort_copy,10.963875
u32,1000000,24680,equal,6,radixkit,1.150292
u32,1000000,24680,equal,6,adaptive,0.050542
u32,1000000,24680,equal,6,std_sort,1.359709
u32,1000000,24680,equal,6,ska_sort,8.58975
u32,1000000,24680,equal,7,radixkit,1.16675
u32,1000000,24680,equal,7,adaptive,0.052875
u32,1000000,24680,equal,7,std_sort,1.255459
u32,1000000,24680,equal,7,ska_sort,8.6965
u32,1000000,24680,equal,7,ska_sort_copy,11.117666
u32,1000000,24680,equal,8,adaptive,0.064583
u32,1000000,24680,equal,8,std_sort,1.275416
u32,1000000,24680,equal,8,ska_sort,8.5365
u32,1000000,24680,equal,8,ska_sort_copy,11.20225
u32,1000000,24680,equal,8,radixkit,1.203916
u32,1000000,24680,ascending,0,ska_sort,13.625667
u32,1000000,24680,ascending,0,ska_sort_copy,12.276583
u32,1000000,24680,ascending,0,radixkit,6.591125
u32,1000000,24680,ascending,0,adaptive,0.314833
u32,1000000,24680,ascending,0,std_sort,0.946042
u32,1000000,24680,ascending,1,ska_sort_copy,12.833292
u32,1000000,24680,ascending,1,radixkit,6.39075
u32,1000000,24680,ascending,1,adaptive,0.361334
u32,1000000,24680,ascending,1,std_sort,0.965459
u32,1000000,24680,ascending,1,ska_sort,13.797209
u32,1000000,24680,ascending,2,radixkit,6.44725
u32,1000000,24680,ascending,2,adaptive,0.352458
u32,1000000,24680,ascending,2,std_sort,1.090542
u32,1000000,24680,ascending,2,ska_sort,13.626541
u32,1000000,24680,ascending,2,ska_sort_copy,13.019792
u32,1000000,24680,ascending,3,adaptive,0.314917
u32,1000000,24680,ascending,3,std_sort,0.939083
u32,1000000,24680,ascending,3,ska_sort,13.9295
u32,1000000,24680,ascending,3,ska_sort_copy,12.660666
u32,1000000,24680,ascending,3,radixkit,6.416958
u32,1000000,24680,ascending,4,std_sort,0.976042
u32,1000000,24680,ascending,4,ska_sort,13.701792
u32,1000000,24680,ascending,4,ska_sort_copy,12.606208
u32,1000000,24680,ascending,4,radixkit,6.334375
u32,1000000,24680,ascending,4,adaptive,0.3525
u32,1000000,24680,ascending,5,ska_sort,13.5995
u32,1000000,24680,ascending,5,ska_sort_copy,12.849209
u32,1000000,24680,ascending,5,radixkit,6.588625
u32,1000000,24680,ascending,5,adaptive,0.318417
u32,1000000,24680,ascending,5,std_sort,0.941959
u32,1000000,24680,ascending,6,ska_sort_copy,12.559917
u32,1000000,24680,ascending,6,radixkit,6.285917
u32,1000000,24680,ascending,6,adaptive,0.326291
u32,1000000,24680,ascending,6,std_sort,0.985542
u32,1000000,24680,ascending,6,ska_sort,13.635917
u32,1000000,24680,ascending,7,radixkit,6.396542
u32,1000000,24680,ascending,7,adaptive,0.3155
u32,1000000,24680,ascending,7,std_sort,1.000791
u32,1000000,24680,ascending,7,ska_sort,13.809917
u32,1000000,24680,ascending,7,ska_sort_copy,13.030125
u32,1000000,24680,ascending,8,adaptive,0.321542
u32,1000000,24680,ascending,8,std_sort,0.938959
u32,1000000,24680,ascending,8,ska_sort,13.759917
u32,1000000,24680,ascending,8,ska_sort_copy,12.577625
u32,1000000,24680,ascending,8,radixkit,6.40075
u32,1000000,24680,descending,0,ska_sort,14.837208
u32,1000000,24680,descending,0,ska_sort_copy,12.729583
u32,1000000,24680,descending,0,radixkit,6.311375
u32,1000000,24680,descending,0,adaptive,0.522208
u32,1000000,24680,descending,0,std_sort,1.626791
u32,1000000,24680,descending,1,ska_sort_copy,12.483834
u32,1000000,24680,descending,1,radixkit,6.37725
u32,1000000,24680,descending,1,adaptive,0.566125
u32,1000000,24680,descending,1,std_sort,1.692166
u32,1000000,24680,descending,1,ska_sort,14.742542
u32,1000000,24680,descending,2,radixkit,6.430542
u32,1000000,24680,descending,2,adaptive,0.556916
u32,1000000,24680,descending,2,std_sort,1.650959
u32,1000000,24680,descending,2,ska_sort,14.890833
u32,1000000,24680,descending,2,ska_sort_copy,12.266625
u32,1000000,24680,descending,3,adaptive,0.541417
u32,1000000,24680,descending,3,std_sort,1.706
u32,1000000,24680,descending,3,ska_sort,14.815
u32,1000000,24680,descending,3,ska_sort_copy,12.766542
u32,1000000,24680,descending,3,radixkit,6.400125
u32,1000000,24680,descending,4,std_sort,1.640292
u32,1000000,24680,descending,4,ska_sort,14.799125
u32,1000000,24680,descending,4,ska_sort_copy,12.988417
u32,1000000,24680,descending,4,radixkit,6.307167
u32,1000000,24680,descending,4,adaptive,0.557709
u32,1000000,24680,descending,5,ska_sort,14.730333
u32,1000000,24680,descending,5,ska_sort_copy,12.71525
u32,1000000,24680,descending,5,radixkit,6.5235
u32,1000000,24680,descending,5,adaptive,0.537667
u32,1000000,24680,descending,5,std_sort,1.626167
u32,1000000,24680,descending,6,ska_sort_copy,12.263875
u32,1000000,24680,descending,6,radixkit,6.283208
u32,1000000,24680,descending,6,adaptive,0.533334
u32,1000000,24680,descending,6,std_sort,1.688584
u32,1000000,24680,descending,6,ska_sort,14.833625
u32,1000000,24680,descending,7,radixkit,6.351125
u32,1000000,24680,descending,7,adaptive,0.551375
u32,1000000,24680,descending,7,std_sort,1.654958
u32,1000000,24680,descending,7,ska_sort,14.828125
u32,1000000,24680,descending,7,ska_sort_copy,12.331375
u32,1000000,24680,descending,8,adaptive,0.516833
u32,1000000,24680,descending,8,std_sort,1.748291
u32,1000000,24680,descending,8,ska_sort,14.64425
u32,1000000,24680,descending,8,ska_sort_copy,12.650458
u32,1000000,24680,descending,8,radixkit,6.596083
u32,1000000,24680,sparse8,0,ska_sort,9.595292
u32,1000000,24680,sparse8,0,ska_sort_copy,6.532625
u32,1000000,24680,sparse8,0,radixkit,3.264833
u32,1000000,24680,sparse8,0,adaptive,1.27925
u32,1000000,24680,sparse8,0,std_sort,8.023459
u32,1000000,24680,sparse8,1,ska_sort_copy,6.544125
u32,1000000,24680,sparse8,1,radixkit,3.299625
u32,1000000,24680,sparse8,1,adaptive,1.0095
u32,1000000,24680,sparse8,1,std_sort,7.991541
u32,1000000,24680,sparse8,1,ska_sort,9.781083
u32,1000000,24680,sparse8,2,radixkit,3.329375
u32,1000000,24680,sparse8,2,adaptive,0.99825
u32,1000000,24680,sparse8,2,std_sort,8.089459
u32,1000000,24680,sparse8,2,ska_sort,9.61425
u32,1000000,24680,sparse8,2,ska_sort_copy,6.506208
u32,1000000,24680,sparse8,3,adaptive,1.0015
u32,1000000,24680,sparse8,3,std_sort,7.948125
u32,1000000,24680,sparse8,3,ska_sort,9.773791
u32,1000000,24680,sparse8,3,ska_sort_copy,6.440708
u32,1000000,24680,sparse8,3,radixkit,3.398334
u32,1000000,24680,sparse8,4,std_sort,7.963375
u32,1000000,24680,sparse8,4,ska_sort,9.790167
u32,1000000,24680,sparse8,4,ska_sort_copy,6.490375
u32,1000000,24680,sparse8,4,radixkit,3.203833
u32,1000000,24680,sparse8,4,adaptive,1.029209
u32,1000000,24680,sparse8,5,ska_sort,9.741625
u32,1000000,24680,sparse8,5,ska_sort_copy,6.4425
u32,1000000,24680,sparse8,5,radixkit,3.375667
u32,1000000,24680,sparse8,5,adaptive,1.000334
u32,1000000,24680,sparse8,5,std_sort,7.973584
u32,1000000,24680,sparse8,6,ska_sort_copy,6.777875
u32,1000000,24680,sparse8,6,radixkit,3.244583
u32,1000000,24680,sparse8,6,adaptive,1.078666
u32,1000000,24680,sparse8,6,std_sort,7.935083
u32,1000000,24680,sparse8,6,ska_sort,9.566125
u32,1000000,24680,sparse8,7,radixkit,3.195917
u32,1000000,24680,sparse8,7,adaptive,1.051625
u32,1000000,24680,sparse8,7,std_sort,8.5995
u32,1000000,24680,sparse8,7,ska_sort,9.633917
u32,1000000,24680,sparse8,7,ska_sort_copy,6.480209
u32,1000000,24680,sparse8,8,adaptive,1.02725
u32,1000000,24680,sparse8,8,std_sort,8.082125
u32,1000000,24680,sparse8,8,ska_sort,9.598291
u32,1000000,24680,sparse8,8,ska_sort_copy,6.698042
u32,1000000,24680,sparse8,8,radixkit,3.216625
u32,1000000,24680,nearly_sorted,0,ska_sort,16.353
u32,1000000,24680,nearly_sorted,0,ska_sort_copy,12.529333
u32,1000000,24680,nearly_sorted,0,radixkit,6.506875
u32,1000000,24680,nearly_sorted,0,adaptive,6.559667
u32,1000000,24680,nearly_sorted,0,std_sort,2.799042
u32,1000000,24680,nearly_sorted,1,ska_sort_copy,12.605583
u32,1000000,24680,nearly_sorted,1,radixkit,6.397
u32,1000000,24680,nearly_sorted,1,adaptive,6.460709
u32,1000000,24680,nearly_sorted,1,std_sort,2.742208
u32,1000000,24680,nearly_sorted,1,ska_sort,16.366375
u32,1000000,24680,nearly_sorted,2,radixkit,6.496
u32,1000000,24680,nearly_sorted,2,adaptive,6.672583
u32,1000000,24680,nearly_sorted,2,std_sort,2.737875
u32,1000000,24680,nearly_sorted,2,ska_sort,16.294
u32,1000000,24680,nearly_sorted,2,ska_sort_copy,12.597708
u32,1000000,24680,nearly_sorted,3,adaptive,6.291917
u32,1000000,24680,nearly_sorted,3,std_sort,2.791542
u32,1000000,24680,nearly_sorted,3,ska_sort,16.39375
u32,1000000,24680,nearly_sorted,3,ska_sort_copy,12.2355
u32,1000000,24680,nearly_sorted,3,radixkit,6.373541
u32,1000000,24680,nearly_sorted,4,std_sort,3.129209
u32,1000000,24680,nearly_sorted,4,ska_sort,16.390584
u32,1000000,24680,nearly_sorted,4,ska_sort_copy,12.31
u32,1000000,24680,nearly_sorted,4,radixkit,6.685666
u32,1000000,24680,nearly_sorted,4,adaptive,6.462166
u32,1000000,24680,nearly_sorted,5,ska_sort,16.503583
u32,1000000,24680,nearly_sorted,5,ska_sort_copy,12.562125
u32,1000000,24680,nearly_sorted,5,radixkit,6.2835
u32,1000000,24680,nearly_sorted,5,adaptive,6.682
u32,1000000,24680,nearly_sorted,5,std_sort,2.8795
u32,1000000,24680,nearly_sorted,6,ska_sort_copy,12.420875
u32,1000000,24680,nearly_sorted,6,radixkit,6.415958
u32,1000000,24680,nearly_sorted,6,adaptive,6.6065
u32,1000000,24680,nearly_sorted,6,std_sort,2.729333
u32,1000000,24680,nearly_sorted,6,ska_sort,16.320917
u32,1000000,24680,nearly_sorted,7,radixkit,6.434167
u32,1000000,24680,nearly_sorted,7,adaptive,6.517458
u32,1000000,24680,nearly_sorted,7,std_sort,2.7285
u32,1000000,24680,nearly_sorted,7,ska_sort,16.578125
u32,1000000,24680,nearly_sorted,7,ska_sort_copy,12.626667
u32,1000000,24680,nearly_sorted,8,adaptive,6.354833
u32,1000000,24680,nearly_sorted,8,std_sort,2.749833
u32,1000000,24680,nearly_sorted,8,ska_sort,16.575417
u32,1000000,24680,nearly_sorted,8,ska_sort_copy,12.525834
u32,1000000,24680,nearly_sorted,8,radixkit,6.277416
u64,1000000,24680,uniform,0,ska_sort,12.88225
u64,1000000,24680,uniform,0,ska_sort_copy,12.344625
u64,1000000,24680,uniform,0,radixkit,6.234417
u64,1000000,24680,uniform,0,adaptive,6.894417
u64,1000000,24680,uniform,0,std_sort,21.7585
u64,1000000,24680,uniform,1,ska_sort_copy,12.386792
u64,1000000,24680,uniform,1,radixkit,6.300834
u64,1000000,24680,uniform,1,adaptive,6.852542
u64,1000000,24680,uniform,1,std_sort,21.838375
u64,1000000,24680,uniform,1,ska_sort,12.282375
u64,1000000,24680,uniform,2,radixkit,6.5185
u64,1000000,24680,uniform,2,adaptive,6.918791
u64,1000000,24680,uniform,2,std_sort,21.632792
u64,1000000,24680,uniform,2,ska_sort,12.319166
u64,1000000,24680,uniform,2,ska_sort_copy,12.7905
u64,1000000,24680,uniform,3,adaptive,7.336292
u64,1000000,24680,uniform,3,std_sort,21.431542
u64,1000000,24680,uniform,3,ska_sort,12.628084
u64,1000000,24680,uniform,3,ska_sort_copy,12.462084
u64,1000000,24680,uniform,3,radixkit,6.27675
u64,1000000,24680,uniform,4,std_sort,21.526458
u64,1000000,24680,uniform,4,ska_sort,12.553875
u64,1000000,24680,uniform,4,ska_sort_copy,12.402584
u64,1000000,24680,uniform,4,radixkit,6.789333
u64,1000000,24680,uniform,4,adaptive,7.61925
u64,1000000,24680,uniform,5,ska_sort,12.679416
u64,1000000,24680,uniform,5,ska_sort_copy,12.319458
u64,1000000,24680,uniform,5,radixkit,7.272459
u64,1000000,24680,uniform,5,adaptive,6.928
u64,1000000,24680,uniform,5,std_sort,21.809208
u64,1000000,24680,uniform,6,ska_sort_copy,12.252625
u64,1000000,24680,uniform,6,radixkit,6.861208
u64,1000000,24680,uniform,6,adaptive,6.849625
u64,1000000,24680,uniform,6,std_sort,21.719042
u64,1000000,24680,uniform,6,ska_sort,12.39675
u64,1000000,24680,uniform,7,radixkit,6.446667
u64,1000000,24680,uniform,7,adaptive,6.958042
u64,1000000,24680,uniform,7,std_sort,21.631292
u64,1000000,24680,uniform,7,ska_sort,12.368666
u64,1000000,24680,uniform,7,ska_sort_copy,12.67225
u64,1000000,24680,uniform,8,adaptive,7.785791
u64,1000000,24680,uniform,8,std_sort,21.637333
u64,1000000,24680,uniform,8,ska_sort,12.396
u64,1000000,24680,uniform,8,ska_sort_copy,12.637458
u64,1000000,24680,uniform,8,radixkit,6.416042
u64,1000000,24680,uniform16,0,ska_sort,17.635542
u64,1000000,24680,uniform16,0,ska_sort_copy,17.275625
u64,1000000,24680,uniform16,0,radixkit,3.91475
u64,1000000,24680,uniform16,0,adaptive,2.331542
u64,1000000,24680,uniform16,0,std_sort,18.604541
u64,1000000,24680,uniform16,1,ska_sort_copy,17.506916
u64,1000000,24680,uniform16,1,radixkit,4.321541
u64,1000000,24680,uniform16,1,adaptive,1.876459
u64,1000000,24680,uniform16,1,std_sort,18.601084
u64,1000000,24680,uniform16,1,ska_sort,17.487
u64,1000000,24680,uniform16,2,radixkit,3.970167
u64,1000000,24680,uniform16,2,adaptive,1.969917
u64,1000000,24680,uniform16,2,std_sort,18.766375
u64,1000000,24680,uniform16,2,ska_sort,17.508333
u64,1000000,24680,uniform16,2,ska_sort_copy,17.2515
u64,1000000,24680,uniform16,3,adaptive,2.055166
u64,1000000,24680,uniform16,3,std_sort,18.844166
u64,1000000,24680,uniform16,3,ska_sort,17.492125
u64,1000000,24680,uniform16,3,ska_sort_copy,17.718416
u64,1000000,24680,uniform16,3,radixkit,4.336
u64,1000000,24680,uniform16,4,std_sort,18.637334
u64,1000000,24680,uniform16,4,ska_sort,17.205708
u64,1000000,24680,uniform16,4,ska_sort_copy,17.301625
u64,1000000,24680,uniform16,4,radixkit,4.1185
u64,1000000,24680,uniform16,4,adaptive,1.87375
u64,1000000,24680,uniform16,5,ska_sort,17.409375
u64,1000000,24680,uniform16,5,ska_sort_copy,17.163167
u64,1000000,24680,uniform16,5,radixkit,4.003167
u64,1000000,24680,uniform16,5,adaptive,1.9085
u64,1000000,24680,uniform16,5,std_sort,18.807333
u64,1000000,24680,uniform16,6,ska_sort_copy,17.41425
u64,1000000,24680,uniform16,6,radixkit,3.975417
u64,1000000,24680,uniform16,6,adaptive,2.021667
u64,1000000,24680,uniform16,6,std_sort,18.852375
u64,1000000,24680,uniform16,6,ska_sort,17.259334
u64,1000000,24680,uniform16,7,radixkit,4.353208
u64,1000000,24680,uniform16,7,adaptive,1.871792
u64,1000000,24680,uniform16,7,std_sort,18.832
u64,1000000,24680,uniform16,7,ska_sort,17.280791
u64,1000000,24680,uniform16,7,ska_sort_copy,17.4475
u64,1000000,24680,uniform16,8,adaptive,1.881417
u64,1000000,24680,uniform16,8,std_sort,18.619875
u64,1000000,24680,uniform16,8,ska_sort,17.241667
u64,1000000,24680,uniform16,8,ska_sort_copy,17.611334
u64,1000000,24680,uniform16,8,radixkit,3.898958
u64,1000000,24680,zeros99,0,ska_sort,21.399875
u64,1000000,24680,zeros99,0,ska_sort_copy,21.516292
u64,1000000,24680,zeros99,0,radixkit,0.390542
u64,1000000,24680,zeros99,0,adaptive,0.385291
u64,1000000,24680,zeros99,0,std_sort,0.971542
u64,1000000,24680,zeros99,1,ska_sort_copy,21.321041
u64,1000000,24680,zeros99,1,radixkit,0.386042
u64,1000000,24680,zeros99,1,adaptive,0.396792
u64,1000000,24680,zeros99,1,std_sort,1.028417
u64,1000000,24680,zeros99,1,ska_sort,21.409875
u64,1000000,24680,zeros99,2,radixkit,0.385875
u64,1000000,24680,zeros99,2,adaptive,0.395875
u64,1000000,24680,zeros99,2,std_sort,0.955334
u64,1000000,24680,zeros99,2,ska_sort,21.304834
u64,1000000,24680,zeros99,2,ska_sort_copy,21.797458
u64,1000000,24680,zeros99,3,adaptive,0.392041
u64,1000000,24680,zeros99,3,std_sort,0.94375
u64,1000000,24680,zeros99,3,ska_sort,21.402708
u64,1000000,24680,zeros99,3,ska_sort_copy,21.347083
u64,1000000,24680,zeros99,3,radixkit,0.417792
u64,1000000,24680,zeros99,4,std_sort,1.055375
u64,1000000,24680,zeros99,4,ska_sort,21.371375
u64,1000000,24680,zeros99,4,ska_sort_copy,21.335458
u64,1000000,24680,zeros99,4,radixkit,0.390166
u64,1000000,24680,zeros99,4,adaptive,0.383708
u64,1000000,24680,zeros99,5,ska_sort,21.48
u64,1000000,24680,zeros99,5,ska_sort_copy,21.505792
u64,1000000,24680,zeros99,5,radixkit,0.443
u64,1000000,24680,zeros99,5,adaptive,0.415625
u64,1000000,24680,zeros99,5,std_sort,0.944
u64,1000000,24680,zeros99,6,ska_sort_copy,21.486583
u64,1000000,24680,zeros99,6,radixkit,0.437834
u64,1000000,24680,zeros99,6,adaptive,0.407584
u64,1000000,24680,zeros99,6,std_sort,0.925208
u64,1000000,24680,zeros99,6,ska_sort,21.508625
u64,1000000,24680,zeros99,7,radixkit,0.388875
u64,1000000,24680,zeros99,7,adaptive,0.3865
u64,1000000,24680,zeros99,7,std_sort,0.946375
u64,1000000,24680,zeros99,7,ska_sort,21.803041
u64,1000000,24680,zeros99,7,ska_sort_copy,21.40925
u64,1000000,24680,zeros99,8,adaptive,0.435291
u64,1000000,24680,zeros99,8,std_sort,0.961708
u64,1000000,24680,zeros99,8,ska_sort,21.415
u64,1000000,24680,zeros99,8,ska_sort_copy,21.663791
u64,1000000,24680,zeros99,8,radixkit,0.403125
u64,1000000,24680,equal,0,ska_sort,17.400167
u64,1000000,24680,equal,0,ska_sort_copy,17.176875
u64,1000000,24680,equal,0,radixkit,0.16375
u64,1000000,24680,equal,0,adaptive,0.115542
u64,1000000,24680,equal,0,std_sort,1.35175
u64,1000000,24680,equal,1,ska_sort_copy,17.335084
u64,1000000,24680,equal,1,radixkit,0.167167
u64,1000000,24680,equal,1,adaptive,0.156417
u64,1000000,24680,equal,1,std_sort,1.282541
u64,1000000,24680,equal,1,ska_sort,17.304667
u64,1000000,24680,equal,2,radixkit,0.163292
u64,1000000,24680,equal,2,adaptive,0.113167
u64,1000000,24680,equal,2,std_sort,1.302958
u64,1000000,24680,equal,2,ska_sort,17.293667
u64,1000000,24680,equal,2,ska_sort_copy,17.228833
u64,1000000,24680,equal,3,adaptive,0.11275
u64,1000000,24680,equal,3,std_sort,1.260583
u64,1000000,24680,equal,3,ska_sort,17.271875
u64,1000000,24680,equal,3,ska_sort_copy,17.219292
u64,1000000,24680,equal,3,radixkit,0.168792
u64,1000000,24680,equal,4,std_sort,1.339083
u64,1000000,24680,equal,4,ska_sort,17.264709
u64,1000000,24680,equal,4,ska_sort_copy,17.186875
u64,1000000,24680,equal,4,radixkit,0.164416
u64,1000000,24680,equal,4,adaptive,0.114291
u64,1000000,24680,equal,5,ska_sort,17.277292
u64,1000000,24680,equal,5,ska_sort_copy,17.177791
u64,1000000,24680,equal,5,radixkit,0.169292
u64,1000000,24680,equal,5,adaptive,0.151833
u64,1000000,24680,equal,5,std_sort,1.45275
u64,1000000,24680,equal,6,ska_sort_copy,17.251125
u64,1000000,24680,equal,6,radixkit,0.163959
u64,1000000,24680,equal,6,adaptive,0.111542
u64,1000000,24680,equal,6,std_sort,1.297791
u64,1000000,24680,equal,6,ska_sort,17.336208
u64,1000000,24680,equal,7,radixkit,0.175917
u64,1000000,24680,equal,7,adaptive,0.225167
u64,1000000,24680,equal,7,std_sort,1.284584
u64,1000000,24680,equal,7,ska_sort,17.224417
u64,1000000,24680,equal,7,ska_sort_copy,17.18875
u64,1000000,24680,equal,8,adaptive,0.11225
u64,1000000,24680,equal,8,std_sort,1.322166
u64,1000000,24680,equal,8,ska_sort,17.390417
u64,1000000,24680,equal,8,ska_sort_copy,17.178916
u64,1000000,24680,equal,8,radixkit,0.162875
u64,1000000,24680,ascending,0,ska_sort,22.377167
u64,1000000,24680,ascending,0,ska_sort_copy,22.746833
u64,1000000,24680,ascending,0,radixkit,0.6145
u64,1000000,24680,ascending,0,adaptive,0.649708
u64,1000000,24680,ascending,0,std_sort,0.983333
u64,1000000,24680,ascending,1,ska_sort_copy,22.293666
u64,1000000,24680,ascending,1,radixkit,0.675333
u64,1000000,24680,ascending,1,adaptive,0.666875
u64,1000000,24680,ascending,1,std_sort,1.105208
u64,1000000,24680,ascending,1,ska_sort,22.60575
u64,1000000,24680,ascending,2,radixkit,0.64275
u64,1000000,24680,ascending,2,adaptive,0.616166
u64,1000000,24680,ascending,2,std_sort,0.952416
u64,1000000,24680,ascending,2,ska_sort,22.695584
u64,1000000,24680,ascending,2,ska_sort_copy,22.361375
u64,1000000,24680,ascending,3,adaptive,0.628792
u64,1000000,24680,ascending,3,std_sort,0.951209
u64,1000000,24680,ascending,3,ska_sort,22.74975
u64,1000000,24680,ascending,3,ska_sort_copy,22.3785
u64,1000000,24680,ascending,3,radixkit,0.639208
u64,1000000,24680,ascending,4,std_sort,0.950417
u64,1000000,24680,ascending,4,ska_sort,22.596709
u64,1000000,24680,ascending,4,ska_sort_copy,22.342167
u64,1000000,24680,ascending,4,radixkit,0.666542
u64,1000000,24680,ascending,4,adaptive,0.643875
u64,1000000,24680,ascending,5,ska_sort,22.417875
u64,1000000,24680,ascending,5,ska_sort_copy,22.405042
u64,1000000,24680,ascending,5,radixkit,0.631625
u64,1000000,24680,ascending,5,adaptive,0.661042
u64,1000000,24680,ascending,5,std_sort,0.983208
u64,1000000,24680,ascending,6,ska_sort_copy,22.3425
u64,1000000,24680,ascending,6,radixkit,0.71475
u64,1000000,24680,ascending,6,adaptive,0.630334
u64,1000000,24680,ascending,6,std_sort,0.951083
u64,1000000,24680,ascending,6,ska_sort,22.433875
u64,1000000,24680,ascending,7,radixkit,0.6235
u64,1000000,24680,ascending,7,adaptive,0.618208
u64,1000000,24680,ascending,7,std_sort,0.9525
u64,1000000,24680,ascending,7,ska_sort,22.592917
u64,1000000,24680,ascending,7,ska_sort_copy,22.490209
u64,1000000,24680,ascending,8,adaptive,0.630125
u64,1000000,24680,ascending,8,std_sort,0.948458
u64,1000000,24680,ascending,8,ska_sort,22.721625
u64,1000000,24680,ascending,8,ska_sort_copy,22.284292
u64,1000000,24680,ascending,8,radixkit,0.6155
u64,1000000,24680,descending,0,ska_sort,23.362459
u64,1000000,24680,descending,0,ska_sort_copy,23.445834
u64,1000000,24680,descending,0,radixkit,0.854292
u64,1000000,24680,descending,0,adaptive,0.848959
u64,1000000,24680,descending,0,std_sort,1.665541
u64,1000000,24680,descending,1,ska_sort_copy,23.547208
u64,1000000,24680,descending,1,radixkit,0.859625
u64,1000000,24680,descending,1,adaptive,0.9075
u64,1000000,24680,descending,1,std_sort,1.757666
u64,1000000,24680,descending,1,ska_sort,23.372208
u64,1000000,24680,descending,2,radixkit,0.867
u64,1000000,24680,descending,2,adaptive,0.861125
u64,1000000,24680,descending,2,std_sort,1.661709
u64,1000000,24680,descending,2,ska_sort,23.775959
u64,1000000,24680,descending,2,ska_sort_copy,23.41425
u64,1000000,24680,descending,3,adaptive,0.862541
u64,1000000,24680,descending,3,std_sort,1.772875
u64,1000000,24680,descending,3,ska_sort,23.255459
u64,1000000,24680,descending,3,ska_sort_copy,23.373208
u64,1000000,24680,descending,3,radixkit,0.923
u64,1000000,24680,descending,4,std_sort,1.742
u64,1000000,24680,descending,4,ska_sort,23.515
u64,1000000,24680,descending,4,ska_sort_copy,23.35275
u64,1000000,24680,descending,4,radixkit,0.871125
u64,1000000,24680,descending,4,adaptive,0.846708
u64,1000000,24680,descending,5,ska_sort,23.484625
u64,1000000,24680,descending,5,ska_sort_copy,23.486834
u64,1000000,24680,descending,5,radixkit,0.866458
u64,1000000,24680,descending,5,adaptive,0.858583
u64,1000000,24680,descending,5,std_sort,1.670792
u64,1000000,24680,descending,6,ska_sort_copy,23.381291
u64,1000000,24680,descending,6,radixkit,0.869708
u64,1000000,24680,descending,6,adaptive,0.891292
u64,1000000,24680,descending,6,std_sort,1.680708
u64,1000000,24680,descending,6,ska_sort,23.42075
u64,1000000,24680,descending,7,radixkit,0.856666
u64,1000000,24680,descending,7,adaptive,0.853583
u64,1000000,24680,descending,7,std_sort,1.656959
u64,1000000,24680,descending,7,ska_sort,23.535333
u64,1000000,24680,descending,7,ska_sort_copy,23.419833
u64,1000000,24680,descending,8,adaptive,0.851958
u64,1000000,24680,descending,8,std_sort,1.816875
u64,1000000,24680,descending,8,ska_sort,23.390708
u64,1000000,24680,descending,8,ska_sort_copy,23.236166
u64,1000000,24680,descending,8,radixkit,0.920875
u64,1000000,24680,sparse8,0,ska_sort,30.577541
u64,1000000,24680,sparse8,0,ska_sort_copy,30.685
u64,1000000,24680,sparse8,0,radixkit,12.643208
u64,1000000,24680,sparse8,0,adaptive,2.022208
u64,1000000,24680,sparse8,0,std_sort,8.207959
u64,1000000,24680,sparse8,1,ska_sort_copy,30.358208
u64,1000000,24680,sparse8,1,radixkit,12.597791
u64,1000000,24680,sparse8,1,adaptive,1.942417
u64,1000000,24680,sparse8,1,std_sort,8.373666
u64,1000000,24680,sparse8,1,ska_sort,30.39175
u64,1000000,24680,sparse8,2,radixkit,12.882875
u64,1000000,24680,sparse8,2,adaptive,1.9125
u64,1000000,24680,sparse8,2,std_sort,8.234042
u64,1000000,24680,sparse8,2,ska_sort,30.384667
u64,1000000,24680,sparse8,2,ska_sort_copy,30.315333
u64,1000000,24680,sparse8,3,adaptive,1.969625
u64,1000000,24680,sparse8,3,std_sort,8.390334
u64,1000000,24680,sparse8,3,ska_sort,30.451417
u64,1000000,24680,sparse8,3,ska_sort_copy,30.18625
u64,1000000,24680,sparse8,3,radixkit,12.778334
u64,1000000,24680,sparse8,4,std_sort,8.428334
u64,1000000,24680,sparse8,4,ska_sort,30.634791
u64,1000000,24680,sparse8,4,ska_sort_copy,30.233833
u64,1000000,24680,sparse8,4,radixkit,12.501542
u64,1000000,24680,sparse8,4,adaptive,1.975959
u64,1000000,24680,sparse8,5,ska_sort,30.441958
u64,1000000,24680,sparse8,5,ska_sort_copy,30.534625
u64,1000000,24680,sparse8,5,radixkit,12.558291
u64,1000000,24680,sparse8,5,adaptive,2.023375
u64,1000000,24680,sparse8,5,std_sort,8.35625
u64,1000000,24680,sparse8,6,ska_sort_copy,30.683291
u64,1000000,24680,sparse8,6,radixkit,12.45875
u64,1000000,24680,sparse8,6,adaptive,2.00425
u64,1000000,24680,sparse8,6,std_sort,8.239458
u64,1000000,24680,sparse8,6,ska_sort,30.332708
u64,1000000,24680,sparse8,7,radixkit,12.618708
u64,1000000,24680,sparse8,7,adaptive,1.934833
u64,1000000,24680,sparse8,7,std_sort,8.191541
u64,1000000,24680,sparse8,7,ska_sort,30.614167
u64,1000000,24680,sparse8,7,ska_sort_copy,30.555166
u64,1000000,24680,sparse8,8,adaptive,1.9175
u64,1000000,24680,sparse8,8,std_sort,8.235042
u64,1000000,24680,sparse8,8,ska_sort,30.457292
u64,1000000,24680,sparse8,8,ska_sort_copy,30.322208
u64,1000000,24680,sparse8,8,radixkit,12.605792
u64,1000000,24680,nearly_sorted,0,ska_sort,25.228875
u64,1000000,24680,nearly_sorted,0,ska_sort_copy,25.184709
u64,1000000,24680,nearly_sorted,0,radixkit,9.747375
u64,1000000,24680,nearly_sorted,0,adaptive,9.356458
u64,1000000,24680,nearly_sorted,0,std_sort,2.963417
u64,1000000,24680,nearly_sorted,1,ska_sort_copy,24.86375
u64,1000000,24680,nearly_sorted,1,radixkit,9.668208
u64,1000000,24680,nearly_sorted,1,adaptive,9.630416
u64,1000000,24680,nearly_sorted,1,std_sort,3.080667
u64,1000000,24680,nearly_sorted,1,ska_sort,24.959834
u64,1000000,24680,nearly_sorted,2,radixkit,9.539709
u64,1000000,24680,nearly_sorted,2,adaptive,9.384209
u64,1000000,24680,nearly_sorted,2,std_sort,3.00275
u64,1000000,24680,nearly_sorted,2,ska_sort,25.074625
u64,1000000,24680,nearly_sorted,2,ska_sort_copy,25.040417
u64,1000000,24680,nearly_sorted,3,adaptive,9.208792
u64,1000000,24680,nearly_sorted,3,std_sort,3.130916
u64,1000000,24680,nearly_sorted,3,ska_sort,24.941625
u64,1000000,24680,nearly_sorted,3,ska_sort_copy,25.102583
u64,1000000,24680,nearly_sorted,3,radixkit,9.271667
u64,1000000,24680,nearly_sorted,4,std_sort,2.891625
u64,1000000,24680,nearly_sorted,4,ska_sort,25.129791
u64,1000000,24680,nearly_sorted,4,ska_sort_copy,25.028792
u64,1000000,24680,nearly_sorted,4,radixkit,9.446916
u64,1000000,24680,nearly_sorted,4,adaptive,9.462584
u64,1000000,24680,nearly_sorted,5,ska_sort,24.932416
u64,1000000,24680,nearly_sorted,5,ska_sort_copy,25.156666
u64,1000000,24680,nearly_sorted,5,radixkit,9.471958
u64,1000000,24680,nearly_sorted,5,adaptive,9.502167
u64,1000000,24680,nearly_sorted,5,std_sort,2.914667
u64,1000000,24680,nearly_sorted,6,ska_sort_copy,25.136709
u64,1000000,24680,nearly_sorted,6,radixkit,9.340292
u64,1000000,24680,nearly_sorted,6,adaptive,9.594291
u64,1000000,24680,nearly_sorted,6,std_sort,2.911042
u64,1000000,24680,nearly_sorted,6,ska_sort,25.091375
u64,1000000,24680,nearly_sorted,7,radixkit,9.266042
u64,1000000,24680,nearly_sorted,7,adaptive,9.482375
u64,1000000,24680,nearly_sorted,7,std_sort,2.892875
u64,1000000,24680,nearly_sorted,7,ska_sort,25.186291
u64,1000000,24680,nearly_sorted,7,ska_sort_copy,24.931833
u64,1000000,24680,nearly_sorted,8,adaptive,9.670166
u64,1000000,24680,nearly_sorted,8,std_sort,2.997541
u64,1000000,24680,nearly_sorted,8,ska_sort,24.971792
u64,1000000,24680,nearly_sorted,8,ska_sort_copy,25.103583
u64,1000000,24680,nearly_sorted,8,radixkit,9.608292
kv32,1000000,24680,uniform,0,ska_sort,13.276834
kv32,1000000,24680,uniform,0,ska_sort_copy,7.4505
kv32,1000000,24680,uniform,0,radixkit,8.853584
kv32,1000000,24680,uniform,0,std_sort,56.536292
kv32,1000000,24680,uniform,1,ska_sort_copy,7.030583
kv32,1000000,24680,uniform,1,radixkit,9.067334
kv32,1000000,24680,uniform,1,std_sort,56.854875
kv32,1000000,24680,uniform,1,ska_sort,13.914
kv32,1000000,24680,uniform,2,radixkit,9.042583
kv32,1000000,24680,uniform,2,std_sort,56.781042
kv32,1000000,24680,uniform,2,ska_sort,13.565083
kv32,1000000,24680,uniform,2,ska_sort_copy,8.027917
kv32,1000000,24680,uniform,3,std_sort,56.50625
kv32,1000000,24680,uniform,3,ska_sort,13.591291
kv32,1000000,24680,uniform,3,ska_sort_copy,7.326666
kv32,1000000,24680,uniform,3,radixkit,8.833834
kv32,1000000,24680,uniform,4,ska_sort,13.575375
kv32,1000000,24680,uniform,4,ska_sort_copy,7.351542
kv32,1000000,24680,uniform,4,radixkit,8.82375
kv32,1000000,24680,uniform,4,std_sort,56.605625
kv32,1000000,24680,uniform,5,ska_sort_copy,7.507416
kv32,1000000,24680,uniform,5,radixkit,9.146125
kv32,1000000,24680,uniform,5,std_sort,57.286417
kv32,1000000,24680,uniform,5,ska_sort,13.727291
kv32,1000000,24680,uniform,6,radixkit,8.909042
kv32,1000000,24680,uniform,6,std_sort,57.030667
kv32,1000000,24680,uniform,6,ska_sort,13.650416
kv32,1000000,24680,uniform,6,ska_sort_copy,7.442791
kv32,1000000,24680,uniform,7,std_sort,57.483541
kv32,1000000,24680,uniform,7,ska_sort,13.950334
kv32,1000000,24680,uniform,7,ska_sort_copy,7.462791
kv32,1000000,24680,uniform,7,radixkit,9.246791
kv32,1000000,24680,uniform,8,ska_sort,13.649
kv32,1000000,24680,uniform,8,ska_sort_copy,7.427375
kv32,1000000,24680,uniform,8,radixkit,9.175042
kv32,1000000,24680,uniform,8,std_sort,56.991042
kv32,1000000,24680,uniform16,0,ska_sort,9.53675
kv32,1000000,24680,uniform16,0,ska_sort_copy,9.522958
kv32,1000000,24680,uniform16,0,radixkit,5.024125
kv32,1000000,24680,uniform16,0,std_sort,50.065083
kv32,1000000,24680,uniform16,1,ska_sort_copy,9.885667
kv32,1000000,24680,uniform16,1,radixkit,5.411583
kv32,1000000,24680,uniform16,1,std_sort,49.9
kv32,1000000,24680,uniform16,1,ska_sort,9.898
kv32,1000000,24680,uniform16,2,radixkit,5.367791
kv32,1000000,24680,uniform16,2,std_sort,49.75725
kv32,1000000,24680,uniform16,2,ska_sort,9.722
kv32,1000000,24680,uniform16,2,ska_sort_copy,9.6745
kv32,1000000,24680,uniform16,3,std_sort,49.998042
kv32,1000000,24680,uniform16,3,ska_sort,9.92325
kv32,1000000,24680,uniform16,3,ska_sort_copy,10.159916
kv32,1000000,24680,uniform16,3,radixkit,5.885833
kv32,1000000,24680,uniform16,4,ska_sort,9.512542
kv32,1000000,24680,uniform16,4,ska_sort_copy,9.781791
kv32,1000000,24680,uniform16,4,radixkit,5.400167
kv32,1000000,24680,uniform16,4,std_sort,49.464917
kv32,1000000,24680,uniform16,5,ska_sort_copy,9.670625
kv32,1000000,24680,uniform16,5,radixkit,5.380583
kv32,1000000,24680,uniform16,5,std_sort,49.601833
kv32,1000000,24680,uniform16,5,ska_sort,9.718708
kv32,1000000,24680,uniform16,6,radixkit,5.359792
kv32,1000000,24680,uniform16,6,std_sort,49.699625
kv32,1000000,24680,uniform16,6,ska_sort,9.712208
kv32,1000000,24680,uniform16,6,ska_sort_copy,9.615416
kv32,1000000,24680,uniform16,7,std_sort,49.38675
kv32,1000000,24680,uniform16,7,ska_sort,9.316042
kv32,1000000,24680,uniform16,7,ska_sort_copy,10.230167
kv32,1000000,24680,uniform16,7,radixkit,5.719125
kv32,1000000,24680,uniform16,8,ska_sort,9.467833
kv32,1000000,24680,uniform16,8,ska_sort_copy,9.933334
kv32,1000000,24680,uniform16,8,radixkit,5.40925
kv32,1000000,24680,uniform16,8,std_sort,49.291167
kv32,1000000,24680,zeros99,0,ska_sort,13.59325
kv32,1000000,24680,zeros99,0,ska_sort_copy,11.278792
kv32,1000000,24680,zeros99,0,radixkit,8.54025
kv32,1000000,24680,zeros99,0,std_sort,68.220292
kv32,1000000,24680,zeros99,1,ska_sort_copy,10.833292
kv32,1000000,24680,zeros99,1,radixkit,8.599542
kv32,1000000,24680,zeros99,1,std_sort,67.153125
kv32,1000000,24680,zeros99,1,ska_sort,13.032292
kv32,1000000,24680,zeros99,2,radixkit,8.555917
kv32,1000000,24680,zeros99,2,std_sort,67.453958
kv32,1000000,24680,zeros99,2,ska_sort,13.3725
kv32,1000000,24680,zeros99,2,ska_sort_copy,10.762333
kv32,1000000,24680,zeros99,3,std_sort,64.92675
kv32,1000000,24680,zeros99,3,ska_sort,13.268625
kv32,1000000,24680,zeros99,3,ska_sort_copy,10.791375
kv32,1000000,24680,zeros99,3,radixkit,8.724541
kv32,1000000,24680,zeros99,4,ska_sort,13.411166
kv32,1000000,24680,zeros99,4,ska_sort_copy,11.100042
kv32,1000000,24680,zeros99,4,radixkit,9.121583
kv32,1000000,24680,zeros99,4,std_sort,67.534708
kv32,1000000,24680,zeros99,5,ska_sort_copy,11.184334
kv32,1000000,24680,zeros99,5,radixkit,9.118208
kv32,1000000,24680,zeros99,5,std_sort,66.622208
kv32,1000000,24680,zeros99,5,ska_sort,13.355416
kv32,1000000,24680,zeros99,6,radixkit,9.22425
kv32,1000000,24680,zeros99,6,std_sort,66.819417
kv32,1000000,24680,zeros99,6,ska_sort,13.362417
kv32,1000000,24680,zeros99,6,ska_sort_copy,11.354125
kv32,1000000,24680,zeros99,7,std_sort,67.202083
kv32,1000000,24680,zeros99,7,ska_sort,13.647333
kv32,1000000,24680,zeros99,7,ska_sort_copy,11.241833
kv32,1000000,24680,zeros99,7,radixkit,9.155917
kv32,1000000,24680,zeros99,8,ska_sort,13.64075
kv32,1000000,24680,zeros99,8,ska_sort_copy,11.89825
kv32,1000000,24680,zeros99,8,radixkit,8.996709
kv32,1000000,24680,zeros99,8,std_sort,68.064125
kv32,1000000,24680,equal,0,ska_sort,8.540417
kv32,1000000,24680,equal,0,ska_sort_copy,11.192959
kv32,1000000,24680,equal,0,radixkit,1.277166
kv32,1000000,24680,equal,0,std_sort,1.410541
kv32,1000000,24680,equal,1,ska_sort_copy,11.202667
kv32,1000000,24680,equal,1,radixkit,1.253917
kv32,1000000,24680,equal,1,std_sort,0.866625
kv32,1000000,24680,equal,1,ska_sort,9.208167
kv32,1000000,24680,equal,2,radixkit,1.398292
kv32,1000000,24680,equal,2,std_sort,0.923125
kv32,1000000,24680,equal,2,ska_sort,8.917917
kv32,1000000,24680,equal,2,ska_sort_copy,11.542334
kv32,1000000,24680,equal,3,std_sort,0.807667
kv32,1000000,24680,equal,3,ska_sort,8.936041
kv32,1000000,24680,equal,3,ska_sort_copy,11.697792
kv32,1000000,24680,equal,3,radixkit,1.246417
kv32,1000000,24680,equal,4,ska_sort,8.687709
kv32,1000000,24680,equal,4,ska_sort_copy,11.11075
kv32,1000000,24680,equal,4,radixkit,1.216584
kv32,1000000,24680,equal,4,std_sort,1.1025
kv32,1000000,24680,equal,5,ska_sort_copy,10.724875
kv32,1000000,24680,equal,5,radixkit,1.2265
kv32,1000000,24680,equal,5,std_sort,0.769375
kv32,1000000,24680,equal,5,ska_sort,8.813542
kv32,1000000,24680,equal,6,radixkit,1.254958
kv32,1000000,24680,equal,6,std_sort,0.875958
kv32,1000000,24680,equal,6,ska_sort,8.970291
kv32,1000000,24680,equal,6,ska_sort_copy,11.196625
kv32,1000000,24680,equal,7,std_sort,0.812833
kv32,1000000,24680,equal,7,ska_sort,8.832
kv32,1000000,24680,equal,7,ska_sort_copy,11.20825
kv32,1000000,24680,equal,7,radixkit,1.253625
kv32,1000000,24680,equal,8,ska_sort,8.894
kv32,1000000,24680,equal,8,ska_sort_copy,11.078042
kv32,1000000,24680,equal,8,radixkit,1.222417
kv32,1000000,24680,equal,8,std_sort,0.784125
kv32,1000000,24680,ascending,0,ska_sort,14.181333
kv32,1000000,24680,ascending,0,ska_sort_copy,15.010666
kv32,1000000,24680,ascending,0,radixkit,13.140708
kv32,1000000,24680,ascending,0,std_sort,0.930375
kv32,1000000,24680,ascending,1,ska_sort_copy,15.043583
kv32,1000000,24680,ascending,1,radixkit,12.927958
kv32,1000000,24680,ascending,1,std_sort,0.933292
kv32,1000000,24680,ascending,1,ska_sort,14.462209
kv32,1000000,24680,ascending,2,radixkit,13.333125
kv32,1000000,24680,ascending,2,std_sort,0.756167
kv32,1000000,24680,ascending,2,ska_sort,14.078416
kv32,1000000,24680,ascending,2,ska_sort_copy,14.977375
kv32,1000000,24680,ascending,3,std_sort,0.765042
kv32,1000000,24680,ascending,3,ska_sort,13.775625
kv32,1000000,24680,ascending,3,ska_sort_copy,13.791541
kv32,1000000,24680,ascending,3,radixkit,12.815875
kv32,1000000,24680,ascending,4,ska_sort,14.111042
kv32,1000000,24680,ascending,4,ska_sort_copy,15.0815
kv32,1000000,24680,ascending,4,radixkit,13.24475
kv32,1000000,24680,ascending,4,std_sort,0.756167
kv32,1000000,24680,ascending,5,ska_sort_copy,15.039042
kv32,1000000,24680,ascending,5,radixkit,12.924458
kv32,1000000,24680,ascending,5,std_sort,0.948083
kv32,1000000,24680,ascending,5,ska_sort,14.117333
kv32,1000000,24680,ascending,6,radixkit,13.751291
kv32,1000000,24680,ascending,6,std_sort,1.885375
kv32,1000000,24680,ascending,6,ska_sort,14.127667
kv32,1000000,24680,ascending,6,ska_sort_copy,14.730625
kv32,1000000,24680,ascending,7,std_sort,0.783292
kv32,1000000,24680,ascending,7,ska_sort,14.071083
kv32,1000000,24680,ascending,7,ska_sort_copy,14.702125
kv32,1000000,24680,ascending,7,radixkit,13.664333
kv32,1000000,24680,ascending,8,ska_sort,14.213625
kv32,1000000,24680,ascending,8,ska_sort_copy,15.262958
kv32,1000000,24680,ascending,8,radixkit,13.020625
kv32,1000000,24680,ascending,8,std_sort,1.424
kv32,1000000,24680,descending,0,ska_sort,15.7785
kv32,1000000,24680,descending,0,ska_sort_copy,14.989416
kv32,1000000,24680,descending,0,radixkit,13.221792
kv32,1000000,24680,descending,0,std_sort,1.27175
kv32,1000000,24680,descending,1,ska_sort_copy,15.677292
kv32,1000000,24680,descending,1,radixkit,13.549125
kv32,1000000,24680,descending,1,std_sort,1.441792
kv32,1000000,24680,descending,1,ska_sort,15.749417
kv32,1000000,24680,descending,2,radixkit,13.258791
kv32,1000000,24680,descending,2,std_sort,1.246
kv32,1000000,24680,descending,2,ska_sort,15.973292
kv32,1000000,24680,descending,2,ska_sort_copy,14.363125
kv32,1000000,24680,descending,3,std_sort,1.320583
kv32,1000000,24680,descending,3,ska_sort,15.499292
kv32,1000000,24680,descending,3,ska_sort_copy,14.572625
kv32,1000000,24680,descending,3,radixkit,13.090584
kv32,1000000,24680,descending,4,ska_sort,15.616583
kv32,1000000,24680,descending,4,ska_sort_copy,14.763042
kv32,1000000,24680,descending,4,radixkit,13.284708
kv32,1000000,24680,descending,4,std_sort,1.287042
kv32,1000000,24680,descending,5,ska_sort_copy,15.075416
kv32,1000000,24680,descending,5,radixkit,13.342333
kv32,1000000,24680,descending,5,std_sort,1.305625
kv32,1000000,24680,descending,5,ska_sort,15.618917
kv32,1000000,24680,descending,6,radixkit,13.216334
kv32,1000000,24680,descending,6,std_sort,1.204375
kv32,1000000,24680,descending,6,ska_sort,15.715708
kv32,1000000,24680,descending,6,ska_sort_copy,15.018958
kv32,1000000,24680,descending,7,std_sort,1.270667
kv32,1000000,24680,descending,7,ska_sort,15.503916
kv32,1000000,24680,descending,7,ska_sort_copy,14.712625
kv32,1000000,24680,descending,7,radixkit,13.161333
kv32,1000000,24680,descending,8,ska_sort,15.748875
kv32,1000000,24680,descending,8,ska_sort_copy,14.930084
kv32,1000000,24680,descending,8,radixkit,13.150916
kv32,1000000,24680,descending,8,std_sort,1.582667
kv32,1000000,24680,sparse8,0,ska_sort,10.3815
kv32,1000000,24680,sparse8,0,ska_sort_copy,7.438291
kv32,1000000,24680,sparse8,0,radixkit,5.832459
kv32,1000000,24680,sparse8,0,std_sort,23.220916
kv32,1000000,24680,sparse8,1,ska_sort_copy,8.087208
kv32,1000000,24680,sparse8,1,radixkit,6.814
kv32,1000000,24680,sparse8,1,std_sort,22.913792
kv32,1000000,24680,sparse8,1,ska_sort,10.402916
kv32,1000000,24680,sparse8,2,radixkit,6.214125
kv32,1000000,24680,sparse8,2,std_sort,23.223125
kv32,1000000,24680,sparse8,2,ska_sort,10.399917
kv32,1000000,24680,sparse8,2,ska_sort_copy,7.312083
kv32,1000000,24680,sparse8,3,std_sort,22.973833
kv32,1000000,24680,sparse8,3,ska_sort,11.185083
kv32,1000000,24680,sparse8,3,ska_sort_copy,7.137042
kv32,1000000,24680,sparse8,3,radixkit,6.566833
kv32,1000000,24680,sparse8,4,ska_sort,10.722958
kv32,1000000,24680,sparse8,4,ska_sort_copy,7.900666
kv32,1000000,24680,sparse8,4,radixkit,6.768083
kv32,1000000,24680,sparse8,4,std_sort,22.858375
kv32,1000000,24680,sparse8,5,ska_sort_copy,7.433917
kv32,1000000,24680,sparse8,5,radixkit,6.282
kv32,1000000,24680,sparse8,5,std_sort,22.840459
kv32,1000000,24680,sparse8,5,ska_sort,10.761833
kv32,1000000,24680,sparse8,6,radixkit,6.002959
kv32,1000000,24680,sparse8,6,std_sort,23.208709
kv32,1000000,24680,sparse8,6,ska_sort,10.700209
kv32,1000000,24680,sparse8,6,ska_sort_copy,7.794708
kv32,1000000,24680,sparse8,7,std_sort,23.271625
kv32,1000000,24680,sparse8,7,ska_sort,10.672375
kv32,1000000,24680,sparse8,7,ska_sort_copy,7.42625
kv32,1000000,24680,sparse8,7,radixkit,6.291208
kv32,1000000,24680,sparse8,8,ska_sort,10.369125
kv32,1000000,24680,sparse8,8,ska_sort_copy,7.525875
kv32,1000000,24680,sparse8,8,radixkit,5.890917
kv32,1000000,24680,sparse8,8,std_sort,23.095458
kv32,1000000,24680,nearly_sorted,0,ska_sort,17.307541
kv32,1000000,24680,nearly_sorted,0,ska_sort_copy,14.948042
kv32,1000000,24680,nearly_sorted,0,radixkit,13.380375
kv32,1000000,24680,nearly_sorted,0,std_sort,2.884083
kv32,1000000,24680,nearly_sorted,1,ska_sort_copy,15.317916
kv32,1000000,24680,nearly_sorted,1,radixkit,13.236291
kv32,1000000,24680,nearly_sorted,1,std_sort,2.73575
kv32,1000000,24680,nearly_sorted,1,ska_sort,17.699084
kv32,1000000,24680,nearly_sorted,2,radixkit,12.999833
kv32,1000000,24680,nearly_sorted,2,std_sort,2.62875
kv32,1000000,24680,nearly_sorted,2,ska_sort,17.4595
kv32,1000000,24680,nearly_sorted,2,ska_sort_copy,14.558625
kv32,1000000,24680,nearly_sorted,3,std_sort,2.652833
kv32,1000000,24680,nearly_sorted,3,ska_sort,17.289209
kv32,1000000,24680,nearly_sorted,3,ska_sort_copy,14.288834
kv32,1000000,24680,nearly_sorted,3,radixkit,12.676541
kv32,1000000,24680,nearly_sorted,4,ska_sort,17.275625
kv32,1000000,24680,nearly_sorted,4,ska_sort_copy,14.747208
kv32,1000000,24680,nearly_sorted,4,radixkit,13.231708
kv32,1000000,24680,nearly_sorted,4,std_sort,2.717666
kv32,1000000,24680,nearly_sorted,5,ska_sort_copy,15.054167
kv32,1000000,24680,nearly_sorted,5,radixkit,13.702791
kv32,1000000,24680,nearly_sorted,5,std_sort,2.978875
kv32,1000000,24680,nearly_sorted,5,ska_sort,17.439834
kv32,1000000,24680,nearly_sorted,6,radixkit,13.207542
kv32,1000000,24680,nearly_sorted,6,std_sort,2.808417
kv32,1000000,24680,nearly_sorted,6,ska_sort,17.39125
kv32,1000000,24680,nearly_sorted,6,ska_sort_copy,14.834209
kv32,1000000,24680,nearly_sorted,7,std_sort,2.542625
kv32,1000000,24680,nearly_sorted,7,ska_sort,17.457125
kv32,1000000,24680,nearly_sorted,7,ska_sort_copy,15.44625
kv32,1000000,24680,nearly_sorted,7,radixkit,13.0385
kv32,1000000,24680,nearly_sorted,8,ska_sort,17.286875
kv32,1000000,24680,nearly_sorted,8,ska_sort_copy,14.710166
kv32,1000000,24680,nearly_sorted,8,radixkit,13.182375
kv32,1000000,24680,nearly_sorted,8,std_sort,2.641709
kv64,1000000,24680,uniform,0,ska_sort,13.756792
kv64,1000000,24680,uniform,0,ska_sort_copy,13.049709
kv64,1000000,24680,uniform,0,radixkit,12.919667
kv64,1000000,24680,uniform,0,std_sort,55.886167
kv64,1000000,24680,uniform,1,ska_sort_copy,13.636541
kv64,1000000,24680,uniform,1,radixkit,12.722334
kv64,1000000,24680,uniform,1,std_sort,56.144625
kv64,1000000,24680,uniform,1,ska_sort,13.770625
kv64,1000000,24680,uniform,2,radixkit,12.229542
kv64,1000000,24680,uniform,2,std_sort,56.123042
kv64,1000000,24680,uniform,2,ska_sort,13.707959
kv64,1000000,24680,uniform,2,ska_sort_copy,12.986375
kv64,1000000,24680,uniform,3,std_sort,56.456375
kv64,1000000,24680,uniform,3,ska_sort,13.640208
kv64,1000000,24680,uniform,3,ska_sort_copy,13.502584
kv64,1000000,24680,uniform,3,radixkit,12.327875
kv64,1000000,24680,uniform,4,ska_sort,15.198625
kv64,1000000,24680,uniform,4,ska_sort_copy,13.514792
kv64,1000000,24680,uniform,4,radixkit,13.015416
kv64,1000000,24680,uniform,4,std_sort,56.332667
kv64,1000000,24680,uniform,5,ska_sort_copy,13.739292
kv64,1000000,24680,uniform,5,radixkit,12.725125
kv64,1000000,24680,uniform,5,std_sort,56.700333
kv64,1000000,24680,uniform,5,ska_sort,14.52925
kv64,1000000,24680,uniform,6,radixkit,11.708416
kv64,1000000,24680,uniform,6,std_sort,56.244959
kv64,1000000,24680,uniform,6,ska_sort,13.392709
kv64,1000000,24680,uniform,6,ska_sort_copy,13.644125
kv64,1000000,24680,uniform,7,std_sort,56.560917
kv64,1000000,24680,uniform,7,ska_sort,13.583291
kv64,1000000,24680,uniform,7,ska_sort_copy,13.59025
kv64,1000000,24680,uniform,7,radixkit,13.227625
kv64,1000000,24680,uniform,8,ska_sort,13.425416
kv64,1000000,24680,uniform,8,ska_sort_copy,13.819667
kv64,1000000,24680,uniform,8,radixkit,12.735416
kv64,1000000,24680,uniform,8,std_sort,56.941542
kv64,1000000,24680,uniform16,0,ska_sort,18.838292
kv64,1000000,24680,uniform16,0,ska_sort_copy,18.517875
kv64,1000000,24680,uniform16,0,radixkit,5.605542
kv64,1000000,24680,uniform16,0,std_sort,50.155417
kv64,1000000,24680,uniform16,1,ska_sort_copy,18.184083
kv64,1000000,24680,uniform16,1,radixkit,5.410708
kv64,1000000,24680,uniform16,1,std_sort,49.983917
kv64,1000000,24680,uniform16,1,ska_sort,18.77825
kv64,1000000,24680,uniform16,2,radixkit,6.04525
kv64,1000000,24680,uniform16,2,std_sort,49.665958
kv64,1000000,24680,uniform16,2,ska_sort,18.817792
kv64,1000000,24680,uniform16,2,ska_sort_copy,18.45025
kv64,1000000,24680,uniform16,3,std_sort,50.102
kv64,1000000,24680,uniform16,3,ska_sort,18.137833
kv64,1000000,24680,uniform16,3,ska_sort_copy,18.535041
kv64,1000000,24680,uniform16,3,radixkit,5.561792
kv64,1000000,24680,uniform16,4,ska_sort,19.664375
kv64,1000000,24680,uniform16,4,ska_sort_copy,18.522083
kv64,1000000,24680,uniform16,4,radixkit,5.741584
kv64,1000000,24680,uniform16,4,std_sort,49.752834
kv64,1000000,24680,uniform16,5,ska_sort_copy,19.624583
kv64,1000000,24680,uniform16,5,radixkit,5.118375
kv64,1000000,24680,uniform16,5,std_sort,49.987417
kv64,1000000,24680,uniform16,5,ska_sort,18.122792
kv64,1000000,24680,uniform16,6,radixkit,5.764542
kv64,1000000,24680,uniform16,6,std_sort,49.995666
kv64,1000000,24680,uniform16,6,ska_sort,18.993292
kv64,1000000,24680,uniform16,6,ska_sort_copy,18.556125
kv64,1000000,24680,uniform16,7,std_sort,49.783375
kv64,1000000,24680,uniform16,7,ska_sort,18.528375
kv64,1000000,24680,uniform16,7,ska_sort_copy,18.20075
kv64,1000000,24680,uniform16,7,radixkit,5.509958
kv64,1000000,24680,uniform16,8,ska_sort,18.48025
kv64,1000000,24680,uniform16,8,ska_sort_copy,19.051125
kv64,1000000,24680,uniform16,8,radixkit,6.070125
kv64,1000000,24680,uniform16,8,std_sort,51.376916
kv64,1000000,24680,zeros99,0,ska_sort,21.827125
kv64,1000000,24680,zeros99,0,ska_sort_copy,22.027208
kv64,1000000,24680,zeros99,0,radixkit,0.482333
kv64,1000000,24680,zeros99,0,std_sort,65.108833
kv64,1000000,24680,zeros99,1,ska_sort_copy,22.22025
kv64,1000000,24680,zeros99,1,radixkit,1.01025
kv64,1000000,24680,zeros99,1,std_sort,64.586458
kv64,1000000,24680,zeros99,1,ska_sort,22.159417
kv64,1000000,24680,zeros99,2,radixkit,0.469708
kv64,1000000,24680,zeros99,2,std_sort,67.178417
kv64,1000000,24680,zeros99,2,ska_sort,21.964916
kv64,1000000,24680,zeros99,2,ska_sort_copy,21.960667
kv64,1000000,24680,zeros99,3,std_sort,65.17925
kv64,1000000,24680,zeros99,3,ska_sort,21.956125
kv64,1000000,24680,zeros99,3,ska_sort_copy,21.921875
kv64,1000000,24680,zeros99,3,radixkit,0.468583
kv64,1000000,24680,zeros99,4,ska_sort,22.430208
kv64,1000000,24680,zeros99,4,ska_sort_copy,22.04075
kv64,1000000,24680,zeros99,4,radixkit,0.639792
kv64,1000000,24680,zeros99,4,std_sort,65.59625
kv64,1000000,24680,zeros99,5,ska_sort_copy,21.904083
kv64,1000000,24680,zeros99,5,radixkit,0.436917
kv64,1000000,24680,zeros99,5,std_sort,66.369042
kv64,1000000,24680,zeros99,5,ska_sort,21.962542
kv64,1000000,24680,zeros99,6,radixkit,0.446
kv64,1000000,24680,zeros99,6,std_sort,66.391709
kv64,1000000,24680,zeros99,6,ska_sort,21.961625
kv64,1000000,24680,zeros99,6,ska_sort_copy,22.366834
kv64,1000000,24680,zeros99,7,std_sort,65.465833
kv64,1000000,24680,zeros99,7,ska_sort,21.965458
kv64,1000000,24680,zeros99,7,ska_sort_copy,22.328083
kv64,1000000,24680,zeros99,7,radixkit,0.442708
kv64,1000000,24680,zeros99,8,ska_sort,22.043334
kv64,1000000,24680,zeros99,8,ska_sort_copy,21.942959
kv64,1000000,24680,zeros99,8,radixkit,0.432
kv64,1000000,24680,zeros99,8,std_sort,68.223833
kv64,1000000,24680,equal,0,ska_sort,18.540708
kv64,1000000,24680,equal,0,ska_sort_copy,18.481708
kv64,1000000,24680,equal,0,radixkit,0.77875
kv64,1000000,24680,equal,0,std_sort,1.074792
kv64,1000000,24680,equal,1,ska_sort_copy,17.896292
kv64,1000000,24680,equal,1,radixkit,0.347917
kv64,1000000,24680,equal,1,std_sort,1.123417
kv64,1000000,24680,equal,1,ska_sort,17.334167
kv64,1000000,24680,equal,2,radixkit,0.2675
kv64,1000000,24680,equal,2,std_sort,1.104292
kv64,1000000,24680,equal,2,ska_sort,17.466875
kv64,1000000,24680,equal,2,ska_sort_copy,17.33
kv64,1000000,24680,equal,3,std_sort,0.992208
kv64,1000000,24680,equal,3,ska_sort,17.299542
kv64,1000000,24680,equal,3,ska_sort_copy,17.293458
kv64,1000000,24680,equal,3,radixkit,0.396833
kv64,1000000,24680,equal,4,ska_sort,17.759542
kv64,1000000,24680,equal,4,ska_sort_copy,17.500917
kv64,1000000,24680,equal,4,radixkit,0.387625
kv64,1000000,24680,equal,4,std_sort,1.094375
kv64,1000000,24680,equal,5,ska_sort_copy,17.263875
kv64,1000000,24680,equal,5,radixkit,0.335042
kv64,1000000,24680,equal,5,std_sort,1.050667
kv64,1000000,24680,equal,5,ska_sort,17.28325
kv64,1000000,24680,equal,6,radixkit,0.278167
kv64,1000000,24680,equal,6,std_sort,0.993958
kv64,1000000,24680,equal,6,ska_sort,17.2835
kv64,1000000,24680,equal,6,ska_sort_copy,17.393083
kv64,1000000,24680,equal,7,std_sort,0.992875
kv64,1000000,24680,equal,7,ska_sort,17.351334
kv64,1000000,24680,equal,7,ska_sort_copy,17.388167
kv64,1000000,24680,equal,7,radixkit,0.399916
kv64,1000000,24680,equal,8,ska_sort,17.267334
kv64,1000000,24680,equal,8,ska_sort_copy,17.279625
kv64,1000000,24680,equal,8,radixkit,0.582417
kv64,1000000,24680,equal,8,std_sort,1.042041
kv64,1000000,24680,ascending,0,ska_sort,22.790417
kv64,1000000,24680,ascending,0,ska_sort_copy,22.926167
kv64,1000000,24680,ascending,0,radixkit,0.636708
kv64,1000000,24680,ascending,0,std_sort,1.241958
kv64,1000000,24680,ascending,1,ska_sort_copy,23.186958
kv64,1000000,24680,ascending,1,radixkit,0.634709
kv64,1000000,24680,ascending,1,std_sort,1.076583
kv64,1000000,24680,ascending,1,ska_sort,23.115959
kv64,1000000,24680,ascending,2,radixkit,0.824791
kv64,1000000,24680,ascending,2,std_sort,1.116708
kv64,1000000,24680,ascending,2,ska_sort,22.876667
kv64,1000000,24680,ascending,2,ska_sort_copy,23.256167
kv64,1000000,24680,ascending,3,std_sort,1.054209
kv64,1000000,24680,ascending,3,ska_sort,22.803041
kv64,1000000,24680,ascending,3,ska_sort_copy,22.864208
kv64,1000000,24680,ascending,3,radixkit,0.618875
kv64,1000000,24680,ascending,4,ska_sort,23.268958
kv64,1000000,24680,ascending,4,ska_sort_copy,22.807459
kv64,1000000,24680,ascending,4,radixkit,0.6225
kv64,1000000,24680,ascending,4,std_sort,1.014625
kv64,1000000,24680,ascending,5,ska_sort_copy,23.049625
kv64,1000000,24680,ascending,5,radixkit,0.611333
kv64,1000000,24680,ascending,5,std_sort,1.1065
kv64,1000000,24680,ascending,5,ska_sort,22.957292
kv64,1000000,24680,ascending,6,radixkit,0.616125
kv64,1000000,24680,ascending,6,std_sort,1.083166
kv64,1000000,24680,ascending,6,ska_sort,22.95775
kv64,1000000,24680,ascending,6,ska_sort_copy,22.612584
kv64,1000000,24680,ascending,7,std_sort,1.372583
kv64,1000000,24680,ascending,7,ska_sort,22.764209
kv64,1000000,24680,ascending,7,ska_sort_copy,22.958709
kv64,1000000,24680,ascending,7,radixkit,0.619083
kv64,1000000,24680,ascending,8,ska_sort,22.625083
kv64,1000000,24680,ascending,8,ska_sort_copy,22.78475
kv64,1000000,24680,ascending,8,radixkit,0.617375
kv64,1000000,24680,ascending,8,std_sort,1.216209
kv64,1000000,24680,descending,0,ska_sort,24.614125
kv64,1000000,24680,descending,0,ska_sort_copy,24.357459
kv64,1000000,24680,descending,0,radixkit,0.979833
kv64,1000000,24680,descending,0,std_sort,1.504375
kv64,1000000,24680,descending,1,ska_sort_copy,24.985834
kv64,1000000,24680,descending,1,radixkit,0.982416
kv64,1000000,24680,descending,1,std_sort,1.630292
kv64,1000000,24680,descending,1,ska_sort,24.479542
kv64,1000000,24680,descending,2,radixkit,1.158
kv64,1000000,24680,descending,2,std_sort,2.211708
kv64,1000000,24680,descending,2,ska_sort,24.554667
kv64,1000000,24680,descending,2,ska_sort_copy,24.8305
kv64,1000000,24680,descending,3,std_sort,1.8475
kv64,1000000,24680,descending,3,ska_sort,24.754167
kv64,1000000,24680,descending,3,ska_sort_copy,24.572166
kv64,1000000,24680,descending,3,radixkit,0.983958
kv64,1000000,24680,descending,4,ska_sort,24.406
kv64,1000000,24680,descending,4,ska_sort_copy,24.096125
kv64,1000000,24680,descending,4,radixkit,1.04125
kv64,1000000,24680,descending,4,std_sort,1.47825
kv64,1000000,24680,descending,5,ska_sort_copy,24.080583
kv64,1000000,24680,descending,5,radixkit,1.129333
kv64,1000000,24680,descending,5,std_sort,1.521834
kv64,1000000,24680,descending,5,ska_sort,24.330334
kv64,1000000,24680,descending,6,radixkit,0.982875
kv64,1000000,24680,descending,6,std_sort,1.798334
kv64,1000000,24680,descending,6,ska_sort,24.530125
kv64,1000000,24680,descending,6,ska_sort_copy,24.298333
kv64,1000000,24680,descending,7,std_sort,1.489792
kv64,1000000,24680,descending,7,ska_sort,24.649583
kv64,1000000,24680,descending,7,ska_sort_copy,24.745666
kv64,1000000,24680,descending,7,radixkit,1.100792
kv64,1000000,24680,descending,8,ska_sort,24.50775
kv64,1000000,24680,descending,8,ska_sort_copy,24.607375
kv64,1000000,24680,descending,8,radixkit,1.072375
kv64,1000000,24680,descending,8,std_sort,1.49325
kv64,1000000,24680,sparse8,0,ska_sort,31.595958
kv64,1000000,24680,sparse8,0,ska_sort_copy,31.664166
kv64,1000000,24680,sparse8,0,radixkit,13.767833
kv64,1000000,24680,sparse8,0,std_sort,23.149791
kv64,1000000,24680,sparse8,1,ska_sort_copy,31.714125
kv64,1000000,24680,sparse8,1,radixkit,13.881875
kv64,1000000,24680,sparse8,1,std_sort,23.253042
kv64,1000000,24680,sparse8,1,ska_sort,31.809417
kv64,1000000,24680,sparse8,2,radixkit,13.059333
kv64,1000000,24680,sparse8,2,std_sort,23.092042
kv64,1000000,24680,sparse8,2,ska_sort,31.802042
kv64,1000000,24680,sparse8,2,ska_sort_copy,31.535333
kv64,1000000,24680,sparse8,3,std_sort,23.389125
kv64,1000000,24680,sparse8,3,ska_sort,31.632
kv64,1000000,24680,sparse8,3,ska_sort_copy,31.864417
kv64,1000000,24680,sparse8,3,radixkit,13.806416
kv64,1000000,24680,sparse8,4,ska_sort,31.609875
kv64,1000000,24680,sparse8,4,ska_sort_copy,31.780958
kv64,1000000,24680,sparse8,4,radixkit,14.1275
kv64,1000000,24680,sparse8,4,std_sort,23.064292
kv64,1000000,24680,sparse8,5,ska_sort_copy,31.651875
kv64,1000000,24680,sparse8,5,radixkit,13.749083
kv64,1000000,24680,sparse8,5,std_sort,23.608792
kv64,1000000,24680,sparse8,5,ska_sort,31.527083
kv64,1000000,24680,sparse8,6,radixkit,13.946042
kv64,1000000,24680,sparse8,6,std_sort,23.012875
kv64,1000000,24680,sparse8,6,ska_sort,31.345959
kv64,1000000,24680,sparse8,6,ska_sort_copy,31.698833
kv64,1000000,24680,sparse8,7,std_sort,23.34225
kv64,1000000,24680,sparse8,7,ska_sort,31.7225
kv64,1000000,24680,sparse8,7,ska_sort_copy,31.826708
kv64,1000000,24680,sparse8,7,radixkit,13.122042
kv64,1000000,24680,sparse8,8,ska_sort,31.660458
kv64,1000000,24680,sparse8,8,ska_sort_copy,31.732417
kv64,1000000,24680,sparse8,8,radixkit,13.4945
kv64,1000000,24680,sparse8,8,std_sort,23.167834
kv64,1000000,24680,nearly_sorted,0,ska_sort,26.176333
kv64,1000000,24680,nearly_sorted,0,ska_sort_copy,25.911
kv64,1000000,24680,nearly_sorted,0,radixkit,10.350875
kv64,1000000,24680,nearly_sorted,0,std_sort,2.926958
kv64,1000000,24680,nearly_sorted,1,ska_sort_copy,25.908666
kv64,1000000,24680,nearly_sorted,1,radixkit,10.330958
kv64,1000000,24680,nearly_sorted,1,std_sort,3.267333
kv64,1000000,24680,nearly_sorted,1,ska_sort,25.987584
kv64,1000000,24680,nearly_sorted,2,radixkit,10.044833
kv64,1000000,24680,nearly_sorted,2,std_sort,3.869084
kv64,1000000,24680,nearly_sorted,2,ska_sort,26.060792
kv64,1000000,24680,nearly_sorted,2,ska_sort_copy,26.16625
kv64,1000000,24680,nearly_sorted,3,std_sort,3.231875
kv64,1000000,24680,nearly_sorted,3,ska_sort,25.963792
kv64,1000000,24680,nearly_sorted,3,ska_sort_copy,25.932916
kv64,1000000,24680,nearly_sorted,3,radixkit,10.794541
kv64,1000000,24680,nearly_sorted,4,ska_sort,26.034375
kv64,1000000,24680,nearly_sorted,4,ska_sort_copy,25.945542
kv64,1000000,24680,nearly_sorted,4,radixkit,10.005625
kv64,1000000,24680,nearly_sorted,4,std_sort,2.95075
kv64,1000000,24680,nearly_sorted,5,ska_sort_copy,26.072333
kv64,1000000,24680,nearly_sorted,5,radixkit,10.03625
kv64,1000000,24680,nearly_sorted,5,std_sort,2.953084
kv64,1000000,24680,nearly_sorted,5,ska_sort,26.420792
kv64,1000000,24680,nearly_sorted,6,radixkit,9.986125
kv64,1000000,24680,nearly_sorted,6,std_sort,3.036083
kv64,1000000,24680,nearly_sorted,6,ska_sort,26.196458
kv64,1000000,24680,nearly_sorted,6,ska_sort_copy,25.887667
kv64,1000000,24680,nearly_sorted,7,std_sort,2.95675
kv64,1000000,24680,nearly_sorted,7,ska_sort,26.009833
kv64,1000000,24680,nearly_sorted,7,ska_sort_copy,25.992417
kv64,1000000,24680,nearly_sorted,7,radixkit,10.432667
kv64,1000000,24680,nearly_sorted,8,ska_sort,26.1605
kv64,1000000,24680,nearly_sorted,8,ska_sort_copy,26.26425
kv64,1000000,24680,nearly_sorted,8,radixkit,9.93325
kv64,1000000,24680,nearly_sorted,8,std_sort,2.868792
u32,1000000,97531,uniform,0,ska_sort,12.757292
u32,1000000,97531,uniform,0,ska_sort_copy,4.100709
u32,1000000,97531,uniform,0,radixkit,3.6895
u32,1000000,97531,uniform,0,adaptive,2.54725
u32,1000000,97531,uniform,0,std_sort,21.17375
u32,1000000,97531,uniform,1,ska_sort_copy,4.093625
u32,1000000,97531,uniform,1,radixkit,3.12375
u32,1000000,97531,uniform,1,adaptive,2.662333
u32,1000000,97531,uniform,1,std_sort,20.987417
u32,1000000,97531,uniform,1,ska_sort,12.446208
u32,1000000,97531,uniform,2,radixkit,2.741875
u32,1000000,97531,uniform,2,adaptive,2.889875
u32,1000000,97531,uniform,2,std_sort,21.222875
u32,1000000,97531,uniform,2,ska_sort,12.332208
u32,1000000,97531,uniform,2,ska_sort_copy,4.603834
u32,1000000,97531,uniform,3,adaptive,2.636667
u32,1000000,97531,uniform,3,std_sort,21.118875
u32,1000000,97531,uniform,3,ska_sort,12.523625
u32,1000000,97531,uniform,3,ska_sort_copy,4.236209
u32,1000000,97531,uniform,3,radixkit,2.643917
u32,1000000,97531,uniform,4,std_sort,21.382291
u32,1000000,97531,uniform,4,ska_sort,12.128917
u32,1000000,97531,uniform,4,ska_sort_copy,4.744125
u32,1000000,97531,uniform,4,radixkit,2.499041
u32,1000000,97531,uniform,4,adaptive,2.645375
u32,1000000,97531,uniform,5,ska_sort,12.451834
u32,1000000,97531,uniform,5,ska_sort_copy,4.254458
u32,1000000,97531,uniform,5,radixkit,2.65075
u32,1000000,97531,uniform,5,adaptive,3.663208
u32,1000000,97531,uniform,5,std_sort,21.073584
u32,1000000,97531,uniform,6,ska_sort_copy,4.312042
u32,1000000,97531,uniform,6,radixkit,2.638041
u32,1000000,97531,uniform,6,adaptive,2.7635
u32,1000000,97531,uniform,6,std_sort,21.035584
u32,1000000,97531,uniform,6,ska_sort,12.541542
u32,1000000,97531,uniform,7,radixkit,2.645291
u32,1000000,97531,uniform,7,adaptive,2.542292
u32,1000000,97531,uniform,7,std_sort,21.267375
u32,1000000,97531,uniform,7,ska_sort,12.538167
u32,1000000,97531,uniform,7,ska_sort_copy,4.124625
u32,1000000,97531,uniform,8,adaptive,2.59275
u32,1000000,97531,uniform,8,std_sort,20.947125
u32,1000000,97531,uniform,8,ska_sort,12.442417
u32,1000000,97531,uniform,8,ska_sort_copy,4.112
u32,1000000,97531,uniform,8,radixkit,2.62625
u32,1000000,97531,uniform16,0,ska_sort,8.5335
u32,1000000,97531,uniform16,0,ska_sort_copy,8.352458
u32,1000000,97531,uniform16,0,radixkit,2.021
u32,1000000,97531,uniform16,0,adaptive,2.063708
u32,1000000,97531,uniform16,0,std_sort,18.503375
u32,1000000,97531,uniform16,1,ska_sort_copy,8.771667
u32,1000000,97531,uniform16,1,radixkit,2.02075
u32,1000000,97531,uniform16,1,adaptive,2.100834
u32,1000000,97531,uniform16,1,std_sort,18.319709
u32,1000000,97531,uniform16,1,ska_sort,8.6635
u32,1000000,97531,uniform16,2,radixkit,2.12175
u32,1000000,97531,uniform16,2,adaptive,2.111166
u32,1000000,97531,uniform16,2,std_sort,18.356833
u32,1000000,97531,uniform16,2,ska_sort,8.829708
u32,1000000,97531,uniform16,2,ska_sort_copy,8.25175
u32,1000000,97531,uniform16,3,adaptive,2.393334
u32,1000000,97531,uniform16,3,std_sort,18.286417
u32,1000000,97531,uniform16,3,ska_sort,8.562292
u32,1000000,97531,uniform16,3,ska_sort_copy,8.427333
u32,1000000,97531,uniform16,3,radixkit,1.906041
u32,1000000,97531,uniform16,4,std_sort,18.419708
u32,1000000,97531,uniform16,4,ska_sort,8.928084
u32,1000000,97531,uniform16,4,ska_sort_copy,8.263541
u32,1000000,97531,uniform16,4,radixkit,1.9875
u32,1000000,97531,uniform16,4,adaptive,1.92975
u32,1000000,97531,uniform16,5,ska_sort,8.813917
u32,1000000,97531,uniform16,5,ska_sort_copy,8.284792
u32,1000000,97531,uniform16,5,radixkit,2.279833
u32,1000000,97531,uniform16,5,adaptive,1.878791
u32,1000000,97531,uniform16,5,std_sort,18.560459
u32,1000000,97531,uniform16,6,ska_sort_copy,8.307208
u32,1000000,97531,uniform16,6,radixkit,2.203625
u32,1000000,97531,uniform16,6,adaptive,1.878
u32,1000000,97531,uniform16,6,std_sort,18.357833
u32,1000000,97531,uniform16,6,ska_sort,8.724042
u32,1000000,97531,uniform16,7,radixkit,2.150042
u32,1000000,97531,uniform16,7,adaptive,1.889666
u32,1000000,97531,uniform16,7,std_sort,18.350458
u32,1000000,97531,uniform16,7,ska_sort,8.54475
u32,1000000,97531,uniform16,7,ska_sort_copy,8.495875
u32,1000000,97531,uniform16,8,adaptive,2.147583
u32,1000000,97531,uniform16,8,std_sort,18.32325
u32,1000000,97531,uniform16,8,ska_sort,8.838666
u32,1000000,97531,uniform16,8,ska_sort_copy,8.208375
u32,1000000,97531,uniform16,8,radixkit,2.439167
u32,1000000,97531,zeros99,0,ska_sort,12.903083
u32,1000000,97531,zeros99,0,ska_sort_copy,11.239375
u32,1000000,97531,zeros99,0,radixkit,2.74375
u32,1000000,97531,zeros99,0,adaptive,0.370875
u32,1000000,97531,zeros99,0,std_sort,0.892458
u32,1000000,97531,zeros99,1,ska_sort_copy,11.202375
u32,1000000,97531,zeros99,1,radixkit,2.752625
u32,1000000,97531,zeros99,1,adaptive,0.3695
u32,1000000,97531,zeros99,1,std_sort,0.938709
u32,1000000,97531,zeros99,1,ska_sort,12.966042
u32,1000000,97531,zeros99,2,radixkit,2.885792
u32,1000000,97531,zeros99,2,adaptive,0.36075
u32,1000000,97531,zeros99,2,std_sort,0.86475
u32,1000000,97531,zeros99,2,ska_sort,12.855167
u32,1000000,97531,zeros99,2,ska_sort_copy,11.28075
u32,1000000,97531,zeros99,3,adaptive,0.353625
u32,1000000,97531,zeros99,3,std_sort,0.863625
u32,1000000,97531,zeros99,3,ska_sort,13.135333
u32,1000000,97531,zeros99,3,ska_sort_copy,10.942666
u32,1000000,97531,zeros99,3,radixkit,3.033166
u32,1000000,97531,zeros99,4,std_sort,0.925875
u32,1000000,97531,zeros99,4,ska_sort,12.599125
u32,1000000,97531,zeros99,4,ska_sort_copy,11.32475
u32,1000000,97531,zeros99,4,radixkit,2.707584
u32,1000000,97531,zeros99,4,adaptive,0.357375
u32,1000000,97531,zeros99,5,ska_sort,13.016875
u32,1000000,97531,zeros99,5,ska_sort_copy,11.197208
u32,1000000,97531,zeros99,5,radixkit,2.836041
u32,1000000,97531,zeros99,5,adaptive,0.375292
u32,1000000,97531,zeros99,5,std_sort,0.877292
u32,1000000,97531,zeros99,6,ska_sort_copy,11.209875
u32,1000000,97531,zeros99,6,radixkit,2.838042
u32,1000000,97531,zeros99,6,adaptive,0.369916
u32,1000000,97531,zeros99,6,std_sort,0.86925
u32,1000000,97531,zeros99,6,ska_sort,12.958042
u32,1000000,97531,zeros99,7,radixkit,2.7915
u32,1000000,97531,zeros99,7,adaptive,0.358167
u32,1000000,97531,zeros99,7,std_sort,0.852291
u32,1000000,97531,zeros99,7,ska_sort,13.105709
u32,1000000,97531,zeros99,7,ska_sort_copy,11.106416
u32,1000000,97531,zeros99,8,adaptive,0.359166
u32,1000000,97531,zeros99,8,std_sort,0.909833
u32,1000000,97531,zeros99,8,ska_sort,13.0885
u32,1000000,97531,zeros99,8,ska_sort_copy,11.077625
u32,1000000,97531,zeros99,8,radixkit,3.009458
u32,1000000,97531,equal,0,ska_sort,8.554833
u32,1000000,97531,equal,0,ska_sort_copy,11.078625
u32,1000000,97531,equal,0,radixkit,1.149375
u32,1000000,97531,equal,0,adaptive,0.049709
u32,1000000,97531,equal,0,std_sort,1.297042
u32,1000000,97531,equal,1,ska_sort_copy,11.302084
u32,1000000,97531,equal,1,radixkit,1.143625
u32,1000000,97531,equal,1,adaptive,0.048625
u32,1000000,97531,equal,1,std_sort,1.28375
u32,1000000,97531,equal,1,ska_sort,8.536834
u32,1000000,97531,equal,2,radixkit,1.269333
u32,1000000,97531,equal,2,adaptive,0.049208
u32,1000000,97531,equal,2,std_sort,1.259333
u32,1000000,97531,equal,2,ska_sort,8.552209
u32,1000000,97531,equal,2,ska_sort_copy,11.134875
u32,1000000,97531,equal,3,adaptive,0.051167
u32,1000000,97531,equal,3,std_sort,1.32075
u32,1000000,97531,equal,3,ska_sort,8.873958
u32,1000000,97531,equal,3,ska_sort_copy,10.924375
u32,1000000,97531,equal,3,radixkit,1.182125
u32,1000000,97531,equal,4,std_sort,1.527334
u32,1000000,97531,equal,4,ska_sort,8.57575
u32,1000000,97531,equal,4,ska_sort_copy,11.092417
u32,1000000,97531,equal,4,radixkit,1.149416
u32,1000000,97531,equal,4,adaptive,0.050708
u32,1000000,97531,equal,5,ska_sort,8.84275
u32,1000000,97531,equal,5,ska_sort_copy,10.99425
u32,1000000,97531,equal,5,radixkit,1.146
u32,1000000,97531,equal,5,adaptive,0.048666
u32,1000000,97531,equal,5,std_sort,1.252
u32,1000000,97531,equal,6,ska_sort_copy,11.231208
u32,1000000,97531,equal,6,radixkit,1.151
u32,1000000,97531,equal,6,adaptive,0.048667
u32,1000000,97531,equal,6,std_sort,1.252042
u32,1000000,97531,equal,6,ska_sort,8.758
u32,1000000,97531,equal,7,radixkit,1.197333
u32,1000000,97531,equal,7,adaptive,0.051292
u32,1000000,97531,equal,7,std_sort,1.338833
u32,1000000,97531,equal,7,ska_sort,8.709083
u32,1000000,97531,equal,7,ska_sort_copy,10.929959
u32,1000000,97531,equal,8,adaptive,0.050458
u32,1000000,97531,equal,8,std_sort,1.47275
u32,1000000,97531,equal,8,ska_sort,8.503792
u32,1000000,97531,equal,8,ska_sort_copy,11.195084
u32,1000000,97531,equal,8,radixkit,1.149167
u32,1000000,97531,ascending,0,ska_sort,13.772667
u32,1000000,97531,ascending,0,ska_sort_copy,12.598292
u32,1000000,97531,ascending,0,radixkit,6.455042
u32,1000000,97531,ascending,0,adaptive,0.390375
u32,1000000,97531,ascending,0,std_sort,0.968792
u32,1000000,97531,ascending,1,ska_sort_copy,12.612125
u32,1000000,97531,ascending,1,radixkit,6.8455
u32,1000000,97531,ascending,1,adaptive,0.314291
u32,1000000,97531,ascending,1,std_sort,0.988916
u32,1000000,97531,ascending,1,ska_sort,13.817083
u32,1000000,97531,ascending,2,radixkit,6.384542
u32,1000000,97531,ascending,2,adaptive,0.314458
u32,1000000,97531,ascending,2,std_sort,0.940625
u32,1000000,97531,ascending,2,ska_sort,13.808833
u32,1000000,97531,ascending,2,ska_sort_copy,12.616084
u32,1000000,97531,ascending,3,adaptive,0.328708
u32,1000000,97531,ascending,3,std_sort,0.986292
u32,1000000,97531,ascending,3,ska_sort,13.786958
u32,1000000,97531,ascending,3,ska_sort_copy,12.9525
u32,1000000,97531,ascending,3,radixkit,6.387959
u32,1000000,97531,ascending,4,std_sort,0.940333
u32,1000000,97531,ascending,4,ska_sort,13.909625
u32,1000000,97531,ascending,4,ska_sort_copy,12.6965
u32,1000000,97531,ascending,4,radixkit,6.482292
u32,1000000,97531,ascending,4,adaptive,0.320708
u32,1000000,97531,ascending,5,ska_sort,13.882666
u32,1000000,97531,ascending,5,ska_sort_copy,12.887042
u32,1000000,97531,ascending,5,radixkit,6.433541
u32,1000000,97531,ascending,5,adaptive,0.346792
u32,1000000,97531,ascending,5,std_sort,1.029375
u32,1000000,97531,ascending,6,ska_sort_copy,12.447167
u32,1000000,97531,ascending,6,radixkit,6.812958
u32,1000000,97531,ascending,6,adaptive,0.314875
u32,1000000,97531,ascending,6,std_sort,0.973292
u32,1000000,97531,ascending,6,ska_sort,13.745833
u32,1000000,97531,ascending,7,radixkit,6.405584
u32,1000000,97531,ascending,7,adaptive,0.317167
u32,1000000,97531,ascending,7,std_sort,0.937875
u32,1000000,97531,ascending,7,ska_sort,13.865458
u32,1000000,97531,ascending,7,ska_sort_copy,12.96475
u32,1000000,97531,ascending,8,adaptive,0.353916
u32,1000000,97531,ascending,8,std_sort,0.964542
u32,1000000,97531,ascending,8,ska_sort,13.710417
u32,1000000,97531,ascending,8,ska_sort_copy,13.053167
u32,1000000,97531,ascending,8,radixkit,6.369667
u32,1000000,97531,descending,0,ska_sort,14.918417
u32,1000000,97531,descending,0,ska_sort_copy,13.09075
u32,1000000,97531,descending,0,radixkit,6.248083
u32,1000000,97531,descending,0,adaptive,0.540416
u32,1000000,97531,descending,0,std_sort,1.634125
u32,1000000,97531,descending,1,ska_sort_copy,12.457625
u32,1000000,97531,descending,1,radixkit,6.482542
u32,1000000,97531,descending,1,adaptive,0.592667
u32,1000000,97531,descending,1,std_sort,1.7725
u32,1000000,97531,descending,1,ska_sort,14.913417
u32,1000000,97531,descending,2,radixkit,6.29825
u32,1000000,97531,descending,2,adaptive,0.531667
u32,1000000,97531,descending,2,std_sort,1.683375
u32,1000000,97531,descending,2,ska_sort,15.048667
u32,1000000,97531,descending,2,ska_sort_copy,12.604667
u32,1000000,97531,descending,3,adaptive,0.543375
u32,1000000,97531,descending,3,std_sort,1.717167
u32,1000000,97531,descending,3,ska_sort,14.814875
u32,1000000,97531,descending,3,ska_sort_copy,12.370333
u32,1000000,97531,descending,3,radixkit,6.430333
u32,1000000,97531,descending,4,std_sort,1.626333
u32,1000000,97531,descending,4,ska_sort,14.934334
u32,1000000,97531,descending,4,ska_sort_copy,12.713083
u32,1000000,97531,descending,4,radixkit,6.370458
u32,1000000,97531,descending,4,adaptive,0.544041
u32,1000000,97531,descending,5,ska_sort,14.927792
u32,1000000,97531,descending,5,ska_sort_copy,12.961166
u32,1000000,97531,descending,5,radixkit,6.602041
u32,1000000,97531,descending,5,adaptive,0.519125
u32,1000000,97531,descending,5,std_sort,1.656291
u32,1000000,97531,descending,6,ska_sort_copy,13.021208
u32,1000000,97531,descending,6,radixkit,6.440708
u32,1000000,97531,descending,6,adaptive,0.541167
u32,1000000,97531,descending,6,std_sort,1.666042
u32,1000000,97531,descending,6,ska_sort,14.880625
u32,1000000,97531,descending,7,radixkit,6.768708
u32,1000000,97531,descending,7,adaptive,0.514083
u32,1000000,97531,descending,7,std_sort,1.636125
u32,1000000,97531,descending,7,ska_sort,14.912625
u32,1000000,97531,descending,7,ska_sort_copy,12.699875
u32,1000000,97531,descending,8,adaptive,0.582708
u32,1000000,97531,descending,8,std_sort,1.795875
u32,1000000,97531,descending,8,ska_sort,14.881917
u32,1000000,97531,descending,8,ska_sort_copy,12.509708
u32,1000000,97531,descending,8,radixkit,6.625292
u32,1000000,97531,sparse8,0,ska_sort,9.827542
u32,1000000,97531,sparse8,0,ska_sort_copy,6.421542
u32,1000000,97531,sparse8,0,radixkit,3.419042
u32,1000000,97531,sparse8,0,adaptive,0.999417
u32,1000000,97531,sparse8,0,std_sort,8.148
u32,1000000,97531,sparse8,1,ska_sort_copy,6.768917
u32,1000000,97531,sparse8,1,radixkit,3.264041
u32,1000000,97531,sparse8,1,adaptive,1.032375
u32,1000000,97531,sparse8,1,std_sort,8.404375
u32,1000000,97531,sparse8,1,ska_sort,9.610542
u32,1000000,97531,sparse8,2,radixkit,3.170834
u32,1000000,97531,sparse8,2,adaptive,1.1105
u32,1000000,97531,sparse8,2,std_sort,8.269125
u32,1000000,97531,sparse8,2,ska_sort,10.022792
u32,1000000,97531,sparse8,2,ska_sort_copy,6.571208
u32,1000000,97531,sparse8,3,adaptive,1.056208
u32,1000000,97531,sparse8,3,std_sort,8.413916
u32,1000000,97531,sparse8,3,ska_sort,9.54475
u32,1000000,97531,sparse8,3,ska_sort_copy,6.794208
u32,1000000,97531,sparse8,3,radixkit,3.214167
u32,1000000,97531,sparse8,4,std_sort,8.120584
u32,1000000,97531,sparse8,4,ska_sort,9.752
u32,1000000,97531,sparse8,4,ska_sort_copy,6.503
u32,1000000,97531,sparse8,4,radixkit,3.319834
u32,1000000,97531,sparse8,4,adaptive,0.997792
u32,1000000,97531,sparse8,5,ska_sort,9.612
u32,1000000,97531,sparse8,5,ska_sort_copy,6.699708
u32,1000000,97531,sparse8,5,radixkit,3.3735
u32,1000000,97531,sparse8,5,adaptive,1.021333
u32,1000000,97531,sparse8,5,std_sort,8.293958
u32,1000000,97531,sparse8,6,ska_sort_copy,6.539917
u32,1000000,97531,sparse8,6,radixkit,3.19775
u32,1000000,97531,sparse8,6,adaptive,1.036625
u32,1000000,97531,sparse8,6,std_sort,8.478292
u32,1000000,97531,sparse8,6,ska_sort,9.826792
u32,1000000,97531,sparse8,7,radixkit,3.210875
u32,1000000,97531,sparse8,7,adaptive,1.014709
u32,1000000,97531,sparse8,7,std_sort,8.151667
u32,1000000,97531,sparse8,7,ska_sort,9.824208
u32,1000000,97531,sparse8,7,ska_sort_copy,6.383541
u32,1000000,97531,sparse8,8,adaptive,1.358125
u32,1000000,97531,sparse8,8,std_sort,8.234333
u32,1000000,97531,sparse8,8,ska_sort,9.770791
u32,1000000,97531,sparse8,8,ska_sort_copy,6.557166
u32,1000000,97531,sparse8,8,radixkit,3.191417
u32,1000000,97531,nearly_sorted,0,ska_sort,15.996417
u32,1000000,97531,nearly_sorted,0,ska_sort_copy,12.657541
u32,1000000,97531,nearly_sorted,0,radixkit,6.96125
u32,1000000,97531,nearly_sorted,0,adaptive,6.406875
u32,1000000,97531,nearly_sorted,0,std_sort,2.778958
u32,1000000,97531,nearly_sorted,1,ska_sort_copy,12.680708
u32,1000000,97531,nearly_sorted,1,radixkit,6.701042
u32,1000000,97531,nearly_sorted,1,adaptive,6.482375
u32,1000000,97531,nearly_sorted,1,std_sort,2.777167
u32,1000000,97531,nearly_sorted,1,ska_sort,15.812042
u32,1000000,97531,nearly_sorted,2,radixkit,6.772875
u32,1000000,97531,nearly_sorted,2,adaptive,6.338083
u32,1000000,97531,nearly_sorted,2,std_sort,2.79475
u32,1000000,97531,nearly_sorted,2,ska_sort,15.84125
u32,1000000,97531,nearly_sorted,2,ska_sort_copy,12.908875
u32,1000000,97531,nearly_sorted,3,adaptive,6.374709
u32,1000000,97531,nearly_sorted,3,std_sort,3.08325
u32,1000000,97531,nearly_sorted,3,ska_sort,15.840958
u32,1000000,97531,nearly_sorted,3,ska_sort_copy,11.991417
u32,1000000,97531,nearly_sorted,3,radixkit,6.730542
u32,1000000,97531,nearly_sorted,4,std_sort,2.872292
u32,1000000,97531,nearly_sorted,4,ska_sort,15.887125
u32,1000000,97531,nearly_sorted,4,ska_sort_copy,12.695334
u32,1000000,97531,nearly_sorted,4,radixkit,6.398458
u32,1000000,97531,nearly_sorted,4,adaptive,6.702542
u32,1000000,97531,nearly_sorted,5,ska_sort,15.875042
u32,1000000,97531,nearly_sorted,5,ska_sort_copy,12.754542
u32,1000000,97531,nearly_sorted,5,radixkit,6.730125
u32,1000000,97531,nearly_sorted,5,adaptive,6.362334
u32,1000000,97531,nearly_sorted,5,std_sort,3.152667
u32,1000000,97531,nearly_sorted,6,ska_sort_copy,12.701667
u32,1000000,97531,nearly_sorted,6,radixkit,6.721958
u32,1000000,97531,nearly_sorted,6,adaptive,6.367291
u32,1000000,97531,nearly_sorted,6,std_sort,2.793708
u32,1000000,97531,nearly_sorted,6,ska_sort,15.860875
u32,1000000,97531,nearly_sorted,7,radixkit,6.88925
u32,1000000,97531,nearly_sorted,7,adaptive,6.31975
u32,1000000,97531,nearly_sorted,7,std_sort,2.822458
u32,1000000,97531,nearly_sorted,7,ska_sort,15.976625
u32,1000000,97531,nearly_sorted,7,ska_sort_copy,12.865292
u32,1000000,97531,nearly_sorted,8,adaptive,6.697833
u32,1000000,97531,nearly_sorted,8,std_sort,2.785542
u32,1000000,97531,nearly_sorted,8,ska_sort,16.052875
u32,1000000,97531,nearly_sorted,8,ska_sort_copy,12.493458
u32,1000000,97531,nearly_sorted,8,radixkit,6.570334
u64,1000000,97531,uniform,0,ska_sort,13.34075
u64,1000000,97531,uniform,0,ska_sort_copy,12.983459
u64,1000000,97531,uniform,0,radixkit,7.23075
u64,1000000,97531,uniform,0,adaptive,6.342167
u64,1000000,97531,uniform,0,std_sort,21.853625
u64,1000000,97531,uniform,1,ska_sort_copy,12.991292
u64,1000000,97531,uniform,1,radixkit,7.973959
u64,1000000,97531,uniform,1,adaptive,6.675
u64,1000000,97531,uniform,1,std_sort,21.836
u64,1000000,97531,uniform,1,ska_sort,12.565125
u64,1000000,97531,uniform,2,radixkit,7.334208
u64,1000000,97531,uniform,2,adaptive,7.062042
u64,1000000,97531,uniform,2,std_sort,22.5305
u64,1000000,97531,uniform,2,ska_sort,12.430541
u64,1000000,97531,uniform,2,ska_sort_copy,13.572292
u64,1000000,97531,uniform,3,adaptive,7.527542
u64,1000000,97531,uniform,3,std_sort,21.98275
u64,1000000,97531,uniform,3,ska_sort,12.77025
u64,1000000,97531,uniform,3,ska_sort_copy,13.033458
u64,1000000,97531,uniform,3,radixkit,7.09125
u64,1000000,97531,uniform,4,std_sort,22.181125
u64,1000000,97531,uniform,4,ska_sort,12.412375
u64,1000000,97531,uniform,4,ska_sort_copy,13.326208
u64,1000000,97531,uniform,4,radixkit,7.968791
u64,1000000,97531,uniform,4,adaptive,6.780208
u64,1000000,97531,uniform,5,ska_sort,12.86125
u64,1000000,97531,uniform,5,ska_sort_copy,12.823709
u64,1000000,97531,uniform,5,radixkit,7.068042
u64,1000000,97531,uniform,5,adaptive,7.701042
u64,1000000,97531,uniform,5,std_sort,21.786125
u64,1000000,97531,uniform,6,ska_sort_copy,12.804791
u64,1000000,97531,uniform,6,radixkit,6.829
u64,1000000,97531,uniform,6,adaptive,7.559709
u64,1000000,97531,uniform,6,std_sort,22.375584
u64,1000000,97531,uniform,6,ska_sort,12.812042
u64,1000000,97531,uniform,7,radixkit,6.391583
u64,1000000,97531,uniform,7,adaptive,6.819375
u64,1000000,97531,uniform,7,std_sort,22.242667
u64,1000000,97531,uniform,7,ska_sort,12.737542
u64,1000000,97531,uniform,7,ska_sort_copy,12.767625
u64,1000000,97531,uniform,8,adaptive,6.973333
u64,1000000,97531,uniform,8,std_sort,21.986958
u64,1000000,97531,uniform,8,ska_sort,12.399834
u64,1000000,97531,uniform,8,ska_sort_copy,13.040292
u64,1000000,97531,uniform,8,radixkit,7.238375
u64,1000000,97531,uniform16,0,ska_sort,17.843167
u64,1000000,97531,uniform16,0,ska_sort_copy,17.521167
u64,1000000,97531,uniform16,0,radixkit,4.081667
u64,1000000,97531,uniform16,0,adaptive,1.887
u64,1000000,97531,uniform16,0,std_sort,19.468292
u64,1000000,97531,uniform16,1,ska_sort_copy,18.395125
u64,1000000,97531,uniform16,1,radixkit,4.062833
u64,1000000,97531,uniform16,1,adaptive,2.032625
u64,1000000,97531,uniform16,1,std_sort,19.116417
u64,1000000,97531,uniform16,1,ska_sort,17.531167
u64,1000000,97531,uniform16,2,radixkit,4.031834
u64,1000000,97531,uniform16,2,adaptive,1.898291
u64,1000000,97531,uniform16,2,std_sort,19.161958
u64,1000000,97531,uniform16,2,ska_sort,17.619375
u64,1000000,97531,uniform16,2,ska_sort_copy,17.40875
u64,1000000,97531,uniform16,3,adaptive,2.447542
u64,1000000,97531,uniform16,3,std_sort,19.745875
u64,1000000,97531,uniform16,3,ska_sort,17.447625
u64,1000000,97531,uniform16,3,ska_sort_copy,17.701208
u64,1000000,97531,uniform16,3,radixkit,4.282542
u64,1000000,97531,uniform16,4,std_sort,19.291208
u64,1000000,97531,uniform16,4,ska_sort,18.081833
u64,1000000,97531,uniform16,4,ska_sort_copy,17.53775
u64,1000000,97531,uniform16,4,radixkit,3.970375
u64,1000000,97531,uniform16,4,adaptive,1.957541
u64,1000000,97531,uniform16,5,ska_sort,17.77125
u64,1000000,97531,uniform16,5,ska_sort_copy,17.653875
u64,1000000,97531,uniform16,5,radixkit,4.695792
u64,1000000,97531,uniform16,5,adaptive,1.896375
u64,1000000,97531,uniform16,5,std_sort,19.077875
u64,1000000,97531,uniform16,6,ska_sort_copy,17.5395
u64,1000000,97531,uniform16,6,radixkit,4.111958
u64,1000000,97531,uniform16,6,adaptive,1.884125
u64,1000000,97531,uniform16,6,std_sort,19.584
u64,1000000,97531,uniform16,6,ska_sort,18.469958
u64,1000000,97531,uniform16,7,radixkit,4.16625
u64,1000000,97531,uniform16,7,adaptive,2.060791
u64,1000000,97531,uniform16,7,std_sort,19.078208
u64,1000000,97531,uniform16,7,ska_sort,17.957583
u64,1000000,97531,uniform16,7,ska_sort_copy,17.597292
u64,1000000,97531,uniform16,8,adaptive,1.870625
u64,1000000,97531,uniform16,8,std_sort,19.18625
u64,1000000,97531,uniform16,8,ska_sort,17.397417
u64,1000000,97531,uniform16,8,ska_sort_copy,17.576209
u64,1000000,97531,uniform16,8,radixkit,3.933709
u64,1000000,97531,zeros99,0,ska_sort,21.497708
u64,1000000,97531,zeros99,0,ska_sort_copy,21.475208
u64,1000000,97531,zeros99,0,radixkit,0.429334
u64,1000000,97531,zeros99,0,adaptive,0.416208
u64,1000000,97531,zeros99,0,std_sort,0.954167
u64,1000000,97531,zeros99,1,ska_sort_copy,21.490041
u64,1000000,97531,zeros99,1,radixkit,0.452417
u64,1000000,97531,zeros99,1,adaptive,0.410667
u64,1000000,97531,zeros99,1,std_sort,0.934792
u64,1000000,97531,zeros99,1,ska_sort,21.557209
u64,1000000,97531,zeros99,2,radixkit,0.395667
u64,1000000,97531,zeros99,2,adaptive,0.38375
u64,1000000,97531,zeros99,2,std_sort,0.930917
u64,1000000,97531,zeros99,2,ska_sort,21.507875
u64,1000000,97531,zeros99,2,ska_sort_copy,21.389084
u64,1000000,97531,zeros99,3,adaptive,0.6135
u64,1000000,97531,zeros99,3,std_sort,0.96025
u64,1000000,97531,zeros99,3,ska_sort,21.318125
u64,1000000,97531,zeros99,3,ska_sort_copy,21.558125
u64,1000000,97531,zeros99,3,radixkit,0.382958
u64,1000000,97531,zeros99,4,std_sort,0.937958
u64,1000000,97531,zeros99,4,ska_sort,21.710583
u64,1000000,97531,zeros99,4,ska_sort_copy,21.527833
u64,1000000,97531,zeros99,4,radixkit,0.3965
u64,1000000,97531,zeros99,4,adaptive,0.385916
u64,1000000,97531,zeros99,5,ska_sort,21.383
u64,1000000,97531,zeros99,5,ska_sort_copy,21.463042
u64,1000000,97531,zeros99,5,radixkit,0.394958
u64,1000000,97531,zeros99,5,adaptive,0.39875
u64,1000000,97531,zeros99,5,std_sort,0.984333
u64,1000000,97531,zeros99,6,ska_sort_copy,21.424833
u64,1000000,97531,zeros99,6,radixkit,0.465958
u64,1000000,97531,zeros99,6,adaptive,0.83075
u64,1000000,97531,zeros99,6,std_sort,0.964458
u64,1000000,97531,zeros99,6,ska_sort,21.332333
u64,1000000,97531,zeros99,7,radixkit,0.393584
u64,1000000,97531,zeros99,7,adaptive,0.437
u64,1000000,97531,zeros99,7,std_sort,0.936833
u64,1000000,97531,zeros99,7,ska_sort,21.733667
u64,1000000,97531,zeros99,7,ska_sort_copy,21.35825
u64,1000000,97531,zeros99,8,adaptive,0.410959
u64,1000000,97531,zeros99,8,std_sort,0.959375
u64,1000000,97531,zeros99,8,ska_sort,21.685208
u64,1000000,97531,zeros99,8,ska_sort_copy,21.729458
u64,1000000,97531,zeros99,8,radixkit,0.387541
u64,1000000,97531,equal,0,ska_sort,17.308625
u64,1000000,97531,equal,0,ska_sort_copy,17.309
u64,1000000,97531,equal,0,radixkit,0.165208
u64,1000000,97531,equal,0,adaptive,0.110084
u64,1000000,97531,equal,0,std_sort,1.261667
u64,1000000,97531,equal,1,ska_sort_copy,17.286042
u64,1000000,97531,equal,1,radixkit,0.163125
u64,1000000,97531,equal,1,adaptive,0.116708
u64,1000000,97531,equal,1,std_sort,1.300875
u64,1000000,97531,equal,1,ska_sort,17.292333
u64,1000000,97531,equal,2,radixkit,0.168083
u64,1000000,97531,equal,2,adaptive,0.110916
u64,1000000,97531,equal,2,std_sort,1.282917
u64,1000000,97531,equal,2,ska_sort,17.316291
u64,1000000,97531,equal,2,ska_sort_copy,17.257375
u64,1000000,97531,equal,3,adaptive,0.230458
u64,1000000,97531,equal,3,std_sort,1.305125
u64,1000000,97531,equal,3,ska_sort,17.265583
u64,1000000,97531,equal,3,ska_sort_copy,17.432917
u64,1000000,97531,equal,3,radixkit,0.166834
u64,1000000,97531,equal,4,std_sort,1.32175
u64,1000000,97531,equal,4,ska_sort,17.248125
u64,1000000,97531,equal,4,ska_sort_copy,17.302875
u64,1000000,97531,equal,4,radixkit,0.16675
u64,1000000,97531,equal,4,adaptive,0.115709
u64,1000000,97531,equal,5,ska_sort,17.30525
u64,1000000,97531,equal,5,ska_sort_copy,17.187958
u64,1000000,97531,equal,5,radixkit,0.163125
u64,1000000,97531,equal,5,adaptive,0.126
u64,1000000,97531,equal,5,std_sort,1.605417
u64,1000000,97531,equal,6,ska_sort_copy,17.089083
u64,1000000,97531,equal,6,radixkit,0.163375
u64,1000000,97531,equal,6,adaptive,0.1105
u64,1000000,97531,equal,6,std_sort,1.257
u64,1000000,97531,equal,6,ska_sort,17.049125
u64,1000000,97531,equal,7,radixkit,0.16825
u64,1000000,97531,equal,7,adaptive,0.126125
u64,1000000,97531,equal,7,std_sort,1.314208
u64,1000000,97531,equal,7,ska_sort,17.121458
u64,1000000,97531,equal,7,ska_sort_copy,17.070458
u64,1000000,97531,equal,8,adaptive,0.110833
u64,1000000,97531,equal,8,std_sort,1.256833
u64,1000000,97531,equal,8,ska_sort,17.01525
u64,1000000,97531,equal,8,ska_sort_copy,17.115959
u64,1000000,97531,equal,8,radixkit,0.342
u64,1000000,97531,ascending,0,ska_sort,22.517208
u64,1000000,97531,ascending,0,ska_sort_copy,22.435041
u64,1000000,97531,ascending,0,radixkit,0.616625
u64,1000000,97531,ascending,0,adaptive,0.615041
u64,1000000,97531,ascending,0,std_sort,0.944375
u64,1000000,97531,ascending,1,ska_sort_copy,22.485416
u64,1000000,97531,ascending,1,radixkit,0.615042
u64,1000000,97531,ascending,1,adaptive,0.618125
u64,1000000,97531,ascending,1,std_sort,0.962458
u64,1000000,97531,ascending,1,ska_sort,22.740083
u64,1000000,97531,ascending,2,radixkit,0.6115
u64,1000000,97531,ascending,2,adaptive,0.63425
u64,1000000,97531,ascending,2,std_sort,0.986334
u64,1000000,97531,ascending,2,ska_sort,22.424666
u64,1000000,97531,ascending,2,ska_sort_copy,22.601375
u64,1000000,97531,ascending,3,adaptive,0.646083
u64,1000000,97531,ascending,3,std_sort,0.984666
u64,1000000,97531,ascending,3,ska_sort,22.402625
u64,1000000,97531,ascending,3,ska_sort_copy,22.743709
u64,1000000,97531,ascending,3,radixkit,0.622041
u64,1000000,97531,ascending,4,std_sort,0.983625
u64,1000000,97531,ascending,4,ska_sort,22.370166
u64,1000000,97531,ascending,4,ska_sort_copy,22.653333
u64,1000000,97531,ascending,4,radixkit,0.611959
u64,1000000,97531,ascending,4,adaptive,0.61725
u64,1000000,97531,ascending,5,ska_sort,22.559
u64,1000000,97531,ascending,5,ska_sort_copy,23.088333
u64,1000000,97531,ascending,5,radixkit,0.631084
u64,1000000,97531,ascending,5,adaptive,0.631334
u64,1000000,97531,ascending,5,std_sort,0.985833
u64,1000000,97531,ascending,6,ska_sort_copy,23.1855
u64,1000000,97531,ascending,6,radixkit,0.633
u64,1000000,97531,ascending,6,adaptive,0.905416
u64,1000000,97531,ascending,6,std_sort,1.022917
u64,1000000,97531,ascending,6,ska_sort,23.438583
u64,1000000,97531,ascending,7,radixkit,0.644625
u64,1000000,97531,ascending,7,adaptive,0.615541
u64,1000000,97531,ascending,7,std_sort,0.94475
u64,1000000,97531,ascending,7,ska_sort,22.604833
u64,1000000,97531,ascending,7,ska_sort_copy,22.378375
u64,1000000,97531,ascending,8,adaptive,0.6365
u64,1000000,97531,ascending,8,std_sort,0.949292
u64,1000000,97531,ascending,8,ska_sort,22.713458
u64,1000000,97531,ascending,8,ska_sort_copy,22.32225
u64,1000000,97531,ascending,8,radixkit,0.667625
u64,1000000,97531,descending,0,ska_sort,23.395833
u64,1000000,97531,descending,0,ska_sort_copy,23.655125
u64,1000000,97531,descending,0,radixkit,0.854
u64,1000000,97531,descending,0,adaptive,0.843417
u64,1000000,97531,descending,0,std_sort,1.642459
u64,1000000,97531,descending,1,ska_sort_copy,23.490167
u64,1000000,97531,descending,1,radixkit,0.88625
u64,1000000,97531,descending,1,adaptive,1.109458
u64,1000000,97531,descending,1,std_sort,1.662625
u64,1000000,97531,descending,1,ska_sort,23.523584
u64,1000000,97531,descending,2,radixkit,0.844
u64,1000000,97531,descending,2,adaptive,0.855
u64,1000000,97531,descending,2,std_sort,1.643792
u64,1000000,97531,descending,2,ska_sort,23.766541
u64,1000000,97531,descending,2,ska_sort_copy,23.483792
u64,1000000,97531,descending,3,adaptive,0.880959
u64,1000000,97531,descending,3,std_sort,1.798625
u64,1000000,97531,descending,3,ska_sort,23.463958
u64,1000000,97531,descending,3,ska_sort_copy,23.706667
u64,1000000,97531,descending,3,radixkit,0.86825
u64,1000000,97531,descending,4,std_sort,1.667667
u64,1000000,97531,descending,4,ska_sort,23.685083
u64,1000000,97531,descending,4,ska_sort_copy,23.714459
u64,1000000,97531,descending,4,radixkit,0.8475
u64,1000000,97531,descending,4,adaptive,0.846208
u64,1000000,97531,descending,5,ska_sort,23.579209
u64,1000000,97531,descending,5,ska_sort_copy,23.728333
u64,1000000,97531,descending,5,radixkit,0.846792
u64,1000000,97531,descending,5,adaptive,0.850583
u64,1000000,97531,descending,5,std_sort,1.708292
u64,1000000,97531,descending,6,ska_sort_copy,23.753917
u64,1000000,97531,descending,6,radixkit,0.873417
u64,1000000,97531,descending,6,adaptive,0.844084
u64,1000000,97531,descending,6,std_sort,1.679541
u64,1000000,97531,descending,6,ska_sort,24.240875
u64,1000000,97531,descending,7,radixkit,0.84925
u64,1000000,97531,descending,7,adaptive,1.162917
u64,1000000,97531,descending,7,std_sort,1.662416
u64,1000000,97531,descending,7,ska_sort,23.498542
u64,1000000,97531,descending,7,ska_sort_copy,23.745083
u64,1000000,97531,descending,8,adaptive,0.850916
u64,1000000,97531,descending,8,std_sort,1.642792
u64,1000000,97531,descending,8,ska_sort,118.2695
u64,1000000,97531,descending,8,ska_sort_copy,37.252583
u64,1000000,97531,descending,8,radixkit,1.183333
u64,1000000,97531,sparse8,0,ska_sort,30.552416
u64,1000000,97531,sparse8,0,ska_sort_copy,30.364833
u64,1000000,97531,sparse8,0,radixkit,12.828708
u64,1000000,97531,sparse8,0,adaptive,1.924292
u64,1000000,97531,sparse8,0,std_sort,8.649875
u64,1000000,97531,sparse8,1,ska_sort_copy,30.737667
u64,1000000,97531,sparse8,1,radixkit,12.718667
u64,1000000,97531,sparse8,1,adaptive,1.926167
u64,1000000,97531,sparse8,1,std_sort,8.378584
u64,1000000,97531,sparse8,1,ska_sort,30.860459
u64,1000000,97531,sparse8,2,radixkit,12.842958
u64,1000000,97531,sparse8,2,adaptive,2.040791
u64,1000000,97531,sparse8,2,std_sort,8.997416
u64,1000000,97531,sparse8,2,ska_sort,30.791583
u64,1000000,97531,sparse8,2,ska_sort_copy,30.591708
u64,1000000,97531,sparse8,3,adaptive,2.16525
u64,1000000,97531,sparse8,3,std_sort,8.459042
u64,1000000,97531,sparse8,3,ska_sort,31.040666
u64,1000000,97531,sparse8,3,ska_sort_copy,30.84725
u64,1000000,97531,sparse8,3,radixkit,13.036541
u64,1000000,97531,sparse8,4,std_sort,8.362667
u64,1000000,97531,sparse8,4,ska_sort,31.03325
u64,1000000,97531,sparse8,4,ska_sort_copy,30.93
u64,1000000,97531,sparse8,4,radixkit,12.821416
u64,1000000,97531,sparse8,4,adaptive,1.994292
u64,1000000,97531,sparse8,5,ska_sort,30.750833
u64,1000000,97531,sparse8,5,ska_sort_copy,30.919917
u64,1000000,97531,sparse8,5,radixkit,13.109167
u64,1000000,97531,sparse8,5,adaptive,1.908166
u64,1000000,97531,sparse8,5,std_sort,8.569459
u64,1000000,97531,sparse8,6,ska_sort_copy,30.889083
u64,1000000,97531,sparse8,6,radixkit,13.143916
u64,1000000,97531,sparse8,6,adaptive,1.955125
u64,1000000,97531,sparse8,6,std_sort,8.713875
u64,1000000,97531,sparse8,6,ska_sort,31.04875
u64,1000000,97531,sparse8,7,radixkit,12.802041
u64,1000000,97531,sparse8,7,adaptive,2.359958
u64,1000000,97531,sparse8,7,std_sort,8.486
u64,1000000,97531,sparse8,7,ska_sort,31.080792
u64,1000000,97531,sparse8,7,ska_sort_copy,31.179334
u64,1000000,97531,sparse8,8,adaptive,1.944583
u64,1000000,97531,sparse8,8,std_sort,8.757
u64,1000000,97531,sparse8,8,ska_sort,30.963291
u64,1000000,97531,sparse8,8,ska_sort_copy,30.840375
u64,1000000,97531,sparse8,8,radixkit,12.411209
u64,1000000,97531,nearly_sorted,0,ska_sort,25.06075
u64,1000000,97531,nearly_sorted,0,ska_sort_copy,24.513
u64,1000000,97531,nearly_sorted,0,radixkit,9.927291
u64,1000000,97531,nearly_sorted,0,adaptive,9.971417
u64,1000000,97531,nearly_sorted,0,std_sort,2.965042
u64,1000000,97531,nearly_sorted,1,ska_sort_copy,24.50025
u64,1000000,97531,nearly_sorted,1,radixkit,10.230833
u64,1000000,97531,nearly_sorted,1,adaptive,9.936167
u64,1000000,97531,nearly_sorted,1,std_sort,2.984292
u64,1000000,97531,nearly_sorted,1,ska_sort,24.640334
u64,1000000,97531,nearly_sorted,2,radixkit,10.084
u64,1000000,97531,nearly_sorted,2,adaptive,9.822875
u64,1000000,97531,nearly_sorted,2,std_sort,2.966125
u64,1000000,97531,nearly_sorted,2,ska_sort,24.556791
u64,1000000,97531,nearly_sorted,2,ska_sort_copy,24.86075
u64,1000000,97531,nearly_sorted,3,adaptive,9.381083
u64,1000000,97531,nearly_sorted,3,std_sort,3.526709
u64,1000000,97531,nearly_sorted,3,ska_sort,24.647541
u64,1000000,97531,nearly_sorted,3,ska_sort_copy,24.899667
u64,1000000,97531,nearly_sorted,3,radixkit,9.249375
u64,1000000,97531,nearly_sorted,4,std_sort,3.590958
u64,1000000,97531,nearly_sorted,4,ska_sort,24.646583
u64,1000000,97531,nearly_sorted,4,ska_sort_copy,24.867208
u64,1000000,97531,nearly_sorted,4,radixkit,9.453667
u64,1000000,97531,nearly_sorted,4,adaptive,9.803292
u64,1000000,97531,nearly_sorted,5,ska_sort,24.658917
u64,1000000,97531,nearly_sorted,5,ska_sort_copy,24.76025
u64,1000000,97531,nearly_sorted,5,radixkit,9.286958
u64,1000000,97531,nearly_sorted,5,adaptive,9.710333
u64,1000000,97531,nearly_sorted,5,std_sort,2.95075
u64,1000000,97531,nearly_sorted,6,ska_sort_copy,24.847666
u64,1000000,97531,nearly_sorted,6,radixkit,9.590958
u64,1000000,97531,nearly_sorted,6,adaptive,9.543666
u64,1000000,97531,nearly_sorted,6,std_sort,2.984417
u64,1000000,97531,nearly_sorted,6,ska_sort,24.601875
u64,1000000,97531,nearly_sorted,7,radixkit,9.254958
u64,1000000,97531,nearly_sorted,7,adaptive,10.099
u64,1000000,97531,nearly_sorted,7,std_sort,2.959667
u64,1000000,97531,nearly_sorted,7,ska_sort,24.712709
u64,1000000,97531,nearly_sorted,7,ska_sort_copy,24.449792
u64,1000000,97531,nearly_sorted,8,adaptive,9.69775
u64,1000000,97531,nearly_sorted,8,std_sort,3.070209
u64,1000000,97531,nearly_sorted,8,ska_sort,24.656333
u64,1000000,97531,nearly_sorted,8,ska_sort_copy,24.833417
u64,1000000,97531,nearly_sorted,8,radixkit,9.626708
kv32,1000000,97531,uniform,0,ska_sort,13.828333
kv32,1000000,97531,uniform,0,ska_sort_copy,7.877667
kv32,1000000,97531,uniform,0,radixkit,9.873833
kv32,1000000,97531,uniform,0,std_sort,56.862
kv32,1000000,97531,uniform,1,ska_sort_copy,7.461916
kv32,1000000,97531,uniform,1,radixkit,9.015542
kv32,1000000,97531,uniform,1,std_sort,56.917209
kv32,1000000,97531,uniform,1,ska_sort,13.194333
kv32,1000000,97531,uniform,2,radixkit,8.819291
kv32,1000000,97531,uniform,2,std_sort,56.89825
kv32,1000000,97531,uniform,2,ska_sort,13.132042
kv32,1000000,97531,uniform,2,ska_sort_copy,7.426375
kv32,1000000,97531,uniform,3,std_sort,56.638792
kv32,1000000,97531,uniform,3,ska_sort,13.222667
kv32,1000000,97531,uniform,3,ska_sort_copy,7.525834
kv32,1000000,97531,uniform,3,radixkit,8.8545
kv32,1000000,97531,uniform,4,ska_sort,13.754417
kv32,1000000,97531,uniform,4,ska_sort_copy,7.569167
kv32,1000000,97531,uniform,4,radixkit,9.424
kv32,1000000,97531,uniform,4,std_sort,56.901417
kv32,1000000,97531,uniform,5,ska_sort_copy,7.560042
kv32,1000000,97531,uniform,5,radixkit,8.836791
kv32,1000000,97531,uniform,5,std_sort,56.954833
kv32,1000000,97531,uniform,5,ska_sort,13.211917
kv32,1000000,97531,uniform,6,radixkit,8.854291
kv32,1000000,97531,uniform,6,std_sort,56.910542
kv32,1000000,97531,uniform,6,ska_sort,13.175
kv32,1000000,97531,uniform,6,ska_sort_copy,7.965416
kv32,1000000,97531,uniform,7,std_sort,56.958125
kv32,1000000,97531,uniform,7,ska_sort,13.472833
kv32,1000000,97531,uniform,7,ska_sort_copy,7.522834
kv32,1000000,97531,uniform,7,radixkit,9.047333
kv32,1000000,97531,uniform,8,ska_sort,13.585041
kv32,1000000,97531,uniform,8,ska_sort_copy,7.379209
kv32,1000000,97531,uniform,8,radixkit,9.032084
kv32,1000000,97531,uniform,8,std_sort,56.960208
kv32,1000000,97531,uniform16,0,ska_sort,9.6855
kv32,1000000,97531,uniform16,0,ska_sort_copy,9.474709
kv32,1000000,97531,uniform16,0,radixkit,4.925042
kv32,1000000,97531,uniform16,0,std_sort,50.297667
kv32,1000000,97531,uniform16,1,ska_sort_copy,10.992917
kv32,1000000,97531,uniform16,1,radixkit,5.744666
kv32,1000000,97531,uniform16,1,std_sort,52.727417
kv32,1000000,97531,uniform16,1,ska_sort,10.245417
kv32,1000000,97531,uniform16,2,radixkit,5.545833
kv32,1000000,97531,uniform16,2,std_sort,52.7735
kv32,1000000,97531,uniform16,2,ska_sort,10.360542
kv32,1000000,97531,uniform16,2,ska_sort_copy,10.737667
kv32,1000000,97531,uniform16,3,std_sort,51.310458
kv32,1000000,97531,uniform16,3,ska_sort,9.597292
kv32,1000000,97531,uniform16,3,ska_sort_copy,10.421583
kv32,1000000,97531,uniform16,3,radixkit,5.978417
kv32,1000000,97531,uniform16,4,ska_sort,9.9535
kv32,1000000,97531,uniform16,4,ska_sort_copy,10.095291
kv32,1000000,97531,uniform16,4,radixkit,5.519625
kv32,1000000,97531,uniform16,4,std_sort,50.331708
kv32,1000000,97531,uniform16,5,ska_sort_copy,9.915042
kv32,1000000,97531,uniform16,5,radixkit,5.49075
kv32,1000000,97531,uniform16,5,std_sort,50.46425
kv32,1000000,97531,uniform16,5,ska_sort,10.901042
kv32,1000000,97531,uniform16,6,radixkit,5.877959
kv32,1000000,97531,uniform16,6,std_sort,50.040458
kv32,1000000,97531,uniform16,6,ska_sort,9.798917
kv32,1000000,97531,uniform16,6,ska_sort_copy,10.133209
kv32,1000000,97531,uniform16,7,std_sort,50.175958
kv32,1000000,97531,uniform16,7,ska_sort,9.502084
kv32,1000000,97531,uniform16,7,ska_sort_copy,10.009625
kv32,1000000,97531,uniform16,7,radixkit,5.5925
kv32,1000000,97531,uniform16,8,ska_sort,9.544125
kv32,1000000,97531,uniform16,8,ska_sort_copy,9.442958
kv32,1000000,97531,uniform16,8,radixkit,4.908667
kv32,1000000,97531,uniform16,8,std_sort,50.075083
kv32,1000000,97531,zeros99,0,ska_sort,13.571833
kv32,1000000,97531,zeros99,0,ska_sort_copy,11.346708
kv32,1000000,97531,zeros99,0,radixkit,8.627291
kv32,1000000,97531,zeros99,0,std_sort,65.008542
kv32,1000000,97531,zeros99,1,ska_sort_copy,10.760666
kv32,1000000,97531,zeros99,1,radixkit,8.665208
kv32,1000000,97531,zeros99,1,std_sort,67.77575
kv32,1000000,97531,zeros99,1,ska_sort,13.307291
kv32,1000000,97531,zeros99,2,radixkit,8.588375
kv32,1000000,97531,zeros99,2,std_sort,67.289584
kv32,1000000,97531,zeros99,2,ska_sort,13.378292
kv32,1000000,97531,zeros99,2,ska_sort_copy,10.786041
kv32,1000000,97531,zeros99,3,std_sort,65.769416
kv32,1000000,97531,zeros99,3,ska_sort,13.474875
kv32,1000000,97531,zeros99,3,ska_sort_copy,10.822
kv32,1000000,97531,zeros99,3,radixkit,8.65625
kv32,1000000,97531,zeros99,4,ska_sort,13.518667
kv32,1000000,97531,zeros99,4,ska_sort_copy,11.249625
kv32,1000000,97531,zeros99,4,radixkit,9.145875
kv32,1000000,97531,zeros99,4,std_sort,67.631584
kv32,1000000,97531,zeros99,5,ska_sort_copy,11.225875
kv32,1000000,97531,zeros99,5,radixkit,9.189042
kv32,1000000,97531,zeros99,5,std_sort,66.972333
kv32,1000000,97531,zeros99,5,ska_sort,13.563792
kv32,1000000,97531,zeros99,6,radixkit,9.129875
kv32,1000000,97531,zeros99,6,std_sort,67.011417
kv32,1000000,97531,zeros99,6,ska_sort,13.531125
kv32,1000000,97531,zeros99,6,ska_sort_copy,11.236
kv32,1000000,97531,zeros99,7,std_sort,66.157167
kv32,1000000,97531,zeros99,7,ska_sort,13.303208
kv32,1000000,97531,zeros99,7,ska_sort_copy,11.159292
kv32,1000000,97531,zeros99,7,radixkit,8.955291
kv32,1000000,97531,zeros99,8,ska_sort,13.384834
kv32,1000000,97531,zeros99,8,ska_sort_copy,11.137333
kv32,1000000,97531,zeros99,8,radixkit,8.596125
kv32,1000000,97531,zeros99,8,std_sort,68.532834
kv32,1000000,97531,equal,0,ska_sort,8.534541
kv32,1000000,97531,equal,0,ska_sort_copy,11.014291
kv32,1000000,97531,equal,0,radixkit,1.258166
kv32,1000000,97531,equal,0,std_sort,0.824917
kv32,1000000,97531,equal,1,ska_sort_copy,10.772333
kv32,1000000,97531,equal,1,radixkit,1.241125
kv32,1000000,97531,equal,1,std_sort,0.718709
kv32,1000000,97531,equal,1,ska_sort,8.804
kv32,1000000,97531,equal,2,radixkit,1.220292
kv32,1000000,97531,equal,2,std_sort,0.906209
kv32,1000000,97531,equal,2,ska_sort,8.837375
kv32,1000000,97531,equal,2,ska_sort_copy,11.093583
kv32,1000000,97531,equal,3,std_sort,0.72875
kv32,1000000,97531,equal,3,ska_sort,8.740208
kv32,1000000,97531,equal,3,ska_sort_copy,10.857292
kv32,1000000,97531,equal,3,radixkit,1.218917
kv32,1000000,97531,equal,4,ska_sort,8.832083
kv32,1000000,97531,equal,4,ska_sort_copy,10.712292
kv32,1000000,97531,equal,4,radixkit,1.251916
kv32,1000000,97531,equal,4,std_sort,0.71925
kv32,1000000,97531,equal,5,ska_sort_copy,11.043083
kv32,1000000,97531,equal,5,radixkit,1.251708
kv32,1000000,97531,equal,5,std_sort,0.728375
kv32,1000000,97531,equal,5,ska_sort,8.790042
kv32,1000000,97531,equal,6,radixkit,1.224917
kv32,1000000,97531,equal,6,std_sort,1.240041
kv32,1000000,97531,equal,6,ska_sort,8.603334
kv32,1000000,97531,equal,6,ska_sort_copy,10.998209
kv32,1000000,97531,equal,7,std_sort,0.723625
kv32,1000000,97531,equal,7,ska_sort,8.608583
kv32,1000000,97531,equal,7,ska_sort_copy,11.529667
kv32,1000000,97531,equal,7,radixkit,1.253416
kv32,1000000,97531,equal,8,ska_sort,8.821333
kv32,1000000,97531,equal,8,ska_sort_copy,11.233584
kv32,1000000,97531,equal,8,radixkit,1.253291
kv32,1000000,97531,equal,8,std_sort,1.351458
kv32,1000000,97531,ascending,0,ska_sort,14.624166
kv32,1000000,97531,ascending,0,ska_sort_copy,15.725959
kv32,1000000,97531,ascending,0,radixkit,13.864584
kv32,1000000,97531,ascending,0,std_sort,1.008084
kv32,1000000,97531,ascending,1,ska_sort_copy,14.880459
kv32,1000000,97531,ascending,1,radixkit,13.216542
kv32,1000000,97531,ascending,1,std_sort,0.751667
kv32,1000000,97531,ascending,1,ska_sort,14.205875
kv32,1000000,97531,ascending,2,radixkit,13.488958
kv32,1000000,97531,ascending,2,std_sort,1.361625
kv32,1000000,97531,ascending,2,ska_sort,14.226458
kv32,1000000,97531,ascending,2,ska_sort_copy,15.212083
kv32,1000000,97531,ascending,3,std_sort,0.928
kv32,1000000,97531,ascending,3,ska_sort,14.425041
kv32,1000000,97531,ascending,3,ska_sort_copy,14.992084
kv32,1000000,97531,ascending,3,radixkit,13.69725
kv32,1000000,97531,ascending,4,ska_sort,14.456667
kv32,1000000,97531,ascending,4,ska_sort_copy,14.394583
kv32,1000000,97531,ascending,4,radixkit,13.111167
kv32,1000000,97531,ascending,4,std_sort,0.931166
kv32,1000000,97531,ascending,5,ska_sort_copy,15.441292
kv32,1000000,97531,ascending,5,radixkit,13.301667
kv32,1000000,97531,ascending,5,std_sort,0.799459
kv32,1000000,97531,ascending,5,ska_sort,14.330916
kv32,1000000,97531,ascending,6,radixkit,13.344875
kv32,1000000,97531,ascending,6,std_sort,0.765458
kv32,1000000,97531,ascending,6,ska_sort,14.356958
kv32,1000000,97531,ascending,6,ska_sort_copy,15.579
kv32,1000000,97531,ascending,7,std_sort,1.080625
kv32,1000000,97531,ascending,7,ska_sort,14.822292
kv32,1000000,97531,ascending,7,ska_sort_copy,16.738292
kv32,1000000,97531,ascending,7,radixkit,15.366209
kv32,1000000,97531,ascending,8,ska_sort,14.486083
kv32,1000000,97531,ascending,8,ska_sort_copy,15.574166
kv32,1000000,97531,ascending,8,radixkit,13.832875
kv32,1000000,97531,ascending,8,std_sort,0.766125
kv32,1000000,97531,descending,0,ska_sort,15.982708
kv32,1000000,97531,descending,0,ska_sort_copy,15.01875
kv32,1000000,97531,descending,0,radixkit,13.393875
kv32,1000000,97531,descending,0,std_sort,1.4285
kv32,1000000,97531,descending,1,ska_sort_copy,15.550375
kv32,1000000,97531,descending,1,radixkit,14.083042
kv32,1000000,97531,descending,1,std_sort,2.616166
kv32,1000000,97531,descending,1,ska_sort,15.872083
kv32,1000000,97531,descending,2,radixkit,13.421542
kv32,1000000,97531,descending,2,std_sort,1.281166
kv32,1000000,97531,descending,2,ska_sort,16.245875
kv32,1000000,97531,descending,2,ska_sort_copy,15.119541
kv32,1000000,97531,descending,3,std_sort,1.30525
kv32,1000000,97531,descending,3,ska_sort,16.218375
kv32,1000000,97531,descending,3,ska_sort_copy,15.656125
kv32,1000000,97531,descending,3,radixkit,13.854166
kv32,1000000,97531,descending,4,ska_sort,15.856125
kv32,1000000,97531,descending,4,ska_sort_copy,14.69125
kv32,1000000,97531,descending,4,radixkit,12.725209
kv32,1000000,97531,descending,4,std_sort,1.189875
kv32,1000000,97531,descending,5,ska_sort_copy,14.719083
kv32,1000000,97531,descending,5,radixkit,13.481959
kv32,1000000,97531,descending,5,std_sort,1.265083
kv32,1000000,97531,descending,5,ska_sort,16.075958
kv32,1000000,97531,descending,6,radixkit,13.9025
kv32,1000000,97531,descending,6,std_sort,2.100333
kv32,1000000,97531,descending,6,ska_sort,15.763541
kv32,1000000,97531,descending,6,ska_sort_copy,15.028167
kv32,1000000,97531,descending,7,std_sort,1.717083
kv32,1000000,97531,descending,7,ska_sort,15.935958
kv32,1000000,97531,descending,7,ska_sort_copy,14.851333
kv32,1000000,97531,descending,7,radixkit,13.843959
kv32,1000000,97531,descending,8,ska_sort,16.354834
kv32,1000000,97531,descending,8,ska_sort_copy,15.38
kv32,1000000,97531,descending,8,radixkit,13.581167
kv32,1000000,97531,descending,8,std_sort,1.337208
kv32,1000000,97531,sparse8,0,ska_sort,11.326042
kv32,1000000,97531,sparse8,0,ska_sort_copy,8.216875
kv32,1000000,97531,sparse8,0,radixkit,7.115333
kv32,1000000,97531,sparse8,0,std_sort,26.041625
kv32,1000000,97531,sparse8,1,ska_sort_copy,8.85375
kv32,1000000,97531,sparse8,1,radixkit,7.528708
kv32,1000000,97531,sparse8,1,std_sort,24.611292
kv32,1000000,97531,sparse8,1,ska_sort,10.80175
kv32,1000000,97531,sparse8,2,radixkit,7.06625
kv32,1000000,97531,sparse8,2,std_sort,24.63975
kv32,1000000,97531,sparse8,2,ska_sort,10.924208
kv32,1000000,97531,sparse8,2,ska_sort_copy,7.891291
kv32,1000000,97531,sparse8,3,std_sort,24.848708
kv32,1000000,97531,sparse8,3,ska_sort,10.736667
kv32,1000000,97531,sparse8,3,ska_sort_copy,7.376667
kv32,1000000,97531,sparse8,3,radixkit,6.157125
kv32,1000000,97531,sparse8,4,ska_sort,10.481208
kv32,1000000,97531,sparse8,4,ska_sort_copy,7.540375
kv32,1000000,97531,sparse8,4,radixkit,5.864833
kv32,1000000,97531,sparse8,4,std_sort,24.40075
kv32,1000000,97531,sparse8,5,ska_sort_copy,7.279583
kv32,1000000,97531,sparse8,5,radixkit,6.789666
kv32,1000000,97531,sparse8,5,std_sort,24.320417
kv32,1000000,97531,sparse8,5,ska_sort,10.718875
kv32,1000000,97531,sparse8,6,radixkit,6.658958
kv32,1000000,97531,sparse8,6,std_sort,24.506458
kv32,1000000,97531,sparse8,6,ska_sort,10.824959
kv32,1000000,97531,sparse8,6,ska_sort_copy,7.398875
kv32,1000000,97531,sparse8,7,std_sort,23.930583
kv32,1000000,97531,sparse8,7,ska_sort,10.391083
kv32,1000000,97531,sparse8,7,ska_sort_copy,7.558042
kv32,1000000,97531,sparse8,7,radixkit,6.416791
kv32,1000000,97531,sparse8,8,ska_sort,10.521708
kv32,1000000,97531,sparse8,8,ska_sort_copy,7.481708
kv32,1000000,97531,sparse8,8,radixkit,5.904875
kv32,1000000,97531,sparse8,8,std_sort,24.377333
kv32,1000000,97531,nearly_sorted,0,ska_sort,17.219042
kv32,1000000,97531,nearly_sorted,0,ska_sort_copy,15.621625
kv32,1000000,97531,nearly_sorted,0,radixkit,14.680583
kv32,1000000,97531,nearly_sorted,0,std_sort,2.746917
kv32,1000000,97531,nearly_sorted,1,ska_sort_copy,14.863833
kv32,1000000,97531,nearly_sorted,1,radixkit,13.396083
kv32,1000000,97531,nearly_sorted,1,std_sort,3.27225
kv32,1000000,97531,nearly_sorted,1,ska_sort,16.6215
kv32,1000000,97531,nearly_sorted,2,radixkit,13.115083
kv32,1000000,97531,nearly_sorted,2,std_sort,2.786709
kv32,1000000,97531,nearly_sorted,2,ska_sort,16.83075
kv32,1000000,97531,nearly_sorted,2,ska_sort_copy,14.309291
kv32,1000000,97531,nearly_sorted,3,std_sort,2.541958
kv32,1000000,97531,nearly_sorted,3,ska_sort,16.610375
kv32,1000000,97531,nearly_sorted,3,ska_sort_copy,14.82975
kv32,1000000,97531,nearly_sorted,3,radixkit,13.49275
kv32,1000000,97531,nearly_sorted,4,ska_sort,16.570541
kv32,1000000,97531,nearly_sorted,4,ska_sort_copy,14.655208
kv32,1000000,97531,nearly_sorted,4,radixkit,12.923625
kv32,1000000,97531,nearly_sorted,4,std_sort,2.55475
kv32,1000000,97531,nearly_sorted,5,ska_sort_copy,14.819041
kv32,1000000,97531,nearly_sorted,5,radixkit,13.004416
kv32,1000000,97531,nearly_sorted,5,std_sort,2.734083
kv32,1000000,97531,nearly_sorted,5,ska_sort,16.691791
kv32,1000000,97531,nearly_sorted,6,radixkit,12.888792
kv32,1000000,97531,nearly_sorted,6,std_sort,2.544125
kv32,1000000,97531,nearly_sorted,6,ska_sort,16.638125
kv32,1000000,97531,nearly_sorted,6,ska_sort_copy,15.180125
kv32,1000000,97531,nearly_sorted,7,std_sort,3.264459
kv32,1000000,97531,nearly_sorted,7,ska_sort,16.580667
kv32,1000000,97531,nearly_sorted,7,ska_sort_copy,14.689209
kv32,1000000,97531,nearly_sorted,7,radixkit,13.091792
kv32,1000000,97531,nearly_sorted,8,ska_sort,16.690667
kv32,1000000,97531,nearly_sorted,8,ska_sort_copy,15.231209
kv32,1000000,97531,nearly_sorted,8,radixkit,13.886916
kv32,1000000,97531,nearly_sorted,8,std_sort,2.898167
kv64,1000000,97531,uniform,0,ska_sort,13.49375
kv64,1000000,97531,uniform,0,ska_sort_copy,14.581375
kv64,1000000,97531,uniform,0,radixkit,11.775375
kv64,1000000,97531,uniform,0,std_sort,56.193292
kv64,1000000,97531,uniform,1,ska_sort_copy,13.326291
kv64,1000000,97531,uniform,1,radixkit,12.864208
kv64,1000000,97531,uniform,1,std_sort,56.436792
kv64,1000000,97531,uniform,1,ska_sort,13.821916
kv64,1000000,97531,uniform,2,radixkit,12.399917
kv64,1000000,97531,uniform,2,std_sort,56.32125
kv64,1000000,97531,uniform,2,ska_sort,13.404125
kv64,1000000,97531,uniform,2,ska_sort_copy,15.222125
kv64,1000000,97531,uniform,3,std_sort,56.224125
kv64,1000000,97531,uniform,3,ska_sort,14.385625
kv64,1000000,97531,uniform,3,ska_sort_copy,13.554583
kv64,1000000,97531,uniform,3,radixkit,12.863041
kv64,1000000,97531,uniform,4,ska_sort,13.46425
kv64,1000000,97531,uniform,4,ska_sort_copy,13.923459
kv64,1000000,97531,uniform,4,radixkit,12.395791
kv64,1000000,97531,uniform,4,std_sort,56.567667
kv64,1000000,97531,uniform,5,ska_sort_copy,13.289416
kv64,1000000,97531,uniform,5,radixkit,12.874875
kv64,1000000,97531,uniform,5,std_sort,56.403083
kv64,1000000,97531,uniform,5,ska_sort,13.70575
kv64,1000000,97531,uniform,6,radixkit,12.410875
kv64,1000000,97531,uniform,6,std_sort,57.067583
kv64,1000000,97531,uniform,6,ska_sort,13.685959
kv64,1000000,97531,uniform,6,ska_sort_copy,13.537416
kv64,1000000,97531,uniform,7,std_sort,56.599458
kv64,1000000,97531,uniform,7,ska_sort,13.485958
kv64,1000000,97531,uniform,7,ska_sort_copy,14.748417
kv64,1000000,97531,uniform,7,radixkit,11.897
kv64,1000000,97531,uniform,8,ska_sort,13.620916
kv64,1000000,97531,uniform,8,ska_sort_copy,13.692292
kv64,1000000,97531,uniform,8,radixkit,12.092458
kv64,1000000,97531,uniform,8,std_sort,56.511208
kv64,1000000,97531,uniform16,0,ska_sort,18.413416
kv64,1000000,97531,uniform16,0,ska_sort_copy,18.818792
kv64,1000000,97531,uniform16,0,radixkit,5.986791
kv64,1000000,97531,uniform16,0,std_sort,50.231042
kv64,1000000,97531,uniform16,1,ska_sort_copy,18.136291
kv64,1000000,97531,uniform16,1,radixkit,5.57425
kv64,1000000,97531,uniform16,1,std_sort,50.316334
kv64,1000000,97531,uniform16,1,ska_sort,18.397
kv64,1000000,97531,uniform16,2,radixkit,5.081875
kv64,1000000,97531,uniform16,2,std_sort,50.59125
kv64,1000000,97531,uniform16,2,ska_sort,18.132958
kv64,1000000,97531,uniform16,2,ska_sort_copy,18.402625
kv64,1000000,97531,uniform16,3,std_sort,51.759917
kv64,1000000,97531,uniform16,3,ska_sort,18.787375
kv64,1000000,97531,uniform16,3,ska_sort_copy,18.03575
kv64,1000000,97531,uniform16,3,radixkit,5.679
kv64,1000000,97531,uniform16,4,ska_sort,18.664333
kv64,1000000,97531,uniform16,4,ska_sort_copy,18.612375
kv64,1000000,97531,uniform16,4,radixkit,5.995708
kv64,1000000,97531,uniform16,4,std_sort,50.740917
kv64,1000000,97531,uniform16,5,ska_sort_copy,20.083958
kv64,1000000,97531,uniform16,5,radixkit,6.139625
kv64,1000000,97531,uniform16,5,std_sort,50.369083
kv64,1000000,97531,uniform16,5,ska_sort,19.90275
kv64,1000000,97531,uniform16,6,radixkit,6.181916
kv64,1000000,97531,uniform16,6,std_sort,50.723709
kv64,1000000,97531,uniform16,6,ska_sort,18.484834
kv64,1000000,97531,uniform16,6,ska_sort_copy,18.376375
kv64,1000000,97531,uniform16,7,std_sort,50.797417
kv64,1000000,97531,uniform16,7,ska_sort,18.165
kv64,1000000,97531,uniform16,7,ska_sort_copy,18.875208
kv64,1000000,97531,uniform16,7,radixkit,5.535041
kv64,1000000,97531,uniform16,8,ska_sort,19.080083
kv64,1000000,97531,uniform16,8,ska_sort_copy,18.63125
kv64,1000000,97531,uniform16,8,radixkit,5.545125
kv64,1000000,97531,uniform16,8,std_sort,50.681333
kv64,1000000,97531,zeros99,0,ska_sort,21.937542
kv64,1000000,97531,zeros99,0,ska_sort_copy,22.074625
kv64,1000000,97531,zeros99,0,radixkit,0.475292
kv64,1000000,97531,zeros99,0,std_sort,68.676
kv64,1000000,97531,zeros99,1,ska_sort_copy,21.934667
kv64,1000000,97531,zeros99,1,radixkit,0.43225
kv64,1000000,97531,zeros99,1,std_sort,66.697958
kv64,1000000,97531,zeros99,1,ska_sort,21.852833
kv64,1000000,97531,zeros99,2,radixkit,0.42675
kv64,1000000,97531,zeros99,2,std_sort,65.973875
kv64,1000000,97531,zeros99,2,ska_sort,21.768084
kv64,1000000,97531,zeros99,2,ska_sort_copy,22.025166
kv64,1000000,97531,zeros99,3,std_sort,64.892917
kv64,1000000,97531,zeros99,3,ska_sort,21.837458
kv64,1000000,97531,zeros99,3,ska_sort_copy,22.151334
kv64,1000000,97531,zeros99,3,radixkit,0.4315
kv64,1000000,97531,zeros99,4,ska_sort,21.813125
kv64,1000000,97531,zeros99,4,ska_sort_copy,21.745167
kv64,1000000,97531,zeros99,4,radixkit,0.464083
kv64,1000000,97531,zeros99,4,std_sort,67.242667
kv64,1000000,97531,zeros99,5,ska_sort_copy,22.206
kv64,1000000,97531,zeros99,5,radixkit,0.425833
kv64,1000000,97531,zeros99,5,std_sort,65.95175
kv64,1000000,97531,zeros99,5,ska_sort,21.739041
kv64,1000000,97531,zeros99,6,radixkit,0.433916
kv64,1000000,97531,zeros99,6,std_sort,66.719459
kv64,1000000,97531,zeros99,6,ska_sort,21.938125
kv64,1000000,97531,zeros99,6,ska_sort_copy,22.005083
kv64,1000000,97531,zeros99,7,std_sort,64.652875
kv64,1000000,97531,zeros99,7,ska_sort,21.802083
kv64,1000000,97531,zeros99,7,ska_sort_copy,22.16075
kv64,1000000,97531,zeros99,7,radixkit,0.415042
kv64,1000000,97531,zeros99,8,ska_sort,21.913958
kv64,1000000,97531,zeros99,8,ska_sort_copy,21.694875
kv64,1000000,97531,zeros99,8,radixkit,0.790458
kv64,1000000,97531,zeros99,8,std_sort,65.183166
kv64,1000000,97531,equal,0,ska_sort,17.186917
kv64,1000000,97531,equal,0,ska_sort_copy,17.294
kv64,1000000,97531,equal,0,radixkit,0.518792
kv64,1000000,97531,equal,0,std_sort,0.971625
kv64,1000000,97531,equal,1,ska_sort_copy,17.247916
kv64,1000000,97531,equal,1,radixkit,0.596792
kv64,1000000,97531,equal,1,std_sort,1.060167
kv64,1000000,97531,equal,1,ska_sort,17.332625
kv64,1000000,97531,equal,2,radixkit,0.267875
kv64,1000000,97531,equal,2,std_sort,1.212333
kv64,1000000,97531,equal,2,ska_sort,17.424084
kv64,1000000,97531,equal,2,ska_sort_copy,17.402334
kv64,1000000,97531,equal,3,std_sort,0.993541
kv64,1000000,97531,equal,3,ska_sort,17.295083
kv64,1000000,97531,equal,3,ska_sort_copy,17.197625
kv64,1000000,97531,equal,3,radixkit,0.323291
kv64,1000000,97531,equal,4,ska_sort,17.421792
kv64,1000000,97531,equal,4,ska_sort_copy,17.379542
kv64,1000000,97531,equal,4,radixkit,0.300875
kv64,1000000,97531,equal,4,std_sort,1.015209
kv64,1000000,97531,equal,5,ska_sort_copy,17.283541
kv64,1000000,97531,equal,5,radixkit,0.67025
kv64,1000000,97531,equal,5,std_sort,1.054375
kv64,1000000,97531,equal,5,ska_sort,17.345917
kv64,1000000,97531,equal,6,radixkit,0.269292
kv64,1000000,97531,equal,6,std_sort,1.114875
kv64,1000000,97531,equal,6,ska_sort,17.360666
kv64,1000000,97531,equal,6,ska_sort_copy,17.249167
kv64,1000000,97531,equal,7,std_sort,1.003042
kv64,1000000,97531,equal,7,ska_sort,17.278042
kv64,1000000,97531,equal,7,ska_sort_copy,17.36825
kv64,1000000,97531,equal,7,radixkit,0.2965
kv64,1000000,97531,equal,8,ska_sort,17.350958
kv64,1000000,97531,equal,8,ska_sort_copy,17.339875
kv64,1000000,97531,equal,8,radixkit,0.30425
kv64,1000000,97531,equal,8,std_sort,1.473833
kv64,1000000,97531,ascending,0,ska_sort,23.407292
kv64,1000000,97531,ascending,0,ska_sort_copy,22.774833
kv64,1000000,97531,ascending,0,radixkit,0.648083
kv64,1000000,97531,ascending,0,std_sort,1.06925
kv64,1000000,97531,ascending,1,ska_sort_copy,22.570125
kv64,1000000,97531,ascending,1,radixkit,0.614542
kv64,1000000,97531,ascending,1,std_sort,1.248542
kv64,1000000,97531,ascending,1,ska_sort,22.778834
kv64,1000000,97531,ascending,2,radixkit,0.6415
kv64,1000000,97531,ascending,2,std_sort,0.999708
kv64,1000000,97531,ascending,2,ska_sort,22.712958
kv64,1000000,97531,ascending,2,ska_sort_copy,22.780834
kv64,1000000,97531,ascending,3,std_sort,1.10475
kv64,1000000,97531,ascending,3,ska_sort,23.033
kv64,1000000,97531,ascending,3,ska_sort_copy,22.788959
kv64,1000000,97531,ascending,3,radixkit,0.783333
kv64,1000000,97531,ascending,4,ska_sort,22.760542
kv64,1000000,97531,ascending,4,ska_sort_copy,22.895667
kv64,1000000,97531,ascending,4,radixkit,0.612208
kv64,1000000,97531,ascending,4,std_sort,1.52875
kv64,1000000,97531,ascending,5,ska_sort_copy,22.932458
kv64,1000000,97531,ascending,5,radixkit,0.636375
kv64,1000000,97531,ascending,5,std_sort,1.219375
kv64,1000000,97531,ascending,5,ska_sort,23.021916
kv64,1000000,97531,ascending,6,radixkit,0.634875
kv64,1000000,97531,ascending,6,std_sort,1.003
kv64,1000000,97531,ascending,6,ska_sort,22.785084
kv64,1000000,97531,ascending,6,ska_sort_copy,22.832459
kv64,1000000,97531,ascending,7,std_sort,0.990042
kv64,1000000,97531,ascending,7,ska_sort,22.76925
kv64,1000000,97531,ascending,7,ska_sort_copy,22.527833
kv64,1000000,97531,ascending,7,radixkit,0.841583
kv64,1000000,97531,ascending,8,ska_sort,22.862083
kv64,1000000,97531,ascending,8,ska_sort_copy,23.25225
kv64,1000000,97531,ascending,8,radixkit,0.748291
kv64,1000000,97531,ascending,8,std_sort,1.011209
kv64,1000000,97531,descending,0,ska_sort,24.63325
kv64,1000000,97531,descending,0,ska_sort_copy,24.251333
kv64,1000000,97531,descending,0,radixkit,0.9755
kv64,1000000,97531,descending,0,std_sort,1.593458
kv64,1000000,97531,descending,1,ska_sort_copy,24.378791
kv64,1000000,97531,descending,1,radixkit,1.012417
kv64,1000000,97531,descending,1,std_sort,1.459375
kv64,1000000,97531,descending,1,ska_sort,24.300958
kv64,1000000,97531,descending,2,radixkit,0.982083
kv64,1000000,97531,descending,2,std_sort,2.263041
kv64,1000000,97531,descending,2,ska_sort,24.217708
kv64,1000000,97531,descending,2,ska_sort_copy,24.552834
kv64,1000000,97531,descending,3,std_sort,1.587333
kv64,1000000,97531,descending,3,ska_sort,24.534041
kv64,1000000,97531,descending,3,ska_sort_copy,24.318458
kv64,1000000,97531,descending,3,radixkit,0.981209
kv64,1000000,97531,descending,4,ska_sort,24.216042
kv64,1000000,97531,descending,4,ska_sort_copy,24.321
kv64,1000000,97531,descending,4,radixkit,1.062875
kv64,1000000,97531,descending,4,std_sort,1.445167
kv64,1000000,97531,descending,5,ska_sort_copy,24.395
kv64,1000000,97531,descending,5,radixkit,0.974
kv64,1000000,97531,descending,5,std_sort,1.517542
kv64,1000000,97531,descending,5,ska_sort,24.458292
kv64,1000000,97531,descending,6,radixkit,0.974041
kv64,1000000,97531,descending,6,std_sort,1.801667
kv64,1000000,97531,descending,6,ska_sort,24.653208
kv64,1000000,97531,descending,6,ska_sort_copy,24.4675
kv64,1000000,97531,descending,7,std_sort,1.449083
kv64,1000000,97531,descending,7,ska_sort,24.220125
kv64,1000000,97531,descending,7,ska_sort_copy,24.402
kv64,1000000,97531,descending,7,radixkit,1.08975
kv64,1000000,97531,descending,8,ska_sort,24.392083
kv64,1000000,97531,descending,8,ska_sort_copy,24.384125
kv64,1000000,97531,descending,8,radixkit,1.014042
kv64,1000000,97531,descending,8,std_sort,1.480625
kv64,1000000,97531,sparse8,0,ska_sort,31.688792
kv64,1000000,97531,sparse8,0,ska_sort_copy,31.921959
kv64,1000000,97531,sparse8,0,radixkit,13.831584
kv64,1000000,97531,sparse8,0,std_sort,24.452125
kv64,1000000,97531,sparse8,1,ska_sort_copy,31.775083
kv64,1000000,97531,sparse8,1,radixkit,14.171833
kv64,1000000,97531,sparse8,1,std_sort,24.500167
kv64,1000000,97531,sparse8,1,ska_sort,32.084834
kv64,1000000,97531,sparse8,2,radixkit,14.024834
kv64,1000000,97531,sparse8,2,std_sort,24.482167
kv64,1000000,97531,sparse8,2,ska_sort,32.23725
kv64,1000000,97531,sparse8,2,ska_sort_copy,32.023584
kv64,1000000,97531,sparse8,3,std_sort,24.222041
kv64,1000000,97531,sparse8,3,ska_sort,31.975167
kv64,1000000,97531,sparse8,3,ska_sort_copy,32.091625
kv64,1000000,97531,sparse8,3,radixkit,14.203959
kv64,1000000,97531,sparse8,4,ska_sort,31.82075
kv64,1000000,97531,sparse8,4,ska_sort_copy,32.096875
kv64,1000000,97531,sparse8,4,radixkit,14.255375
kv64,1000000,97531,sparse8,4,std_sort,24.287709
kv64,1000000,97531,sparse8,5,ska_sort_copy,32.206041
kv64,1000000,97531,sparse8,5,radixkit,14.118875
kv64,1000000,97531,sparse8,5,std_sort,24.680875
kv64,1000000,97531,sparse8,5,ska_sort,31.71625
kv64,1000000,97531,sparse8,6,radixkit,13.543458
kv64,1000000,97531,sparse8,6,std_sort,24.362875
kv64,1000000,97531,sparse8,6,ska_sort,31.843917
kv64,1000000,97531,sparse8,6,ska_sort_copy,32.014083
kv64,1000000,97531,sparse8,7,std_sort,24.70625
kv64,1000000,97531,sparse8,7,ska_sort,32.056709
kv64,1000000,97531,sparse8,7,ska_sort_copy,31.826625
kv64,1000000,97531,sparse8,7,radixkit,14.018167
kv64,1000000,97531,sparse8,8,ska_sort,31.958791
kv64,1000000,97531,sparse8,8,ska_sort_copy,32.3355
kv64,1000000,97531,sparse8,8,radixkit,13.938708
kv64,1000000,97531,sparse8,8,std_sort,24.462042
kv64,1000000,97531,nearly_sorted,0,ska_sort,25.374
kv64,1000000,97531,nearly_sorted,0,ska_sort_copy,25.178417
kv64,1000000,97531,nearly_sorted,0,radixkit,9.860667
kv64,1000000,97531,nearly_sorted,0,std_sort,3.759667
kv64,1000000,97531,nearly_sorted,1,ska_sort_copy,25.177125
kv64,1000000,97531,nearly_sorted,1,radixkit,9.980583
kv64,1000000,97531,nearly_sorted,1,std_sort,3.500584
kv64,1000000,97531,nearly_sorted,1,ska_sort,25.153
kv64,1000000,97531,nearly_sorted,2,radixkit,10.297625
kv64,1000000,97531,nearly_sorted,2,std_sort,3.300167
kv64,1000000,97531,nearly_sorted,2,ska_sort,25.061667
kv64,1000000,97531,nearly_sorted,2,ska_sort_copy,25.588167
kv64,1000000,97531,nearly_sorted,3,std_sort,2.985125
kv64,1000000,97531,nearly_sorted,3,ska_sort,25.303916
kv64,1000000,97531,nearly_sorted,3,ska_sort_copy,25.160375
kv64,1000000,97531,nearly_sorted,3,radixkit,10.32375
kv64,1000000,97531,nearly_sorted,4,ska_sort,25.259
kv64,1000000,97531,nearly_sorted,4,ska_sort_copy,25.100208
kv64,1000000,97531,nearly_sorted,4,radixkit,10.507417
kv64,1000000,97531,nearly_sorted,4,std_sort,3.046083
kv64,1000000,97531,nearly_sorted,5,ska_sort_copy,25.188042
kv64,1000000,97531,nearly_sorted,5,radixkit,10.416916
kv64,1000000,97531,nearly_sorted,5,std_sort,3.058416
kv64,1000000,97531,nearly_sorted,5,ska_sort,25.064167
kv64,1000000,97531,nearly_sorted,6,radixkit,10.389917
kv64,1000000,97531,nearly_sorted,6,std_sort,3.086667
kv64,1000000,97531,nearly_sorted,6,ska_sort,25.42825
kv64,1000000,97531,nearly_sorted,6,ska_sort_copy,25.422084
kv64,1000000,97531,nearly_sorted,7,std_sort,3.147417
kv64,1000000,97531,nearly_sorted,7,ska_sort,25.127917
kv64,1000000,97531,nearly_sorted,7,ska_sort_copy,25.469875
kv64,1000000,97531,nearly_sorted,7,radixkit,9.960709
kv64,1000000,97531,nearly_sorted,8,ska_sort,25.244625
kv64,1000000,97531,nearly_sorted,8,ska_sort_copy,25.362
kv64,1000000,97531,nearly_sorted,8,radixkit,10.310458
kv64,1000000,97531,nearly_sorted,8,std_sort,3.006916
